"base","mode","module","version","dep_one","dep_one_version","dep_two","dep_two_version"
"perl:5.38","baseline","Mail::AuthenticationResults::Header::Version","2.20260216","","","",""
"perl:5.38","vary-one","Mail::AuthenticationResults::Header::Version","2.20260216","Scalar::Util","1.70","",""
"perl:5.38","vary-one","Mail::AuthenticationResults::Header::Version","2.20260216","Scalar::Util","0.10","",""
"perl:5.38","vary-one","Mail::AuthenticationResults::Header::Version","2.20260216","base","2.23","",""
"perl:5.38","vary-one","Mail::AuthenticationResults::Header::Version","2.20260216","base","2.0","",""
"perl:5.38","vary-one","Mail::AuthenticationResults::Header::Version","2.20260216","Clone","0.50","",""
"perl:5.38","vary-one","Mail::AuthenticationResults::Header::Version","2.20260216","Clone","0.06","",""
"perl:5.38","vary-two","Mail::AuthenticationResults::Header::Version","2.20260216","Scalar::Util","1.70","base","2.23"
"perl:5.38","vary-two","Mail::AuthenticationResults::Header::Version","2.20260216","Scalar::Util","1.70","base","2.0"
"perl:5.38","vary-two","Mail::AuthenticationResults::Header::Version","2.20260216","Scalar::Util","0.10","base","2.23"
"perl:5.38","vary-two","Mail::AuthenticationResults::Header::Version","2.20260216","Scalar::Util","0.10","base","2.0"
"perl:5.38","vary-two","Mail::AuthenticationResults::Header::Version","2.20260216","Clone","0.50","Scalar::Util","1.70"
"perl:5.38","vary-two","Mail::AuthenticationResults::Header::Version","2.20260216","Clone","0.06","Scalar::Util","1.70"
"perl:5.38","vary-two","Mail::AuthenticationResults::Header::Version","2.20260216","Clone","0.50","Scalar::Util","0.10"
"perl:5.38","vary-two","Mail::AuthenticationResults::Header::Version","2.20260216","Clone","0.06","Scalar::Util","0.10"
"perl:5.38","vary-two","Mail::AuthenticationResults::Header::Version","2.20260216","Clone","0.50","base","2.23"
"perl:5.38","vary-two","Mail::AuthenticationResults::Header::Version","2.20260216","Clone","0.06","base","2.23"
"perl:5.38","vary-two","Mail::AuthenticationResults::Header::Version","2.20260216","Clone","0.50","base","2.0"
"perl:5.38","vary-two","Mail::AuthenticationResults::Header::Version","2.20260216","Clone","0.06","base","2.0"
"perl:5.38","baseline","Protocol::HTTP2::Frame::Rst_stream","1.13","","","",""
"perl:5.38","vary-one","Protocol::HTTP2::Frame::Rst_stream","1.13","Module::Build::Tiny","0.053","",""
"perl:5.38","vary-one","Protocol::HTTP2::Frame::Rst_stream","1.13","Module::Build::Tiny","0.006","",""
"perl:5.38","vary-one","Protocol::HTTP2::Frame::Rst_stream","1.13","MIME::Base64","3.16","",""
"perl:5.38","vary-one","Protocol::HTTP2::Frame::Rst_stream","1.13","MIME::Base64","2.00","",""
"perl:5.38","vary-one","Protocol::HTTP2::Frame::Rst_stream","1.13","Scalar::Util","1.70","",""
"perl:5.38","vary-one","Protocol::HTTP2::Frame::Rst_stream","1.13","Scalar::Util","0.10","",""
"perl:5.38","vary-two","Protocol::HTTP2::Frame::Rst_stream","1.13","MIME::Base64","3.16","Module::Build::Tiny","0.053"
"perl:5.38","vary-two","Protocol::HTTP2::Frame::Rst_stream","1.13","MIME::Base64","2.00","Module::Build::Tiny","0.053"
"perl:5.38","vary-two","Protocol::HTTP2::Frame::Rst_stream","1.13","MIME::Base64","3.16","Module::Build::Tiny","0.006"
"perl:5.38","vary-two","Protocol::HTTP2::Frame::Rst_stream","1.13","MIME::Base64","2.00","Module::Build::Tiny","0.006"
"perl:5.38","vary-two","Protocol::HTTP2::Frame::Rst_stream","1.13","Module::Build::Tiny","0.053","Scalar::Util","1.70"
"perl:5.38","vary-two","Protocol::HTTP2::Frame::Rst_stream","1.13","Module::Build::Tiny","0.053","Scalar::Util","0.10"
"perl:5.38","vary-two","Protocol::HTTP2::Frame::Rst_stream","1.13","Module::Build::Tiny","0.006","Scalar::Util","1.70"
"perl:5.38","vary-two","Protocol::HTTP2::Frame::Rst_stream","1.13","Module::Build::Tiny","0.006","Scalar::Util","0.10"
"perl:5.38","vary-two","Protocol::HTTP2::Frame::Rst_stream","1.13","MIME::Base64","3.16","Scalar::Util","1.70"
"perl:5.38","vary-two","Protocol::HTTP2::Frame::Rst_stream","1.13","MIME::Base64","3.16","Scalar::Util","0.10"
"perl:5.38","vary-two","Protocol::HTTP2::Frame::Rst_stream","1.13","MIME::Base64","2.00","Scalar::Util","1.70"
"perl:5.38","vary-two","Protocol::HTTP2::Frame::Rst_stream","1.13","MIME::Base64","2.00","Scalar::Util","0.10"
"perl:5.38","baseline","Crypt::Keys::Buffer","0.06","","","",""
"perl:5.38","baseline","DBIO::ResultSource::RowParser","0.900002","","","",""
"perl:5.38","vary-one","DBIO::ResultSource::RowParser","0.900002","namespace::clean","0.27","",""
"perl:5.38","vary-one","DBIO::ResultSource::RowParser","0.900002","namespace::clean","0.01","",""
"perl:5.38","vary-one","DBIO::ResultSource::RowParser","0.900002","Lingua::EN::Inflect::Phrase","0.20","",""
"perl:5.38","vary-one","DBIO::ResultSource::RowParser","0.900002","Lingua::EN::Inflect::Phrase","0.01","",""
"perl:5.38","vary-one","DBIO::ResultSource::RowParser","0.900002","Sub::Util","1.70","",""
"perl:5.38","vary-one","DBIO::ResultSource::RowParser","0.900002","Sub::Util","0.10","",""
"perl:5.38","vary-two","DBIO::ResultSource::RowParser","0.900002","Lingua::EN::Inflect::Phrase","0.20","namespace::clean","0.27"
"perl:5.38","vary-two","DBIO::ResultSource::RowParser","0.900002","Lingua::EN::Inflect::Phrase","0.01","namespace::clean","0.27"
"perl:5.38","vary-two","DBIO::ResultSource::RowParser","0.900002","Lingua::EN::Inflect::Phrase","0.20","namespace::clean","0.01"
"perl:5.38","vary-two","DBIO::ResultSource::RowParser","0.900002","Lingua::EN::Inflect::Phrase","0.01","namespace::clean","0.01"
"perl:5.38","vary-two","DBIO::ResultSource::RowParser","0.900002","Sub::Util","1.70","namespace::clean","0.27"
"perl:5.38","vary-two","DBIO::ResultSource::RowParser","0.900002","Sub::Util","0.10","namespace::clean","0.27"
"perl:5.38","vary-two","DBIO::ResultSource::RowParser","0.900002","Sub::Util","1.70","namespace::clean","0.01"
"perl:5.38","vary-two","DBIO::ResultSource::RowParser","0.900002","Sub::Util","0.10","namespace::clean","0.01"
"perl:5.38","vary-two","DBIO::ResultSource::RowParser","0.900002","Lingua::EN::Inflect::Phrase","0.20","Sub::Util","1.70"
"perl:5.38","vary-two","DBIO::ResultSource::RowParser","0.900002","Lingua::EN::Inflect::Phrase","0.20","Sub::Util","0.10"
"perl:5.38","vary-two","DBIO::ResultSource::RowParser","0.900002","Lingua::EN::Inflect::Phrase","0.01","Sub::Util","1.70"
"perl:5.38","vary-two","DBIO::ResultSource::RowParser","0.900002","Lingua::EN::Inflect::Phrase","0.01","Sub::Util","0.10"
"perl:5.38","baseline","Google::Api::Client::Types","0.02","","","",""
"perl:5.38","vary-one","Google::Api::Client::Types","0.02","Protobuf","0.10","",""
"perl:5.38","vary-one","Google::Api::Client::Types","0.02","Protobuf","0.001","",""
"perl:5.38","baseline","Moose::Exception::IncompatibleMetaclassOfSuperclass","2.4000","","","",""
"perl:5.38","vary-one","Moose::Exception::IncompatibleMetaclassOfSuperclass","2.4000","Dist::CheckConflicts","0.11","",""
"perl:5.38","vary-one","Moose::Exception::IncompatibleMetaclassOfSuperclass","2.4000","Dist::CheckConflicts","0.01","",""
"perl:5.38","vary-one","Moose::Exception::IncompatibleMetaclassOfSuperclass","2.4000","Module::Runtime::Conflicts","0.003","",""
"perl:5.38","vary-one","Moose::Exception::IncompatibleMetaclassOfSuperclass","2.4000","Module::Runtime::Conflicts","0.001","",""
"perl:5.38","vary-one","Moose::Exception::IncompatibleMetaclassOfSuperclass","2.4000","Params::Util","1.102","",""
"perl:5.38","vary-one","Moose::Exception::IncompatibleMetaclassOfSuperclass","2.4000","Params::Util","0.01","",""
"perl:5.38","vary-two","Moose::Exception::IncompatibleMetaclassOfSuperclass","2.4000","Dist::CheckConflicts","0.11","Module::Runtime::Conflicts","0.003"
"perl:5.38","vary-two","Moose::Exception::IncompatibleMetaclassOfSuperclass","2.4000","Dist::CheckConflicts","0.11","Module::Runtime::Conflicts","0.001"
"perl:5.38","vary-two","Moose::Exception::IncompatibleMetaclassOfSuperclass","2.4000","Dist::CheckConflicts","0.01","Module::Runtime::Conflicts","0.003"
"perl:5.38","vary-two","Moose::Exception::IncompatibleMetaclassOfSuperclass","2.4000","Dist::CheckConflicts","0.01","Module::Runtime::Conflicts","0.001"
"perl:5.38","vary-two","Moose::Exception::IncompatibleMetaclassOfSuperclass","2.4000","Dist::CheckConflicts","0.11","Params::Util","1.102"
"perl:5.38","vary-two","Moose::Exception::IncompatibleMetaclassOfSuperclass","2.4000","Dist::CheckConflicts","0.11","Params::Util","0.01"
"perl:5.38","vary-two","Moose::Exception::IncompatibleMetaclassOfSuperclass","2.4000","Dist::CheckConflicts","0.01","Params::Util","1.102"
"perl:5.38","vary-two","Moose::Exception::IncompatibleMetaclassOfSuperclass","2.4000","Dist::CheckConflicts","0.01","Params::Util","0.01"
"perl:5.38","vary-two","Moose::Exception::IncompatibleMetaclassOfSuperclass","2.4000","Module::Runtime::Conflicts","0.003","Params::Util","1.102"
"perl:5.38","vary-two","Moose::Exception::IncompatibleMetaclassOfSuperclass","2.4000","Module::Runtime::Conflicts","0.003","Params::Util","0.01"
"perl:5.38","vary-two","Moose::Exception::IncompatibleMetaclassOfSuperclass","2.4000","Module::Runtime::Conflicts","0.001","Params::Util","1.102"
"perl:5.38","vary-two","Moose::Exception::IncompatibleMetaclassOfSuperclass","2.4000","Module::Runtime::Conflicts","0.001","Params::Util","0.01"
"perl:5.38","baseline","Mail::Decency::ContentFilter::Razor","v0.1.6","","","",""
"perl:5.38","baseline","SemanticWeb::Schema::EventAttendanceModeEnumeration","v23.0.0","","","",""
"perl:5.38","vary-one","SemanticWeb::Schema::EventAttendanceModeEnumeration","v23.0.0","Moo","2.005005","",""
"perl:5.38","vary-one","SemanticWeb::Schema::EventAttendanceModeEnumeration","v23.0.0","Moo","0.009001","",""
"perl:5.38","vary-one","SemanticWeb::Schema::EventAttendanceModeEnumeration","v23.0.0","MooX::JSON_LD","v2.1.0","",""
"perl:5.38","vary-one","SemanticWeb::Schema::EventAttendanceModeEnumeration","v23.0.0","MooX::JSON_LD","v0.0.1","",""
"perl:5.38","vary-one","SemanticWeb::Schema::EventAttendanceModeEnumeration","v23.0.0","Types::Standard","2.010001","",""
"perl:5.38","vary-one","SemanticWeb::Schema::EventAttendanceModeEnumeration","v23.0.0","Types::Standard","0.001","",""
"perl:5.38","vary-two","SemanticWeb::Schema::EventAttendanceModeEnumeration","v23.0.0","Moo","2.005005","MooX::JSON_LD","v2.1.0"
"perl:5.38","vary-two","SemanticWeb::Schema::EventAttendanceModeEnumeration","v23.0.0","Moo","2.005005","MooX::JSON_LD","v0.0.1"
"perl:5.38","vary-two","SemanticWeb::Schema::EventAttendanceModeEnumeration","v23.0.0","Moo","0.009001","MooX::JSON_LD","v2.1.0"
"perl:5.38","vary-two","SemanticWeb::Schema::EventAttendanceModeEnumeration","v23.0.0","Moo","0.009001","MooX::JSON_LD","v0.0.1"
"perl:5.38","vary-two","SemanticWeb::Schema::EventAttendanceModeEnumeration","v23.0.0","Moo","2.005005","Types::Standard","2.010001"
"perl:5.38","vary-two","SemanticWeb::Schema::EventAttendanceModeEnumeration","v23.0.0","Moo","2.005005","Types::Standard","0.001"
"perl:5.38","vary-two","SemanticWeb::Schema::EventAttendanceModeEnumeration","v23.0.0","Moo","0.009001","Types::Standard","2.010001"
"perl:5.38","vary-two","SemanticWeb::Schema::EventAttendanceModeEnumeration","v23.0.0","Moo","0.009001","Types::Standard","0.001"
"perl:5.38","vary-two","SemanticWeb::Schema::EventAttendanceModeEnumeration","v23.0.0","MooX::JSON_LD","v2.1.0","Types::Standard","2.010001"
"perl:5.38","vary-two","SemanticWeb::Schema::EventAttendanceModeEnumeration","v23.0.0","MooX::JSON_LD","v2.1.0","Types::Standard","0.001"
"perl:5.38","vary-two","SemanticWeb::Schema::EventAttendanceModeEnumeration","v23.0.0","MooX::JSON_LD","v0.0.1","Types::Standard","2.010001"
"perl:5.38","vary-two","SemanticWeb::Schema::EventAttendanceModeEnumeration","v23.0.0","MooX::JSON_LD","v0.0.1","Types::Standard","0.001"
"perl:5.38","baseline","Test::DBUnit","0.20","","","",""
"perl:5.38","vary-one","Test::DBUnit","0.20","Sub::Uplevel","0.2800","",""
"perl:5.38","vary-one","Test::DBUnit","0.20","Sub::Uplevel","0.03","",""
"perl:5.38","vary-one","Test::DBUnit","0.20","Test::Builder","1.302222","",""
"perl:5.38","vary-one","Test::DBUnit","0.20","Test::Builder","0.01","",""
"perl:5.38","vary-one","Test::DBUnit","0.20","IO::File","1.55","",""
"perl:5.38","vary-one","Test::DBUnit","0.20","IO::File","1.07","",""
"perl:5.38","vary-two","Test::DBUnit","0.20","Sub::Uplevel","0.2800","Test::Builder","1.302222"
"perl:5.38","vary-two","Test::DBUnit","0.20","Sub::Uplevel","0.2800","Test::Builder","0.01"
"perl:5.38","vary-two","Test::DBUnit","0.20","Sub::Uplevel","0.03","Test::Builder","1.302222"
"perl:5.38","vary-two","Test::DBUnit","0.20","Sub::Uplevel","0.03","Test::Builder","0.01"
"perl:5.38","vary-two","Test::DBUnit","0.20","IO::File","1.55","Sub::Uplevel","0.2800"
"perl:5.38","vary-two","Test::DBUnit","0.20","IO::File","1.07","Sub::Uplevel","0.2800"
"perl:5.38","vary-two","Test::DBUnit","0.20","IO::File","1.55","Sub::Uplevel","0.03"
"perl:5.38","vary-two","Test::DBUnit","0.20","IO::File","1.07","Sub::Uplevel","0.03"
"perl:5.38","vary-two","Test::DBUnit","0.20","IO::File","1.55","Test::Builder","1.302222"
"perl:5.38","vary-two","Test::DBUnit","0.20","IO::File","1.07","Test::Builder","1.302222"
"perl:5.38","vary-two","Test::DBUnit","0.20","IO::File","1.55","Test::Builder","0.01"
"perl:5.38","vary-two","Test::DBUnit","0.20","IO::File","1.07","Test::Builder","0.01"
"perl:5.38","baseline","TripleStore::Driver::SQLResultSet","0.03","","","",""
"perl:5.38","baseline","Net::Gnip::Activity::Payload","0.3","","","",""
"perl:5.38","vary-one","Net::Gnip::Activity::Payload","0.3","XML::LibXML","2.0213","",""
"perl:5.38","vary-one","Net::Gnip::Activity::Payload","0.3","XML::LibXML","0.91","",""
"perl:5.38","vary-one","Net::Gnip::Activity::Payload","0.3","DateTime::Format::Strptime","1.80","",""
"perl:5.38","vary-one","Net::Gnip::Activity::Payload","0.3","DateTime::Format::Strptime","1.00","",""
"perl:5.38","vary-one","Net::Gnip::Activity::Payload","0.3","LWP::UserAgent","6.83","",""
"perl:5.38","vary-one","Net::Gnip::Activity::Payload","0.3","LWP::UserAgent","5","",""
"perl:5.38","vary-two","Net::Gnip::Activity::Payload","0.3","DateTime::Format::Strptime","1.80","XML::LibXML","2.0213"
"perl:5.38","vary-two","Net::Gnip::Activity::Payload","0.3","DateTime::Format::Strptime","1.00","XML::LibXML","2.0213"
"perl:5.38","vary-two","Net::Gnip::Activity::Payload","0.3","DateTime::Format::Strptime","1.80","XML::LibXML","0.91"
"perl:5.38","vary-two","Net::Gnip::Activity::Payload","0.3","DateTime::Format::Strptime","1.00","XML::LibXML","0.91"
"perl:5.38","vary-two","Net::Gnip::Activity::Payload","0.3","LWP::UserAgent","6.83","XML::LibXML","2.0213"
"perl:5.38","vary-two","Net::Gnip::Activity::Payload","0.3","LWP::UserAgent","5","XML::LibXML","2.0213"
"perl:5.38","vary-two","Net::Gnip::Activity::Payload","0.3","LWP::UserAgent","6.83","XML::LibXML","0.91"
"perl:5.38","vary-two","Net::Gnip::Activity::Payload","0.3","LWP::UserAgent","5","XML::LibXML","0.91"
"perl:5.38","vary-two","Net::Gnip::Activity::Payload","0.3","DateTime::Format::Strptime","1.80","LWP::UserAgent","6.83"
"perl:5.38","vary-two","Net::Gnip::Activity::Payload","0.3","DateTime::Format::Strptime","1.80","LWP::UserAgent","5"
"perl:5.38","vary-two","Net::Gnip::Activity::Payload","0.3","DateTime::Format::Strptime","1.00","LWP::UserAgent","6.83"
"perl:5.38","vary-two","Net::Gnip::Activity::Payload","0.3","DateTime::Format::Strptime","1.00","LWP::UserAgent","5"
"perl:5.38","baseline","Module::Changes::Base","0.05","","","",""
"perl:5.38","vary-one","Module::Changes::Base","0.05","Test::Compile","v3.3.3","",""
"perl:5.38","vary-one","Module::Changes::Base","0.05","Test::Compile","0.01","",""
"perl:5.38","vary-one","Module::Changes::Base","0.05","Test::Differences","0.72","",""
"perl:5.38","vary-one","Module::Changes::Base","0.05","Test::Differences","0.2","",""
"perl:5.38","vary-one","Module::Changes::Base","0.05","Test::More","1.302222","",""
"perl:5.38","vary-one","Module::Changes::Base","0.05","Test::More","0.01","",""
"perl:5.38","vary-two","Module::Changes::Base","0.05","Test::Compile","v3.3.3","Test::Differences","0.72"
"perl:5.38","vary-two","Module::Changes::Base","0.05","Test::Compile","v3.3.3","Test::Differences","0.2"
"perl:5.38","vary-two","Module::Changes::Base","0.05","Test::Compile","0.01","Test::Differences","0.72"
"perl:5.38","vary-two","Module::Changes::Base","0.05","Test::Compile","0.01","Test::Differences","0.2"
"perl:5.38","vary-two","Module::Changes::Base","0.05","Test::Compile","v3.3.3","Test::More","1.302222"
"perl:5.38","vary-two","Module::Changes::Base","0.05","Test::Compile","v3.3.3","Test::More","0.01"
"perl:5.38","vary-two","Module::Changes::Base","0.05","Test::Compile","0.01","Test::More","1.302222"
"perl:5.38","vary-two","Module::Changes::Base","0.05","Test::Compile","0.01","Test::More","0.01"
"perl:5.38","vary-two","Module::Changes::Base","0.05","Test::Differences","0.72","Test::More","1.302222"
"perl:5.38","vary-two","Module::Changes::Base","0.05","Test::Differences","0.72","Test::More","0.01"
"perl:5.38","vary-two","Module::Changes::Base","0.05","Test::Differences","0.2","Test::More","1.302222"
"perl:5.38","vary-two","Module::Changes::Base","0.05","Test::Differences","0.2","Test::More","0.01"
"perl:5.38","baseline","re::engine::Hooks","0.06","","","",""
"perl:5.38","vary-one","re::engine::Hooks","0.06","ExtUtils::Depends","0.8002","",""
"perl:5.38","vary-one","re::engine::Hooks","0.06","ExtUtils::Depends","0.1","",""
"perl:5.38","vary-one","re::engine::Hooks","0.06","Test::More","1.302222","",""
"perl:5.38","vary-one","re::engine::Hooks","0.06","Test::More","0.01","",""
"perl:5.38","vary-one","re::engine::Hooks","0.06","File::Spec","3.75","",""
"perl:5.38","vary-one","re::engine::Hooks","0.06","File::Spec","3.00","",""
"perl:5.38","vary-two","re::engine::Hooks","0.06","ExtUtils::Depends","0.8002","Test::More","1.302222"
"perl:5.38","vary-two","re::engine::Hooks","0.06","ExtUtils::Depends","0.8002","Test::More","0.01"
"perl:5.38","vary-two","re::engine::Hooks","0.06","ExtUtils::Depends","0.1","Test::More","1.302222"
"perl:5.38","vary-two","re::engine::Hooks","0.06","ExtUtils::Depends","0.1","Test::More","0.01"
"perl:5.38","vary-two","re::engine::Hooks","0.06","ExtUtils::Depends","0.8002","File::Spec","3.75"
"perl:5.38","vary-two","re::engine::Hooks","0.06","ExtUtils::Depends","0.8002","File::Spec","3.00"
"perl:5.38","vary-two","re::engine::Hooks","0.06","ExtUtils::Depends","0.1","File::Spec","3.75"
"perl:5.38","vary-two","re::engine::Hooks","0.06","ExtUtils::Depends","0.1","File::Spec","3.00"
"perl:5.38","vary-two","re::engine::Hooks","0.06","File::Spec","3.75","Test::More","1.302222"
"perl:5.38","vary-two","re::engine::Hooks","0.06","File::Spec","3.00","Test::More","1.302222"
"perl:5.38","vary-two","re::engine::Hooks","0.06","File::Spec","3.75","Test::More","0.01"
"perl:5.38","vary-two","re::engine::Hooks","0.06","File::Spec","3.00","Test::More","0.01"
"perl:5.38","baseline","Egg::Plugin::Filter::Plugin::Japanese","3.14","","","",""
"perl:5.38","vary-one","Egg::Plugin::Filter::Plugin::Japanese","3.14","URI","5.35","",""
"perl:5.38","vary-one","Egg::Plugin::Filter::Plugin::Japanese","3.14","URI","0.01","",""
"perl:5.38","vary-one","Egg::Plugin::Filter::Plugin::Japanese","3.14","Class::Data::Inheritable","0.10","",""
"perl:5.38","vary-one","Egg::Plugin::Filter::Plugin::Japanese","3.14","Class::Data::Inheritable","0.02","",""
"perl:5.38","vary-one","Egg::Plugin::Filter::Plugin::Japanese","3.14","HTML::Mason","1.60","",""
"perl:5.38","vary-one","Egg::Plugin::Filter::Plugin::Japanese","3.14","HTML::Mason","0.1","",""
"perl:5.38","vary-two","Egg::Plugin::Filter::Plugin::Japanese","3.14","Class::Data::Inheritable","0.10","URI","5.35"
"perl:5.38","vary-two","Egg::Plugin::Filter::Plugin::Japanese","3.14","Class::Data::Inheritable","0.02","URI","5.35"
"perl:5.38","vary-two","Egg::Plugin::Filter::Plugin::Japanese","3.14","Class::Data::Inheritable","0.10","URI","0.01"
"perl:5.38","vary-two","Egg::Plugin::Filter::Plugin::Japanese","3.14","Class::Data::Inheritable","0.02","URI","0.01"
"perl:5.38","vary-two","Egg::Plugin::Filter::Plugin::Japanese","3.14","HTML::Mason","1.60","URI","5.35"
"perl:5.38","vary-two","Egg::Plugin::Filter::Plugin::Japanese","3.14","HTML::Mason","0.1","URI","5.35"
"perl:5.38","vary-two","Egg::Plugin::Filter::Plugin::Japanese","3.14","HTML::Mason","1.60","URI","0.01"
"perl:5.38","vary-two","Egg::Plugin::Filter::Plugin::Japanese","3.14","HTML::Mason","0.1","URI","0.01"
"perl:5.38","vary-two","Egg::Plugin::Filter::Plugin::Japanese","3.14","Class::Data::Inheritable","0.10","HTML::Mason","1.60"
"perl:5.38","vary-two","Egg::Plugin::Filter::Plugin::Japanese","3.14","Class::Data::Inheritable","0.10","HTML::Mason","0.1"
"perl:5.38","vary-two","Egg::Plugin::Filter::Plugin::Japanese","3.14","Class::Data::Inheritable","0.02","HTML::Mason","1.60"
"perl:5.38","vary-two","Egg::Plugin::Filter::Plugin::Japanese","3.14","Class::Data::Inheritable","0.02","HTML::Mason","0.1"
"perl:5.38","baseline","RDF::RDFa::Parser::InitialContext","1.097","","","",""
"perl:5.38","vary-one","RDF::RDFa::Parser::InitialContext","1.097","Scalar::Util","1.70","",""
"perl:5.38","vary-one","RDF::RDFa::Parser::InitialContext","1.097","Scalar::Util","0.10","",""
"perl:5.38","vary-one","RDF::RDFa::Parser::InitialContext","1.097","URI","5.35","",""
"perl:5.38","vary-one","RDF::RDFa::Parser::InitialContext","1.097","URI","0.01","",""
"perl:5.38","vary-one","RDF::RDFa::Parser::InitialContext","1.097","parent","0.244","",""
"perl:5.38","vary-one","RDF::RDFa::Parser::InitialContext","1.097","parent","0.215","",""
"perl:5.38","vary-two","RDF::RDFa::Parser::InitialContext","1.097","Scalar::Util","1.70","URI","5.35"
"perl:5.38","vary-two","RDF::RDFa::Parser::InitialContext","1.097","Scalar::Util","1.70","URI","0.01"
"perl:5.38","vary-two","RDF::RDFa::Parser::InitialContext","1.097","Scalar::Util","0.10","URI","5.35"
"perl:5.38","vary-two","RDF::RDFa::Parser::InitialContext","1.097","Scalar::Util","0.10","URI","0.01"
"perl:5.38","vary-two","RDF::RDFa::Parser::InitialContext","1.097","Scalar::Util","1.70","parent","0.244"
"perl:5.38","vary-two","RDF::RDFa::Parser::InitialContext","1.097","Scalar::Util","1.70","parent","0.215"
"perl:5.38","vary-two","RDF::RDFa::Parser::InitialContext","1.097","Scalar::Util","0.10","parent","0.244"
"perl:5.38","vary-two","RDF::RDFa::Parser::InitialContext","1.097","Scalar::Util","0.10","parent","0.215"
"perl:5.38","vary-two","RDF::RDFa::Parser::InitialContext","1.097","URI","5.35","parent","0.244"
"perl:5.38","vary-two","RDF::RDFa::Parser::InitialContext","1.097","URI","5.35","parent","0.215"
"perl:5.38","vary-two","RDF::RDFa::Parser::InitialContext","1.097","URI","0.01","parent","0.244"
"perl:5.38","vary-two","RDF::RDFa::Parser::InitialContext","1.097","URI","0.01","parent","0.215"
"perl:5.38","baseline","Net::LDNS::RR::RT","0.75","","","",""
"perl:5.38","vary-one","Net::LDNS::RR::RT","0.75","ExtUtils::ParseXS","3.63","",""
"perl:5.38","vary-one","Net::LDNS::RR::RT","0.75","ExtUtils::ParseXS","1.99","",""
"perl:5.38","vary-one","Net::LDNS::RR::RT","0.75","Devel::CheckLib","1.16","",""
"perl:5.38","vary-one","Net::LDNS::RR::RT","0.75","Devel::CheckLib","0.2","",""
"perl:5.38","vary-one","Net::LDNS::RR::RT","0.75","Devel::PPPort","3.68","",""
"perl:5.38","vary-one","Net::LDNS::RR::RT","0.75","Devel::PPPort","1.0004","",""
"perl:5.38","vary-two","Net::LDNS::RR::RT","0.75","Devel::CheckLib","1.16","ExtUtils::ParseXS","3.63"
"perl:5.38","vary-two","Net::LDNS::RR::RT","0.75","Devel::CheckLib","0.2","ExtUtils::ParseXS","3.63"
"perl:5.38","vary-two","Net::LDNS::RR::RT","0.75","Devel::CheckLib","1.16","ExtUtils::ParseXS","1.99"
"perl:5.38","vary-two","Net::LDNS::RR::RT","0.75","Devel::CheckLib","0.2","ExtUtils::ParseXS","1.99"
"perl:5.38","vary-two","Net::LDNS::RR::RT","0.75","Devel::PPPort","3.68","ExtUtils::ParseXS","3.63"
"perl:5.38","vary-two","Net::LDNS::RR::RT","0.75","Devel::PPPort","1.0004","ExtUtils::ParseXS","3.63"
"perl:5.38","vary-two","Net::LDNS::RR::RT","0.75","Devel::PPPort","3.68","ExtUtils::ParseXS","1.99"
"perl:5.38","vary-two","Net::LDNS::RR::RT","0.75","Devel::PPPort","1.0004","ExtUtils::ParseXS","1.99"
"perl:5.38","vary-two","Net::LDNS::RR::RT","0.75","Devel::CheckLib","1.16","Devel::PPPort","3.68"
"perl:5.38","vary-two","Net::LDNS::RR::RT","0.75","Devel::CheckLib","1.16","Devel::PPPort","1.0004"
"perl:5.38","vary-two","Net::LDNS::RR::RT","0.75","Devel::CheckLib","0.2","Devel::PPPort","3.68"
"perl:5.38","vary-two","Net::LDNS::RR::RT","0.75","Devel::CheckLib","0.2","Devel::PPPort","1.0004"
"perl:5.38","baseline","Locale::CLDR::Locales::Mn::Cyrl","v0.46.0","","","",""
"perl:5.38","vary-one","Locale::CLDR::Locales::Mn::Cyrl","v0.46.0","Test::Exception","0.43","",""
"perl:5.38","vary-one","Locale::CLDR::Locales::Mn::Cyrl","v0.46.0","Test::Exception","0.07","",""
"perl:5.38","vary-one","Locale::CLDR::Locales::Mn::Cyrl","v0.46.0","Test::More","1.302222","",""
"perl:5.38","vary-one","Locale::CLDR::Locales::Mn::Cyrl","v0.46.0","Test::More","0.01","",""
"perl:5.38","vary-one","Locale::CLDR::Locales::Mn::Cyrl","v0.46.0","ok","1.302222","",""
"perl:5.38","vary-one","Locale::CLDR::Locales::Mn::Cyrl","v0.46.0","ok","0.01","",""
"perl:5.38","vary-two","Locale::CLDR::Locales::Mn::Cyrl","v0.46.0","Test::Exception","0.43","Test::More","1.302222"
"perl:5.38","vary-two","Locale::CLDR::Locales::Mn::Cyrl","v0.46.0","Test::Exception","0.43","Test::More","0.01"
"perl:5.38","vary-two","Locale::CLDR::Locales::Mn::Cyrl","v0.46.0","Test::Exception","0.07","Test::More","1.302222"
"perl:5.38","vary-two","Locale::CLDR::Locales::Mn::Cyrl","v0.46.0","Test::Exception","0.07","Test::More","0.01"
"perl:5.38","vary-two","Locale::CLDR::Locales::Mn::Cyrl","v0.46.0","Test::Exception","0.43","ok","1.302222"
"perl:5.38","vary-two","Locale::CLDR::Locales::Mn::Cyrl","v0.46.0","Test::Exception","0.43","ok","0.01"
"perl:5.38","vary-two","Locale::CLDR::Locales::Mn::Cyrl","v0.46.0","Test::Exception","0.07","ok","1.302222"
"perl:5.38","vary-two","Locale::CLDR::Locales::Mn::Cyrl","v0.46.0","Test::Exception","0.07","ok","0.01"
"perl:5.38","vary-two","Locale::CLDR::Locales::Mn::Cyrl","v0.46.0","Test::More","1.302222","ok","1.302222"
"perl:5.38","vary-two","Locale::CLDR::Locales::Mn::Cyrl","v0.46.0","Test::More","1.302222","ok","0.01"
"perl:5.38","vary-two","Locale::CLDR::Locales::Mn::Cyrl","v0.46.0","Test::More","0.01","ok","1.302222"
"perl:5.38","vary-two","Locale::CLDR::Locales::Mn::Cyrl","v0.46.0","Test::More","0.01","ok","0.01"
"perl:5.38","baseline","Number::Phone::StubCountry::LK","4.0011","","","",""
"perl:5.38","vary-one","Number::Phone::StubCountry::LK","4.0011","File::ShareDir::Install","0.14","",""
"perl:5.38","vary-one","Number::Phone::StubCountry::LK","4.0011","File::ShareDir::Install","0.02","",""
"perl:5.38","vary-one","Number::Phone::StubCountry::LK","4.0011","File::Spec","3.75","",""
"perl:5.38","vary-one","Number::Phone::StubCountry::LK","4.0011","File::Spec","3.00","",""
"perl:5.38","vary-one","Number::Phone::StubCountry::LK","4.0011","I18N::LangTags","5.044000","",""
"perl:5.38","vary-one","Number::Phone::StubCountry::LK","4.0011","I18N::LangTags","5.002","",""
"perl:5.38","vary-two","Number::Phone::StubCountry::LK","4.0011","File::ShareDir::Install","0.14","File::Spec","3.75"
"perl:5.38","vary-two","Number::Phone::StubCountry::LK","4.0011","File::ShareDir::Install","0.14","File::Spec","3.00"
"perl:5.38","vary-two","Number::Phone::StubCountry::LK","4.0011","File::ShareDir::Install","0.02","File::Spec","3.75"
"perl:5.38","vary-two","Number::Phone::StubCountry::LK","4.0011","File::ShareDir::Install","0.02","File::Spec","3.00"
"perl:5.38","vary-two","Number::Phone::StubCountry::LK","4.0011","File::ShareDir::Install","0.14","I18N::LangTags","5.044000"
"perl:5.38","vary-two","Number::Phone::StubCountry::LK","4.0011","File::ShareDir::Install","0.14","I18N::LangTags","5.002"
"perl:5.38","vary-two","Number::Phone::StubCountry::LK","4.0011","File::ShareDir::Install","0.02","I18N::LangTags","5.044000"
"perl:5.38","vary-two","Number::Phone::StubCountry::LK","4.0011","File::ShareDir::Install","0.02","I18N::LangTags","5.002"
"perl:5.38","vary-two","Number::Phone::StubCountry::LK","4.0011","File::Spec","3.75","I18N::LangTags","5.044000"
"perl:5.38","vary-two","Number::Phone::StubCountry::LK","4.0011","File::Spec","3.75","I18N::LangTags","5.002"
"perl:5.38","vary-two","Number::Phone::StubCountry::LK","4.0011","File::Spec","3.00","I18N::LangTags","5.044000"
"perl:5.38","vary-two","Number::Phone::StubCountry::LK","4.0011","File::Spec","3.00","I18N::LangTags","5.002"
"perl:5.38","baseline","Lingua::Stem::Any","0.05","","","",""
"perl:5.38","vary-one","Lingua::Stem::Any","0.05","Lingua::Stem::UniNE","0.08","",""
"perl:5.38","vary-one","Lingua::Stem::Any","0.05","Lingua::Stem::UniNE","0.02","",""
"perl:5.38","vary-one","Lingua::Stem::Any","0.05","Lingua::Stem","2.31","",""
"perl:5.38","vary-one","Lingua::Stem::Any","0.05","Lingua::Stem","0.30","",""
"perl:5.38","vary-one","Lingua::Stem::Any","0.05","Unicode::CaseFold","1.01","",""
"perl:5.38","vary-one","Lingua::Stem::Any","0.05","Unicode::CaseFold","0.01","",""
"perl:5.38","vary-two","Lingua::Stem::Any","0.05","Lingua::Stem","2.31","Lingua::Stem::UniNE","0.08"
"perl:5.38","vary-two","Lingua::Stem::Any","0.05","Lingua::Stem","0.30","Lingua::Stem::UniNE","0.08"
"perl:5.38","vary-two","Lingua::Stem::Any","0.05","Lingua::Stem","2.31","Lingua::Stem::UniNE","0.02"
"perl:5.38","vary-two","Lingua::Stem::Any","0.05","Lingua::Stem","0.30","Lingua::Stem::UniNE","0.02"
"perl:5.38","vary-two","Lingua::Stem::Any","0.05","Lingua::Stem::UniNE","0.08","Unicode::CaseFold","1.01"
"perl:5.38","vary-two","Lingua::Stem::Any","0.05","Lingua::Stem::UniNE","0.08","Unicode::CaseFold","0.01"
"perl:5.38","vary-two","Lingua::Stem::Any","0.05","Lingua::Stem::UniNE","0.02","Unicode::CaseFold","1.01"
"perl:5.38","vary-two","Lingua::Stem::Any","0.05","Lingua::Stem::UniNE","0.02","Unicode::CaseFold","0.01"
"perl:5.38","vary-two","Lingua::Stem::Any","0.05","Lingua::Stem","2.31","Unicode::CaseFold","1.01"
"perl:5.38","vary-two","Lingua::Stem::Any","0.05","Lingua::Stem","2.31","Unicode::CaseFold","0.01"
"perl:5.38","vary-two","Lingua::Stem::Any","0.05","Lingua::Stem","0.30","Unicode::CaseFold","1.01"
"perl:5.38","vary-two","Lingua::Stem::Any","0.05","Lingua::Stem","0.30","Unicode::CaseFold","0.01"
"perl:5.38","baseline","ModPerl::MapBase","v2.0.13","","","",""
"perl:5.38","baseline","Taskwarrior::Kusarigama::Plugin::Renew","v0.12.0","","","",""
"perl:5.38","vary-one","Taskwarrior::Kusarigama::Plugin::Renew","v0.12.0","Path::Tiny","0.150","",""
"perl:5.38","vary-one","Taskwarrior::Kusarigama::Plugin::Renew","v0.12.0","Path::Tiny","0.001","",""
"perl:5.38","vary-one","Taskwarrior::Kusarigama::Plugin::Renew","v0.12.0","MooseX::App::Command","1.43","",""
"perl:5.38","vary-one","Taskwarrior::Kusarigama::Plugin::Renew","v0.12.0","MooseX::App::Command","1.00","",""
"perl:5.38","vary-one","Taskwarrior::Kusarigama::Plugin::Renew","v0.12.0","File::HomeDir","1.006","",""
"perl:5.38","vary-one","Taskwarrior::Kusarigama::Plugin::Renew","v0.12.0","File::HomeDir","0.03","",""
"perl:5.38","vary-two","Taskwarrior::Kusarigama::Plugin::Renew","v0.12.0","MooseX::App::Command","1.43","Path::Tiny","0.150"
"perl:5.38","vary-two","Taskwarrior::Kusarigama::Plugin::Renew","v0.12.0","MooseX::App::Command","1.00","Path::Tiny","0.150"
"perl:5.38","vary-two","Taskwarrior::Kusarigama::Plugin::Renew","v0.12.0","MooseX::App::Command","1.43","Path::Tiny","0.001"
"perl:5.38","vary-two","Taskwarrior::Kusarigama::Plugin::Renew","v0.12.0","MooseX::App::Command","1.00","Path::Tiny","0.001"
"perl:5.38","vary-two","Taskwarrior::Kusarigama::Plugin::Renew","v0.12.0","File::HomeDir","1.006","Path::Tiny","0.150"
"perl:5.38","vary-two","Taskwarrior::Kusarigama::Plugin::Renew","v0.12.0","File::HomeDir","0.03","Path::Tiny","0.150"
"perl:5.38","vary-two","Taskwarrior::Kusarigama::Plugin::Renew","v0.12.0","File::HomeDir","1.006","Path::Tiny","0.001"
"perl:5.38","vary-two","Taskwarrior::Kusarigama::Plugin::Renew","v0.12.0","File::HomeDir","0.03","Path::Tiny","0.001"
"perl:5.38","vary-two","Taskwarrior::Kusarigama::Plugin::Renew","v0.12.0","File::HomeDir","1.006","MooseX::App::Command","1.43"
"perl:5.38","vary-two","Taskwarrior::Kusarigama::Plugin::Renew","v0.12.0","File::HomeDir","0.03","MooseX::App::Command","1.43"
"perl:5.38","vary-two","Taskwarrior::Kusarigama::Plugin::Renew","v0.12.0","File::HomeDir","1.006","MooseX::App::Command","1.00"
"perl:5.38","vary-two","Taskwarrior::Kusarigama::Plugin::Renew","v0.12.0","File::HomeDir","0.03","MooseX::App::Command","1.00"
"perl:5.38","baseline","Tk::DoCommand","0.1","","","",""
"perl:5.38","baseline","TeX::Hyphen::Pattern::La_x_classic","v1.1.8","","","",""
"perl:5.38","vary-one","TeX::Hyphen::Pattern::La_x_classic","v1.1.8","Module::Build","0.4234","",""
"perl:5.38","vary-one","TeX::Hyphen::Pattern::La_x_classic","v1.1.8","Module::Build","0.01","",""
"perl:5.38","vary-one","TeX::Hyphen::Pattern::La_x_classic","v1.1.8","Readonly","2.05","",""
"perl:5.38","vary-one","TeX::Hyphen::Pattern::La_x_classic","v1.1.8","Readonly","0.05","",""
"perl:5.38","vary-one","TeX::Hyphen::Pattern::La_x_classic","v1.1.8","File::Temp","0.2312","",""
"perl:5.38","vary-one","TeX::Hyphen::Pattern::La_x_classic","v1.1.8","File::Temp","0.05","",""
"perl:5.38","vary-two","TeX::Hyphen::Pattern::La_x_classic","v1.1.8","Module::Build","0.4234","Readonly","2.05"
"perl:5.38","vary-two","TeX::Hyphen::Pattern::La_x_classic","v1.1.8","Module::Build","0.4234","Readonly","0.05"
"perl:5.38","vary-two","TeX::Hyphen::Pattern::La_x_classic","v1.1.8","Module::Build","0.01","Readonly","2.05"
"perl:5.38","vary-two","TeX::Hyphen::Pattern::La_x_classic","v1.1.8","Module::Build","0.01","Readonly","0.05"
"perl:5.38","vary-two","TeX::Hyphen::Pattern::La_x_classic","v1.1.8","File::Temp","0.2312","Module::Build","0.4234"
"perl:5.38","vary-two","TeX::Hyphen::Pattern::La_x_classic","v1.1.8","File::Temp","0.05","Module::Build","0.4234"
"perl:5.38","vary-two","TeX::Hyphen::Pattern::La_x_classic","v1.1.8","File::Temp","0.2312","Module::Build","0.01"
"perl:5.38","vary-two","TeX::Hyphen::Pattern::La_x_classic","v1.1.8","File::Temp","0.05","Module::Build","0.01"
"perl:5.38","vary-two","TeX::Hyphen::Pattern::La_x_classic","v1.1.8","File::Temp","0.2312","Readonly","2.05"
"perl:5.38","vary-two","TeX::Hyphen::Pattern::La_x_classic","v1.1.8","File::Temp","0.05","Readonly","2.05"
"perl:5.38","vary-two","TeX::Hyphen::Pattern::La_x_classic","v1.1.8","File::Temp","0.2312","Readonly","0.05"
"perl:5.38","vary-two","TeX::Hyphen::Pattern::La_x_classic","v1.1.8","File::Temp","0.05","Readonly","0.05"
"perl:5.38","baseline","Devel::CCompat::C99::VariableLengthArrays","0.002","","","",""
"perl:5.38","baseline","Catmandu::Importer::MWTemplates","0.01","","","",""
"perl:5.38","vary-one","Catmandu::Importer::MWTemplates","0.01","Furl","3.15","",""
"perl:5.38","vary-one","Catmandu::Importer::MWTemplates","0.01","Furl","0.01","",""
"perl:5.38","vary-one","Catmandu::Importer::MWTemplates","0.01","Catmandu","1.2025","",""
"perl:5.38","vary-one","Catmandu::Importer::MWTemplates","0.01","Catmandu","0.01","",""
"perl:5.38","vary-one","Catmandu::Importer::MWTemplates","0.01","Module::Build::Tiny","0.053","",""
"perl:5.38","vary-one","Catmandu::Importer::MWTemplates","0.01","Module::Build::Tiny","0.006","",""
"perl:5.38","vary-two","Catmandu::Importer::MWTemplates","0.01","Catmandu","1.2025","Furl","3.15"
"perl:5.38","vary-two","Catmandu::Importer::MWTemplates","0.01","Catmandu","0.01","Furl","3.15"
"perl:5.38","vary-two","Catmandu::Importer::MWTemplates","0.01","Catmandu","1.2025","Furl","0.01"
"perl:5.38","vary-two","Catmandu::Importer::MWTemplates","0.01","Catmandu","0.01","Furl","0.01"
"perl:5.38","vary-two","Catmandu::Importer::MWTemplates","0.01","Furl","3.15","Module::Build::Tiny","0.053"
"perl:5.38","vary-two","Catmandu::Importer::MWTemplates","0.01","Furl","3.15","Module::Build::Tiny","0.006"
"perl:5.38","vary-two","Catmandu::Importer::MWTemplates","0.01","Furl","0.01","Module::Build::Tiny","0.053"
"perl:5.38","vary-two","Catmandu::Importer::MWTemplates","0.01","Furl","0.01","Module::Build::Tiny","0.006"
"perl:5.38","vary-two","Catmandu::Importer::MWTemplates","0.01","Catmandu","1.2025","Module::Build::Tiny","0.053"
"perl:5.38","vary-two","Catmandu::Importer::MWTemplates","0.01","Catmandu","1.2025","Module::Build::Tiny","0.006"
"perl:5.38","vary-two","Catmandu::Importer::MWTemplates","0.01","Catmandu","0.01","Module::Build::Tiny","0.053"
"perl:5.38","vary-two","Catmandu::Importer::MWTemplates","0.01","Catmandu","0.01","Module::Build::Tiny","0.006"
"perl:5.38","baseline","Geo::LibProj::FFI::PJ_XY","1.01","","","",""
"perl:5.38","vary-one","Geo::LibProj::FFI::PJ_XY","1.01","FFI::C","0.15","",""
"perl:5.38","vary-one","Geo::LibProj::FFI::PJ_XY","1.01","FFI::C","0.01","",""
"perl:5.38","vary-one","Geo::LibProj::FFI::PJ_XY","1.01","Convert::Binary::C","0.86","",""
"perl:5.38","vary-one","Geo::LibProj::FFI::PJ_XY","1.01","Convert::Binary::C","0.01","",""
"perl:5.38","vary-one","Geo::LibProj::FFI::PJ_XY","1.01","FFI::Platypus","2.11","",""
"perl:5.38","vary-one","Geo::LibProj::FFI::PJ_XY","1.01","FFI::Platypus","0.12","",""
"perl:5.38","vary-two","Geo::LibProj::FFI::PJ_XY","1.01","Convert::Binary::C","0.86","FFI::C","0.15"
"perl:5.38","vary-two","Geo::LibProj::FFI::PJ_XY","1.01","Convert::Binary::C","0.01","FFI::C","0.15"
"perl:5.38","vary-two","Geo::LibProj::FFI::PJ_XY","1.01","Convert::Binary::C","0.86","FFI::C","0.01"
"perl:5.38","vary-two","Geo::LibProj::FFI::PJ_XY","1.01","Convert::Binary::C","0.01","FFI::C","0.01"
"perl:5.38","vary-two","Geo::LibProj::FFI::PJ_XY","1.01","FFI::C","0.15","FFI::Platypus","2.11"
"perl:5.38","vary-two","Geo::LibProj::FFI::PJ_XY","1.01","FFI::C","0.15","FFI::Platypus","0.12"
"perl:5.38","vary-two","Geo::LibProj::FFI::PJ_XY","1.01","FFI::C","0.01","FFI::Platypus","2.11"
"perl:5.38","vary-two","Geo::LibProj::FFI::PJ_XY","1.01","FFI::C","0.01","FFI::Platypus","0.12"
"perl:5.38","vary-two","Geo::LibProj::FFI::PJ_XY","1.01","Convert::Binary::C","0.86","FFI::Platypus","2.11"
"perl:5.38","vary-two","Geo::LibProj::FFI::PJ_XY","1.01","Convert::Binary::C","0.86","FFI::Platypus","0.12"
"perl:5.38","vary-two","Geo::LibProj::FFI::PJ_XY","1.01","Convert::Binary::C","0.01","FFI::Platypus","2.11"
"perl:5.38","vary-two","Geo::LibProj::FFI::PJ_XY","1.01","Convert::Binary::C","0.01","FFI::Platypus","0.12"
"perl:5.38","baseline","App::CamelPKI::Model::WebServer","0.07","","","",""
"perl:5.38","vary-one","App::CamelPKI::Model::WebServer","0.07","Crypt::OpenSSL::CA","0.91","",""
"perl:5.38","vary-one","App::CamelPKI::Model::WebServer","0.07","Crypt::OpenSSL::CA","0.03","",""
"perl:5.38","vary-one","App::CamelPKI::Model::WebServer","0.07","DBD::SQLite","1.78","",""
"perl:5.38","vary-one","App::CamelPKI::Model::WebServer","0.07","DBD::SQLite","0.05","",""
"perl:5.38","vary-one","App::CamelPKI::Model::WebServer","0.07","DateTime","1.66","",""
"perl:5.38","vary-one","App::CamelPKI::Model::WebServer","0.07","DateTime","0.02","",""
"perl:5.38","vary-two","App::CamelPKI::Model::WebServer","0.07","Crypt::OpenSSL::CA","0.91","DBD::SQLite","1.78"
"perl:5.38","vary-two","App::CamelPKI::Model::WebServer","0.07","Crypt::OpenSSL::CA","0.91","DBD::SQLite","0.05"
"perl:5.38","vary-two","App::CamelPKI::Model::WebServer","0.07","Crypt::OpenSSL::CA","0.03","DBD::SQLite","1.78"
"perl:5.38","vary-two","App::CamelPKI::Model::WebServer","0.07","Crypt::OpenSSL::CA","0.03","DBD::SQLite","0.05"
"perl:5.38","vary-two","App::CamelPKI::Model::WebServer","0.07","Crypt::OpenSSL::CA","0.91","DateTime","1.66"
"perl:5.38","vary-two","App::CamelPKI::Model::WebServer","0.07","Crypt::OpenSSL::CA","0.91","DateTime","0.02"
"perl:5.38","vary-two","App::CamelPKI::Model::WebServer","0.07","Crypt::OpenSSL::CA","0.03","DateTime","1.66"
"perl:5.38","vary-two","App::CamelPKI::Model::WebServer","0.07","Crypt::OpenSSL::CA","0.03","DateTime","0.02"
"perl:5.38","vary-two","App::CamelPKI::Model::WebServer","0.07","DBD::SQLite","1.78","DateTime","1.66"
"perl:5.38","vary-two","App::CamelPKI::Model::WebServer","0.07","DBD::SQLite","1.78","DateTime","0.02"
"perl:5.38","vary-two","App::CamelPKI::Model::WebServer","0.07","DBD::SQLite","0.05","DateTime","1.66"
"perl:5.38","vary-two","App::CamelPKI::Model::WebServer","0.07","DBD::SQLite","0.05","DateTime","0.02"
"perl:5.38","baseline","PAGI::Nano::Context::SSE","0.001001","","","",""
"perl:5.38","vary-one","PAGI::Nano::Context::SSE","0.001001","PAGI::Tools","0.002002","",""
"perl:5.38","vary-one","PAGI::Nano::Context::SSE","0.001001","PAGI::Tools","0.002000","",""
"perl:5.38","vary-one","PAGI::Nano::Context::SSE","0.001001","PAGI::StructuredParameters","0.001001","",""
"perl:5.38","vary-one","PAGI::Nano::Context::SSE","0.001001","PAGI::StructuredParameters","0.001000","",""
"perl:5.38","vary-one","PAGI::Nano::Context::SSE","0.001001","JSON::MaybeXS","1.004008","",""
"perl:5.38","vary-one","PAGI::Nano::Context::SSE","0.001001","JSON::MaybeXS","1.000000","",""
"perl:5.38","vary-two","PAGI::Nano::Context::SSE","0.001001","PAGI::StructuredParameters","0.001001","PAGI::Tools","0.002002"
"perl:5.38","vary-two","PAGI::Nano::Context::SSE","0.001001","PAGI::StructuredParameters","0.001000","PAGI::Tools","0.002002"
"perl:5.38","vary-two","PAGI::Nano::Context::SSE","0.001001","PAGI::StructuredParameters","0.001001","PAGI::Tools","0.002000"
"perl:5.38","vary-two","PAGI::Nano::Context::SSE","0.001001","PAGI::StructuredParameters","0.001000","PAGI::Tools","0.002000"
"perl:5.38","vary-two","PAGI::Nano::Context::SSE","0.001001","JSON::MaybeXS","1.004008","PAGI::Tools","0.002002"
"perl:5.38","vary-two","PAGI::Nano::Context::SSE","0.001001","JSON::MaybeXS","1.000000","PAGI::Tools","0.002002"
"perl:5.38","vary-two","PAGI::Nano::Context::SSE","0.001001","JSON::MaybeXS","1.004008","PAGI::Tools","0.002000"
"perl:5.38","vary-two","PAGI::Nano::Context::SSE","0.001001","JSON::MaybeXS","1.000000","PAGI::Tools","0.002000"
"perl:5.38","vary-two","PAGI::Nano::Context::SSE","0.001001","JSON::MaybeXS","1.004008","PAGI::StructuredParameters","0.001001"
"perl:5.38","vary-two","PAGI::Nano::Context::SSE","0.001001","JSON::MaybeXS","1.000000","PAGI::StructuredParameters","0.001001"
"perl:5.38","vary-two","PAGI::Nano::Context::SSE","0.001001","JSON::MaybeXS","1.004008","PAGI::StructuredParameters","0.001000"
"perl:5.38","vary-two","PAGI::Nano::Context::SSE","0.001001","JSON::MaybeXS","1.000000","PAGI::StructuredParameters","0.001000"
"perl:5.38","baseline","Text::NumericData::App::txdnorm","2.004001","","","",""
"perl:5.38","vary-one","Text::NumericData::App::txdnorm","2.004001","Module::Build","0.4234","",""
"perl:5.38","vary-one","Text::NumericData::App::txdnorm","2.004001","Module::Build","0.01","",""
"perl:5.38","vary-one","Text::NumericData::App::txdnorm","2.004001","Test::More","1.302222","",""
"perl:5.38","vary-one","Text::NumericData::App::txdnorm","2.004001","Test::More","0.01","",""
"perl:5.38","vary-one","Text::NumericData::App::txdnorm","2.004001","Text::ASCIIPipe","1.001000","",""
"perl:5.38","vary-one","Text::NumericData::App::txdnorm","2.004001","Text::ASCIIPipe","1.000000","",""
"perl:5.38","vary-two","Text::NumericData::App::txdnorm","2.004001","Module::Build","0.4234","Test::More","1.302222"
"perl:5.38","vary-two","Text::NumericData::App::txdnorm","2.004001","Module::Build","0.4234","Test::More","0.01"
"perl:5.38","vary-two","Text::NumericData::App::txdnorm","2.004001","Module::Build","0.01","Test::More","1.302222"
"perl:5.38","vary-two","Text::NumericData::App::txdnorm","2.004001","Module::Build","0.01","Test::More","0.01"
"perl:5.38","vary-two","Text::NumericData::App::txdnorm","2.004001","Module::Build","0.4234","Text::ASCIIPipe","1.001000"
"perl:5.38","vary-two","Text::NumericData::App::txdnorm","2.004001","Module::Build","0.4234","Text::ASCIIPipe","1.000000"
"perl:5.38","vary-two","Text::NumericData::App::txdnorm","2.004001","Module::Build","0.01","Text::ASCIIPipe","1.001000"
"perl:5.38","vary-two","Text::NumericData::App::txdnorm","2.004001","Module::Build","0.01","Text::ASCIIPipe","1.000000"
"perl:5.38","vary-two","Text::NumericData::App::txdnorm","2.004001","Test::More","1.302222","Text::ASCIIPipe","1.001000"
"perl:5.38","vary-two","Text::NumericData::App::txdnorm","2.004001","Test::More","1.302222","Text::ASCIIPipe","1.000000"
"perl:5.38","vary-two","Text::NumericData::App::txdnorm","2.004001","Test::More","0.01","Text::ASCIIPipe","1.001000"
"perl:5.38","vary-two","Text::NumericData::App::txdnorm","2.004001","Test::More","0.01","Text::ASCIIPipe","1.000000"
"perl:5.38","baseline","PawsX::S3::Uploader","v0.0.3","","","",""
"perl:5.38","vary-one","PawsX::S3::Uploader","v0.0.3","Feature::Compat::Class","0.08","",""
"perl:5.38","vary-one","PawsX::S3::Uploader","v0.0.3","Feature::Compat::Class","0.01","",""
"perl:5.38","vary-one","PawsX::S3::Uploader","v0.0.3","builtin::compat","0.003003","",""
"perl:5.38","vary-one","PawsX::S3::Uploader","v0.0.3","builtin::compat","0.001000","",""
"perl:5.38","vary-one","PawsX::S3::Uploader","v0.0.3","Feature::Compat::Try","0.05","",""
"perl:5.38","vary-one","PawsX::S3::Uploader","v0.0.3","Feature::Compat::Try","0.01","",""
"perl:5.38","vary-two","PawsX::S3::Uploader","v0.0.3","Feature::Compat::Class","0.08","builtin::compat","0.003003"
"perl:5.38","vary-two","PawsX::S3::Uploader","v0.0.3","Feature::Compat::Class","0.08","builtin::compat","0.001000"
"perl:5.38","vary-two","PawsX::S3::Uploader","v0.0.3","Feature::Compat::Class","0.01","builtin::compat","0.003003"
"perl:5.38","vary-two","PawsX::S3::Uploader","v0.0.3","Feature::Compat::Class","0.01","builtin::compat","0.001000"
"perl:5.38","vary-two","PawsX::S3::Uploader","v0.0.3","Feature::Compat::Class","0.08","Feature::Compat::Try","0.05"
"perl:5.38","vary-two","PawsX::S3::Uploader","v0.0.3","Feature::Compat::Class","0.08","Feature::Compat::Try","0.01"
"perl:5.38","vary-two","PawsX::S3::Uploader","v0.0.3","Feature::Compat::Class","0.01","Feature::Compat::Try","0.05"
"perl:5.38","vary-two","PawsX::S3::Uploader","v0.0.3","Feature::Compat::Class","0.01","Feature::Compat::Try","0.01"
"perl:5.38","vary-two","PawsX::S3::Uploader","v0.0.3","Feature::Compat::Try","0.05","builtin::compat","0.003003"
"perl:5.38","vary-two","PawsX::S3::Uploader","v0.0.3","Feature::Compat::Try","0.01","builtin::compat","0.003003"
"perl:5.38","vary-two","PawsX::S3::Uploader","v0.0.3","Feature::Compat::Try","0.05","builtin::compat","0.001000"
"perl:5.38","vary-two","PawsX::S3::Uploader","v0.0.3","Feature::Compat::Try","0.01","builtin::compat","0.001000"
"perl:5.38","baseline","Net::Peep::Log","v0.4.5.1","","","",""
"perl:5.38","baseline","IO::K8s::Api::Core::V1::NodeStatus","1.100","","","",""
"perl:5.38","vary-one","IO::K8s::Api::Core::V1::NodeStatus","1.100","namespace::clean","0.27","",""
"perl:5.38","vary-one","IO::K8s::Api::Core::V1::NodeStatus","1.100","namespace::clean","0.01","",""
"perl:5.38","vary-one","IO::K8s::Api::Core::V1::NodeStatus","1.100","Import::Into","1.002005","",""
"perl:5.38","vary-one","IO::K8s::Api::Core::V1::NodeStatus","1.100","Import::Into","1.000000","",""
"perl:5.38","vary-one","IO::K8s::Api::Core::V1::NodeStatus","1.100","Package::Stash","0.40","",""
"perl:5.38","vary-one","IO::K8s::Api::Core::V1::NodeStatus","1.100","Package::Stash","0.03","",""
"perl:5.38","vary-two","IO::K8s::Api::Core::V1::NodeStatus","1.100","Import::Into","1.002005","namespace::clean","0.27"
"perl:5.38","vary-two","IO::K8s::Api::Core::V1::NodeStatus","1.100","Import::Into","1.000000","namespace::clean","0.27"
"perl:5.38","vary-two","IO::K8s::Api::Core::V1::NodeStatus","1.100","Import::Into","1.002005","namespace::clean","0.01"
"perl:5.38","vary-two","IO::K8s::Api::Core::V1::NodeStatus","1.100","Import::Into","1.000000","namespace::clean","0.01"
"perl:5.38","vary-two","IO::K8s::Api::Core::V1::NodeStatus","1.100","Package::Stash","0.40","namespace::clean","0.27"
"perl:5.38","vary-two","IO::K8s::Api::Core::V1::NodeStatus","1.100","Package::Stash","0.03","namespace::clean","0.27"
"perl:5.38","vary-two","IO::K8s::Api::Core::V1::NodeStatus","1.100","Package::Stash","0.40","namespace::clean","0.01"
"perl:5.38","vary-two","IO::K8s::Api::Core::V1::NodeStatus","1.100","Package::Stash","0.03","namespace::clean","0.01"
"perl:5.38","vary-two","IO::K8s::Api::Core::V1::NodeStatus","1.100","Import::Into","1.002005","Package::Stash","0.40"
"perl:5.38","vary-two","IO::K8s::Api::Core::V1::NodeStatus","1.100","Import::Into","1.002005","Package::Stash","0.03"
"perl:5.38","vary-two","IO::K8s::Api::Core::V1::NodeStatus","1.100","Import::Into","1.000000","Package::Stash","0.40"
"perl:5.38","vary-two","IO::K8s::Api::Core::V1::NodeStatus","1.100","Import::Into","1.000000","Package::Stash","0.03"
"perl:5.38","baseline","LINE::Bot::API::Event::Unknown","1.21","","","",""
"perl:5.38","vary-one","LINE::Bot::API::Event::Unknown","1.21","URI::QueryParam","5.35","",""
"perl:5.38","vary-one","LINE::Bot::API::Event::Unknown","1.21","URI::QueryParam","0.01","",""
"perl:5.38","vary-one","LINE::Bot::API::Event::Unknown","1.21","Type::Tiny","2.010001","",""
"perl:5.38","vary-one","LINE::Bot::API::Event::Unknown","1.21","Type::Tiny","0.001","",""
"perl:5.38","vary-one","LINE::Bot::API::Event::Unknown","1.21","URI","5.35","",""
"perl:5.38","vary-one","LINE::Bot::API::Event::Unknown","1.21","URI","0.01","",""
"perl:5.38","vary-two","LINE::Bot::API::Event::Unknown","1.21","Type::Tiny","2.010001","URI::QueryParam","5.35"
"perl:5.38","vary-two","LINE::Bot::API::Event::Unknown","1.21","Type::Tiny","0.001","URI::QueryParam","5.35"
"perl:5.38","vary-two","LINE::Bot::API::Event::Unknown","1.21","Type::Tiny","2.010001","URI::QueryParam","0.01"
"perl:5.38","vary-two","LINE::Bot::API::Event::Unknown","1.21","Type::Tiny","0.001","URI::QueryParam","0.01"
"perl:5.38","vary-two","LINE::Bot::API::Event::Unknown","1.21","URI","5.35","URI::QueryParam","5.35"
"perl:5.38","vary-two","LINE::Bot::API::Event::Unknown","1.21","URI","0.01","URI::QueryParam","5.35"
"perl:5.38","vary-two","LINE::Bot::API::Event::Unknown","1.21","URI","5.35","URI::QueryParam","0.01"
"perl:5.38","vary-two","LINE::Bot::API::Event::Unknown","1.21","URI","0.01","URI::QueryParam","0.01"
"perl:5.38","vary-two","LINE::Bot::API::Event::Unknown","1.21","Type::Tiny","2.010001","URI","5.35"
"perl:5.38","vary-two","LINE::Bot::API::Event::Unknown","1.21","Type::Tiny","2.010001","URI","0.01"
"perl:5.38","vary-two","LINE::Bot::API::Event::Unknown","1.21","Type::Tiny","0.001","URI","5.35"
"perl:5.38","vary-two","LINE::Bot::API::Event::Unknown","1.21","Type::Tiny","0.001","URI","0.01"
"perl:5.38","baseline","Dancer2::RPCPlugin::PluginNames","2.02","","","",""
"perl:5.38","vary-one","Dancer2::RPCPlugin::PluginNames","2.02","Test::Warnings","0.038","",""
"perl:5.38","vary-one","Dancer2::RPCPlugin::PluginNames","2.02","Test::Warnings","0.002","",""
"perl:5.38","vary-one","Dancer2::RPCPlugin::PluginNames","2.02","Test::Fatal","0.018","",""
"perl:5.38","vary-one","Dancer2::RPCPlugin::PluginNames","2.02","Test::Fatal","0.001","",""
"perl:5.38","vary-one","Dancer2::RPCPlugin::PluginNames","2.02","Test::MockObject","1.20200122","",""
"perl:5.38","vary-one","Dancer2::RPCPlugin::PluginNames","2.02","Test::MockObject","0.04","",""
"perl:5.38","vary-two","Dancer2::RPCPlugin::PluginNames","2.02","Test::Fatal","0.018","Test::Warnings","0.038"
"perl:5.38","vary-two","Dancer2::RPCPlugin::PluginNames","2.02","Test::Fatal","0.001","Test::Warnings","0.038"
"perl:5.38","vary-two","Dancer2::RPCPlugin::PluginNames","2.02","Test::Fatal","0.018","Test::Warnings","0.002"
"perl:5.38","vary-two","Dancer2::RPCPlugin::PluginNames","2.02","Test::Fatal","0.001","Test::Warnings","0.002"
"perl:5.38","vary-two","Dancer2::RPCPlugin::PluginNames","2.02","Test::MockObject","1.20200122","Test::Warnings","0.038"
"perl:5.38","vary-two","Dancer2::RPCPlugin::PluginNames","2.02","Test::MockObject","0.04","Test::Warnings","0.038"
"perl:5.38","vary-two","Dancer2::RPCPlugin::PluginNames","2.02","Test::MockObject","1.20200122","Test::Warnings","0.002"
"perl:5.38","vary-two","Dancer2::RPCPlugin::PluginNames","2.02","Test::MockObject","0.04","Test::Warnings","0.002"
"perl:5.38","vary-two","Dancer2::RPCPlugin::PluginNames","2.02","Test::Fatal","0.018","Test::MockObject","1.20200122"
"perl:5.38","vary-two","Dancer2::RPCPlugin::PluginNames","2.02","Test::Fatal","0.018","Test::MockObject","0.04"
"perl:5.38","vary-two","Dancer2::RPCPlugin::PluginNames","2.02","Test::Fatal","0.001","Test::MockObject","1.20200122"
"perl:5.38","vary-two","Dancer2::RPCPlugin::PluginNames","2.02","Test::Fatal","0.001","Test::MockObject","0.04"
"perl:5.38","baseline","RT::Extension::REST2::Resource::Transactions","1.17","","","",""
"perl:5.38","vary-one","RT::Extension::REST2::Resource::Transactions","1.17","Try::Tiny","0.32","",""
"perl:5.38","vary-one","RT::Extension::REST2::Resource::Transactions","1.17","Try::Tiny","0.01","",""
"perl:5.38","vary-one","RT::Extension::REST2::Resource::Transactions","1.17","Test::Deep","1.205","",""
"perl:5.38","vary-one","RT::Extension::REST2::Resource::Transactions","1.17","Test::Deep","0.01","",""
"perl:5.38","vary-one","RT::Extension::REST2::Resource::Transactions","1.17","Test::WWW::Mechanize::PSGI","0.39","",""
"perl:5.38","vary-one","RT::Extension::REST2::Resource::Transactions","1.17","Test::WWW::Mechanize::PSGI","0.33","",""
"perl:5.38","vary-two","RT::Extension::REST2::Resource::Transactions","1.17","Test::Deep","1.205","Try::Tiny","0.32"
"perl:5.38","vary-two","RT::Extension::REST2::Resource::Transactions","1.17","Test::Deep","0.01","Try::Tiny","0.32"
"perl:5.38","vary-two","RT::Extension::REST2::Resource::Transactions","1.17","Test::Deep","1.205","Try::Tiny","0.01"
"perl:5.38","vary-two","RT::Extension::REST2::Resource::Transactions","1.17","Test::Deep","0.01","Try::Tiny","0.01"
"perl:5.38","vary-two","RT::Extension::REST2::Resource::Transactions","1.17","Test::WWW::Mechanize::PSGI","0.39","Try::Tiny","0.32"
"perl:5.38","vary-two","RT::Extension::REST2::Resource::Transactions","1.17","Test::WWW::Mechanize::PSGI","0.33","Try::Tiny","0.32"
"perl:5.38","vary-two","RT::Extension::REST2::Resource::Transactions","1.17","Test::WWW::Mechanize::PSGI","0.39","Try::Tiny","0.01"
"perl:5.38","vary-two","RT::Extension::REST2::Resource::Transactions","1.17","Test::WWW::Mechanize::PSGI","0.33","Try::Tiny","0.01"
"perl:5.38","vary-two","RT::Extension::REST2::Resource::Transactions","1.17","Test::Deep","1.205","Test::WWW::Mechanize::PSGI","0.39"
"perl:5.38","vary-two","RT::Extension::REST2::Resource::Transactions","1.17","Test::Deep","1.205","Test::WWW::Mechanize::PSGI","0.33"
"perl:5.38","vary-two","RT::Extension::REST2::Resource::Transactions","1.17","Test::Deep","0.01","Test::WWW::Mechanize::PSGI","0.39"
"perl:5.38","vary-two","RT::Extension::REST2::Resource::Transactions","1.17","Test::Deep","0.01","Test::WWW::Mechanize::PSGI","0.33"
"perl:5.38","baseline","YAPE::HTML::pi","1.11","","","",""
"perl:5.38","baseline","App::soapcli","0.0300","","","",""
"perl:5.38","vary-one","App::soapcli","0.0300","YAML::XS","v0.910.0","",""
"perl:5.38","vary-one","App::soapcli","0.0300","YAML::XS","0.01","",""
"perl:5.38","vary-one","App::soapcli","0.0300","HTTP::Tiny","0.096","",""
"perl:5.38","vary-one","App::soapcli","0.0300","HTTP::Tiny","0.001","",""
"perl:5.38","vary-one","App::soapcli","0.0300","Getopt::Long::Descriptive","0.117","",""
"perl:5.38","vary-one","App::soapcli","0.0300","Getopt::Long::Descriptive","0.01","",""
"perl:5.38","vary-two","App::soapcli","0.0300","HTTP::Tiny","0.096","YAML::XS","v0.910.0"
"perl:5.38","vary-two","App::soapcli","0.0300","HTTP::Tiny","0.001","YAML::XS","v0.910.0"
"perl:5.38","vary-two","App::soapcli","0.0300","HTTP::Tiny","0.096","YAML::XS","0.01"
"perl:5.38","vary-two","App::soapcli","0.0300","HTTP::Tiny","0.001","YAML::XS","0.01"
"perl:5.38","vary-two","App::soapcli","0.0300","Getopt::Long::Descriptive","0.117","YAML::XS","v0.910.0"
"perl:5.38","vary-two","App::soapcli","0.0300","Getopt::Long::Descriptive","0.01","YAML::XS","v0.910.0"
"perl:5.38","vary-two","App::soapcli","0.0300","Getopt::Long::Descriptive","0.117","YAML::XS","0.01"
"perl:5.38","vary-two","App::soapcli","0.0300","Getopt::Long::Descriptive","0.01","YAML::XS","0.01"
"perl:5.38","vary-two","App::soapcli","0.0300","Getopt::Long::Descriptive","0.117","HTTP::Tiny","0.096"
"perl:5.38","vary-two","App::soapcli","0.0300","Getopt::Long::Descriptive","0.01","HTTP::Tiny","0.096"
"perl:5.38","vary-two","App::soapcli","0.0300","Getopt::Long::Descriptive","0.117","HTTP::Tiny","0.001"
"perl:5.38","vary-two","App::soapcli","0.0300","Getopt::Long::Descriptive","0.01","HTTP::Tiny","0.001"
"perl:5.38","baseline","XML::Toolkit::Generator::Interface","0.15","","","",""
"perl:5.38","vary-one","XML::Toolkit::Generator::Interface","0.15","MooseX::MetaDescription::Meta::Attribute","0.06","",""
"perl:5.38","vary-one","XML::Toolkit::Generator::Interface","0.15","MooseX::MetaDescription::Meta::Attribute","0.01","",""
"perl:5.38","vary-one","XML::Toolkit::Generator::Interface","0.15","XML::SAX::Base","1.09","",""
"perl:5.38","vary-one","XML::Toolkit::Generator::Interface","0.15","XML::SAX::Base","1.00","",""
"perl:5.38","vary-one","XML::Toolkit::Generator::Interface","0.15","MooseX::App::Cmd","0.34","",""
"perl:5.38","vary-one","XML::Toolkit::Generator::Interface","0.15","MooseX::App::Cmd","0.01","",""
"perl:5.38","vary-two","XML::Toolkit::Generator::Interface","0.15","MooseX::MetaDescription::Meta::Attribute","0.06","XML::SAX::Base","1.09"
"perl:5.38","vary-two","XML::Toolkit::Generator::Interface","0.15","MooseX::MetaDescription::Meta::Attribute","0.06","XML::SAX::Base","1.00"
"perl:5.38","vary-two","XML::Toolkit::Generator::Interface","0.15","MooseX::MetaDescription::Meta::Attribute","0.01","XML::SAX::Base","1.09"
"perl:5.38","vary-two","XML::Toolkit::Generator::Interface","0.15","MooseX::MetaDescription::Meta::Attribute","0.01","XML::SAX::Base","1.00"
"perl:5.38","vary-two","XML::Toolkit::Generator::Interface","0.15","MooseX::App::Cmd","0.34","MooseX::MetaDescription::Meta::Attribute","0.06"
"perl:5.38","vary-two","XML::Toolkit::Generator::Interface","0.15","MooseX::App::Cmd","0.01","MooseX::MetaDescription::Meta::Attribute","0.06"
"perl:5.38","vary-two","XML::Toolkit::Generator::Interface","0.15","MooseX::App::Cmd","0.34","MooseX::MetaDescription::Meta::Attribute","0.01"
"perl:5.38","vary-two","XML::Toolkit::Generator::Interface","0.15","MooseX::App::Cmd","0.01","MooseX::MetaDescription::Meta::Attribute","0.01"
"perl:5.38","vary-two","XML::Toolkit::Generator::Interface","0.15","MooseX::App::Cmd","0.34","XML::SAX::Base","1.09"
"perl:5.38","vary-two","XML::Toolkit::Generator::Interface","0.15","MooseX::App::Cmd","0.01","XML::SAX::Base","1.09"
"perl:5.38","vary-two","XML::Toolkit::Generator::Interface","0.15","MooseX::App::Cmd","0.34","XML::SAX::Base","1.00"
"perl:5.38","vary-two","XML::Toolkit::Generator::Interface","0.15","MooseX::App::Cmd","0.01","XML::SAX::Base","1.00"
"perl:5.38","baseline","Tk::LabFrame","804.036","","","",""
"perl:5.38","vary-one","Tk::LabFrame","804.036","Test::More","1.302222","",""
"perl:5.38","vary-one","Tk::LabFrame","804.036","Test::More","0.01","",""
"perl:5.38","vary-one","Tk::LabFrame","804.036","Encode","3.24","",""
"perl:5.38","vary-one","Tk::LabFrame","804.036","Encode","0.93","",""
"perl:5.38","vary-two","Tk::LabFrame","804.036","Encode","3.24","Test::More","1.302222"
"perl:5.38","vary-two","Tk::LabFrame","804.036","Encode","0.93","Test::More","1.302222"
"perl:5.38","vary-two","Tk::LabFrame","804.036","Encode","3.24","Test::More","0.01"
"perl:5.38","vary-two","Tk::LabFrame","804.036","Encode","0.93","Test::More","0.01"
"perl:5.38","baseline","Net::Wireless::802_11::WPA::CLI","v2.1.0","","","",""
"perl:5.38","baseline","YAML::Perl::Event::CollectionStart","0.02","","","",""
"perl:5.38","vary-one","YAML::Perl::Event::CollectionStart","0.02","Filter::Util::Call","1.65","",""
"perl:5.38","vary-one","YAML::Perl::Event::CollectionStart","0.02","Filter::Util::Call","1.06","",""
"perl:5.38","vary-one","YAML::Perl::Event::CollectionStart","0.02","Error","0.17030","",""
"perl:5.38","vary-one","YAML::Perl::Event::CollectionStart","0.02","Error","0.02","",""
"perl:5.38","vary-two","YAML::Perl::Event::CollectionStart","0.02","Error","0.17030","Filter::Util::Call","1.65"
"perl:5.38","vary-two","YAML::Perl::Event::CollectionStart","0.02","Error","0.02","Filter::Util::Call","1.65"
"perl:5.38","vary-two","YAML::Perl::Event::CollectionStart","0.02","Error","0.17030","Filter::Util::Call","1.06"
"perl:5.38","vary-two","YAML::Perl::Event::CollectionStart","0.02","Error","0.02","Filter::Util::Call","1.06"
"perl:5.38","baseline","DBIx::QueryLog","0.42","","","",""
"perl:5.38","vary-one","DBIx::QueryLog","0.42","Module::Build::Tiny","0.053","",""
"perl:5.38","vary-one","DBIx::QueryLog","0.42","Module::Build::Tiny","0.006","",""
"perl:5.38","vary-one","DBIx::QueryLog","0.42","Time::HiRes","1.9764","",""
"perl:5.38","vary-one","DBIx::QueryLog","0.42","Time::HiRes","01.01","",""
"perl:5.38","vary-one","DBIx::QueryLog","0.42","Text::ASCIITable","0.22","",""
"perl:5.38","vary-one","DBIx::QueryLog","0.42","Text::ASCIITable","0.02","",""
"perl:5.38","vary-two","DBIx::QueryLog","0.42","Module::Build::Tiny","0.053","Time::HiRes","1.9764"
"perl:5.38","vary-two","DBIx::QueryLog","0.42","Module::Build::Tiny","0.053","Time::HiRes","01.01"
"perl:5.38","vary-two","DBIx::QueryLog","0.42","Module::Build::Tiny","0.006","Time::HiRes","1.9764"
"perl:5.38","vary-two","DBIx::QueryLog","0.42","Module::Build::Tiny","0.006","Time::HiRes","01.01"
"perl:5.38","vary-two","DBIx::QueryLog","0.42","Module::Build::Tiny","0.053","Text::ASCIITable","0.22"
"perl:5.38","vary-two","DBIx::QueryLog","0.42","Module::Build::Tiny","0.053","Text::ASCIITable","0.02"
"perl:5.38","vary-two","DBIx::QueryLog","0.42","Module::Build::Tiny","0.006","Text::ASCIITable","0.22"
"perl:5.38","vary-two","DBIx::QueryLog","0.42","Module::Build::Tiny","0.006","Text::ASCIITable","0.02"
"perl:5.38","vary-two","DBIx::QueryLog","0.42","Text::ASCIITable","0.22","Time::HiRes","1.9764"
"perl:5.38","vary-two","DBIx::QueryLog","0.42","Text::ASCIITable","0.02","Time::HiRes","1.9764"
"perl:5.38","vary-two","DBIx::QueryLog","0.42","Text::ASCIITable","0.22","Time::HiRes","01.01"
"perl:5.38","vary-two","DBIx::QueryLog","0.42","Text::ASCIITable","0.02","Time::HiRes","01.01"
"perl:5.38","baseline","Algorithm::CheckDigits::M11_012","v1.3.6","","","",""
"perl:5.38","vary-one","Algorithm::CheckDigits::M11_012","v1.3.6","Probe::Perl","0.03","",""
"perl:5.38","vary-one","Algorithm::CheckDigits::M11_012","v1.3.6","Probe::Perl","0.01","",""
"perl:5.38","vary-one","Algorithm::CheckDigits::M11_012","v1.3.6","Test::More","1.302222","",""
"perl:5.38","vary-one","Algorithm::CheckDigits::M11_012","v1.3.6","Test::More","0.01","",""
"perl:5.38","vary-one","Algorithm::CheckDigits::M11_012","v1.3.6","Module::Build","0.4234","",""
"perl:5.38","vary-one","Algorithm::CheckDigits::M11_012","v1.3.6","Module::Build","0.01","",""
"perl:5.38","vary-two","Algorithm::CheckDigits::M11_012","v1.3.6","Probe::Perl","0.03","Test::More","1.302222"
"perl:5.38","vary-two","Algorithm::CheckDigits::M11_012","v1.3.6","Probe::Perl","0.03","Test::More","0.01"
"perl:5.38","vary-two","Algorithm::CheckDigits::M11_012","v1.3.6","Probe::Perl","0.01","Test::More","1.302222"
"perl:5.38","vary-two","Algorithm::CheckDigits::M11_012","v1.3.6","Probe::Perl","0.01","Test::More","0.01"
"perl:5.38","vary-two","Algorithm::CheckDigits::M11_012","v1.3.6","Module::Build","0.4234","Probe::Perl","0.03"
"perl:5.38","vary-two","Algorithm::CheckDigits::M11_012","v1.3.6","Module::Build","0.01","Probe::Perl","0.03"
"perl:5.38","vary-two","Algorithm::CheckDigits::M11_012","v1.3.6","Module::Build","0.4234","Probe::Perl","0.01"
"perl:5.38","vary-two","Algorithm::CheckDigits::M11_012","v1.3.6","Module::Build","0.01","Probe::Perl","0.01"
"perl:5.38","vary-two","Algorithm::CheckDigits::M11_012","v1.3.6","Module::Build","0.4234","Test::More","1.302222"
"perl:5.38","vary-two","Algorithm::CheckDigits::M11_012","v1.3.6","Module::Build","0.01","Test::More","1.302222"
"perl:5.38","vary-two","Algorithm::CheckDigits::M11_012","v1.3.6","Module::Build","0.4234","Test::More","0.01"
"perl:5.38","vary-two","Algorithm::CheckDigits::M11_012","v1.3.6","Module::Build","0.01","Test::More","0.01"
"perl:5.38","baseline","Portable::FileSpec","1.23","","","",""
"perl:5.38","vary-one","Portable::FileSpec","1.23","Test::NoWarnings","1.06","",""
"perl:5.38","vary-one","Portable::FileSpec","1.23","Test::NoWarnings","0.01","",""
"perl:5.38","vary-one","Portable::FileSpec","1.23","LWP::Online","1.08","",""
"perl:5.38","vary-one","Portable::FileSpec","1.23","LWP::Online","0.01","",""
"perl:5.38","vary-one","Portable::FileSpec","1.23","Test::More","1.302222","",""
"perl:5.38","vary-one","Portable::FileSpec","1.23","Test::More","0.01","",""
"perl:5.38","vary-two","Portable::FileSpec","1.23","LWP::Online","1.08","Test::NoWarnings","1.06"
"perl:5.38","vary-two","Portable::FileSpec","1.23","LWP::Online","0.01","Test::NoWarnings","1.06"
"perl:5.38","vary-two","Portable::FileSpec","1.23","LWP::Online","1.08","Test::NoWarnings","0.01"
"perl:5.38","vary-two","Portable::FileSpec","1.23","LWP::Online","0.01","Test::NoWarnings","0.01"
"perl:5.38","vary-two","Portable::FileSpec","1.23","Test::More","1.302222","Test::NoWarnings","1.06"
"perl:5.38","vary-two","Portable::FileSpec","1.23","Test::More","0.01","Test::NoWarnings","1.06"
"perl:5.38","vary-two","Portable::FileSpec","1.23","Test::More","1.302222","Test::NoWarnings","0.01"
"perl:5.38","vary-two","Portable::FileSpec","1.23","Test::More","0.01","Test::NoWarnings","0.01"
"perl:5.38","vary-two","Portable::FileSpec","1.23","LWP::Online","1.08","Test::More","1.302222"
"perl:5.38","vary-two","Portable::FileSpec","1.23","LWP::Online","1.08","Test::More","0.01"
"perl:5.38","vary-two","Portable::FileSpec","1.23","LWP::Online","0.01","Test::More","1.302222"
"perl:5.38","vary-two","Portable::FileSpec","1.23","LWP::Online","0.01","Test::More","0.01"
"perl:5.38","baseline","Sah::Schema::perl::tabledata::modname","0.002","","","",""
"perl:5.38","vary-one","Sah::Schema::perl::tabledata::modname","0.002","Perinci::Sub::XCompletion::perl_modname","0.103","",""
"perl:5.38","vary-one","Sah::Schema::perl::tabledata::modname","0.002","Sah::Schema::perl::modname","0.050","",""
"perl:5.38","vary-one","Sah::Schema::perl::tabledata::modname","0.002","Sah::PSchema::perl::modname_with_optional_args","0.011","",""
"perl:5.38","vary-two","Sah::Schema::perl::tabledata::modname","0.002","Perinci::Sub::XCompletion::perl_modname","0.103","Sah::Schema::perl::modname","0.050"
"perl:5.38","vary-two","Sah::Schema::perl::tabledata::modname","0.002","Perinci::Sub::XCompletion::perl_modname","0.103","Sah::PSchema::perl::modname_with_optional_args","0.011"
"perl:5.38","vary-two","Sah::Schema::perl::tabledata::modname","0.002","Sah::PSchema::perl::modname_with_optional_args","0.011","Sah::Schema::perl::modname","0.050"
"perl:5.38","baseline","Template::Stash","3.106","","","",""
"perl:5.38","vary-one","Template::Stash","3.106","AppConfig","1.71","",""
"perl:5.38","vary-one","Template::Stash","3.106","AppConfig","0.01","",""
"perl:5.38","vary-one","Template::Stash","3.106","Scalar::Util","1.70","",""
"perl:5.38","vary-one","Template::Stash","3.106","Scalar::Util","0.10","",""
"perl:5.38","vary-one","Template::Stash","3.106","File::Spec","3.75","",""
"perl:5.38","vary-one","Template::Stash","3.106","File::Spec","3.00","",""
"perl:5.38","vary-two","Template::Stash","3.106","AppConfig","1.71","Scalar::Util","1.70"
"perl:5.38","vary-two","Template::Stash","3.106","AppConfig","1.71","Scalar::Util","0.10"
"perl:5.38","vary-two","Template::Stash","3.106","AppConfig","0.01","Scalar::Util","1.70"
"perl:5.38","vary-two","Template::Stash","3.106","AppConfig","0.01","Scalar::Util","0.10"
"perl:5.38","vary-two","Template::Stash","3.106","AppConfig","1.71","File::Spec","3.75"
"perl:5.38","vary-two","Template::Stash","3.106","AppConfig","1.71","File::Spec","3.00"
"perl:5.38","vary-two","Template::Stash","3.106","AppConfig","0.01","File::Spec","3.75"
"perl:5.38","vary-two","Template::Stash","3.106","AppConfig","0.01","File::Spec","3.00"
"perl:5.38","vary-two","Template::Stash","3.106","File::Spec","3.75","Scalar::Util","1.70"
"perl:5.38","vary-two","Template::Stash","3.106","File::Spec","3.00","Scalar::Util","1.70"
"perl:5.38","vary-two","Template::Stash","3.106","File::Spec","3.75","Scalar::Util","0.10"
"perl:5.38","vary-two","Template::Stash","3.106","File::Spec","3.00","Scalar::Util","0.10"
"perl:5.38","baseline","perfSONAR_PS::Services::MP::Agent::Base","0.09","","","",""
"perl:5.38","vary-one","perfSONAR_PS::Services::MP::Agent::Base","0.09","perfSONAR_PS::Services::Base","0.09","",""
"perl:5.38","vary-one","perfSONAR_PS::Services::MP::Agent::Base","0.09","perfSONAR_PS::Services::Base","0.01","",""
"perl:5.38","vary-one","perfSONAR_PS::Services::MP::Agent::Base","0.09","Log::Log4perl","1.57","",""
"perl:5.38","vary-one","perfSONAR_PS::Services::MP::Agent::Base","0.09","Log::Log4perl","0.16","",""
"perl:5.38","vary-one","perfSONAR_PS::Services::MP::Agent::Base","0.09","perfSONAR_PS::Messages","0.092","",""
"perl:5.38","vary-one","perfSONAR_PS::Services::MP::Agent::Base","0.09","perfSONAR_PS::Messages","v0.01","",""
"perl:5.38","vary-two","perfSONAR_PS::Services::MP::Agent::Base","0.09","Log::Log4perl","1.57","perfSONAR_PS::Services::Base","0.09"
"perl:5.38","vary-two","perfSONAR_PS::Services::MP::Agent::Base","0.09","Log::Log4perl","0.16","perfSONAR_PS::Services::Base","0.09"
"perl:5.38","vary-two","perfSONAR_PS::Services::MP::Agent::Base","0.09","Log::Log4perl","1.57","perfSONAR_PS::Services::Base","0.01"
"perl:5.38","vary-two","perfSONAR_PS::Services::MP::Agent::Base","0.09","Log::Log4perl","0.16","perfSONAR_PS::Services::Base","0.01"
"perl:5.38","vary-two","perfSONAR_PS::Services::MP::Agent::Base","0.09","perfSONAR_PS::Messages","0.092","perfSONAR_PS::Services::Base","0.09"
"perl:5.38","vary-two","perfSONAR_PS::Services::MP::Agent::Base","0.09","perfSONAR_PS::Messages","v0.01","perfSONAR_PS::Services::Base","0.09"
"perl:5.38","vary-two","perfSONAR_PS::Services::MP::Agent::Base","0.09","perfSONAR_PS::Messages","0.092","perfSONAR_PS::Services::Base","0.01"
"perl:5.38","vary-two","perfSONAR_PS::Services::MP::Agent::Base","0.09","perfSONAR_PS::Messages","v0.01","perfSONAR_PS::Services::Base","0.01"
"perl:5.38","vary-two","perfSONAR_PS::Services::MP::Agent::Base","0.09","Log::Log4perl","1.57","perfSONAR_PS::Messages","0.092"
"perl:5.38","vary-two","perfSONAR_PS::Services::MP::Agent::Base","0.09","Log::Log4perl","1.57","perfSONAR_PS::Messages","v0.01"
"perl:5.38","vary-two","perfSONAR_PS::Services::MP::Agent::Base","0.09","Log::Log4perl","0.16","perfSONAR_PS::Messages","0.092"
"perl:5.38","vary-two","perfSONAR_PS::Services::MP::Agent::Base","0.09","Log::Log4perl","0.16","perfSONAR_PS::Messages","v0.01"
"perl:5.38","baseline","WordList::EN::PersonName::PopularBabyName::US::SSA::2018::FemaleTop1000","0.003","","","",""
"perl:5.38","vary-one","WordList::EN::PersonName::PopularBabyName::US::SSA::2018::FemaleTop1000","0.003","WordList","0.7.11","",""
"perl:5.38","vary-one","WordList::EN::PersonName::PopularBabyName::US::SSA::2018::FemaleTop1000","0.003","WordList","0.1.0","",""
"perl:5.38","baseline","Plagger::Plugin::Notify::Command","v0.7.17","","","",""
"perl:5.38","vary-one","Plagger::Plugin::Notify::Command","v0.7.17","XML::RSS::LibXML","0.3105","",""
"perl:5.38","vary-one","Plagger::Plugin::Notify::Command","v0.7.17","XML::RSS::LibXML","0.01","",""
"perl:5.38","vary-one","Plagger::Plugin::Notify::Command","v0.7.17","YAML","1.321","",""
"perl:5.38","vary-one","Plagger::Plugin::Notify::Command","v0.7.17","YAML","0.25","",""
"perl:5.38","vary-one","Plagger::Plugin::Notify::Command","v0.7.17","MIME::Types","2.30","",""
"perl:5.38","vary-one","Plagger::Plugin::Notify::Command","v0.7.17","MIME::Types","0.01","",""
"perl:5.38","vary-two","Plagger::Plugin::Notify::Command","v0.7.17","XML::RSS::LibXML","0.3105","YAML","1.321"
"perl:5.38","vary-two","Plagger::Plugin::Notify::Command","v0.7.17","XML::RSS::LibXML","0.3105","YAML","0.25"
"perl:5.38","vary-two","Plagger::Plugin::Notify::Command","v0.7.17","XML::RSS::LibXML","0.01","YAML","1.321"
"perl:5.38","vary-two","Plagger::Plugin::Notify::Command","v0.7.17","XML::RSS::LibXML","0.01","YAML","0.25"
"perl:5.38","vary-two","Plagger::Plugin::Notify::Command","v0.7.17","MIME::Types","2.30","XML::RSS::LibXML","0.3105"
"perl:5.38","vary-two","Plagger::Plugin::Notify::Command","v0.7.17","MIME::Types","0.01","XML::RSS::LibXML","0.3105"
"perl:5.38","vary-two","Plagger::Plugin::Notify::Command","v0.7.17","MIME::Types","2.30","XML::RSS::LibXML","0.01"
"perl:5.38","vary-two","Plagger::Plugin::Notify::Command","v0.7.17","MIME::Types","0.01","XML::RSS::LibXML","0.01"
"perl:5.38","vary-two","Plagger::Plugin::Notify::Command","v0.7.17","MIME::Types","2.30","YAML","1.321"
"perl:5.38","vary-two","Plagger::Plugin::Notify::Command","v0.7.17","MIME::Types","0.01","YAML","1.321"
"perl:5.38","vary-two","Plagger::Plugin::Notify::Command","v0.7.17","MIME::Types","2.30","YAML","0.25"
"perl:5.38","vary-two","Plagger::Plugin::Notify::Command","v0.7.17","MIME::Types","0.01","YAML","0.25"
"perl:5.38","baseline","Template::Plugin::List","3.106","","","",""
"perl:5.38","vary-one","Template::Plugin::List","3.106","AppConfig","1.71","",""
"perl:5.38","vary-one","Template::Plugin::List","3.106","AppConfig","0.01","",""
"perl:5.38","vary-one","Template::Plugin::List","3.106","Scalar::Util","1.70","",""
"perl:5.38","vary-one","Template::Plugin::List","3.106","Scalar::Util","0.10","",""
"perl:5.38","vary-one","Template::Plugin::List","3.106","File::Spec","3.75","",""
"perl:5.38","vary-one","Template::Plugin::List","3.106","File::Spec","3.00","",""
"perl:5.38","vary-two","Template::Plugin::List","3.106","AppConfig","1.71","Scalar::Util","1.70"
"perl:5.38","vary-two","Template::Plugin::List","3.106","AppConfig","1.71","Scalar::Util","0.10"
"perl:5.38","vary-two","Template::Plugin::List","3.106","AppConfig","0.01","Scalar::Util","1.70"
"perl:5.38","vary-two","Template::Plugin::List","3.106","AppConfig","0.01","Scalar::Util","0.10"
"perl:5.38","vary-two","Template::Plugin::List","3.106","AppConfig","1.71","File::Spec","3.75"
"perl:5.38","vary-two","Template::Plugin::List","3.106","AppConfig","1.71","File::Spec","3.00"
"perl:5.38","vary-two","Template::Plugin::List","3.106","AppConfig","0.01","File::Spec","3.75"
"perl:5.38","vary-two","Template::Plugin::List","3.106","AppConfig","0.01","File::Spec","3.00"
"perl:5.38","vary-two","Template::Plugin::List","3.106","File::Spec","3.75","Scalar::Util","1.70"
"perl:5.38","vary-two","Template::Plugin::List","3.106","File::Spec","3.00","Scalar::Util","1.70"
"perl:5.38","vary-two","Template::Plugin::List","3.106","File::Spec","3.75","Scalar::Util","0.10"
"perl:5.38","vary-two","Template::Plugin::List","3.106","File::Spec","3.00","Scalar::Util","0.10"
"perl:5.38","baseline","App::PerlGzipScript","v0.0.3","","","",""
"perl:5.38","vary-one","App::PerlGzipScript","v0.0.3","Gzip::Libdeflate","0.12","",""
"perl:5.38","vary-one","App::PerlGzipScript","v0.0.3","Gzip::Libdeflate","0.01","",""
"perl:5.38","vary-one","App::PerlGzipScript","v0.0.3","File::Slurper","0.014","",""
"perl:5.38","vary-one","App::PerlGzipScript","v0.0.3","File::Slurper","0.002","",""
"perl:5.38","vary-one","App::PerlGzipScript","v0.0.3","Module::Build::Tiny","0.053","",""
"perl:5.38","vary-one","App::PerlGzipScript","v0.0.3","Module::Build::Tiny","0.006","",""
"perl:5.38","vary-two","App::PerlGzipScript","v0.0.3","File::Slurper","0.014","Gzip::Libdeflate","0.12"
"perl:5.38","vary-two","App::PerlGzipScript","v0.0.3","File::Slurper","0.002","Gzip::Libdeflate","0.12"
"perl:5.38","vary-two","App::PerlGzipScript","v0.0.3","File::Slurper","0.014","Gzip::Libdeflate","0.01"
"perl:5.38","vary-two","App::PerlGzipScript","v0.0.3","File::Slurper","0.002","Gzip::Libdeflate","0.01"
"perl:5.38","vary-two","App::PerlGzipScript","v0.0.3","Gzip::Libdeflate","0.12","Module::Build::Tiny","0.053"
"perl:5.38","vary-two","App::PerlGzipScript","v0.0.3","Gzip::Libdeflate","0.12","Module::Build::Tiny","0.006"
"perl:5.38","vary-two","App::PerlGzipScript","v0.0.3","Gzip::Libdeflate","0.01","Module::Build::Tiny","0.053"
"perl:5.38","vary-two","App::PerlGzipScript","v0.0.3","Gzip::Libdeflate","0.01","Module::Build::Tiny","0.006"
"perl:5.38","vary-two","App::PerlGzipScript","v0.0.3","File::Slurper","0.014","Module::Build::Tiny","0.053"
"perl:5.38","vary-two","App::PerlGzipScript","v0.0.3","File::Slurper","0.014","Module::Build::Tiny","0.006"
"perl:5.38","vary-two","App::PerlGzipScript","v0.0.3","File::Slurper","0.002","Module::Build::Tiny","0.053"
"perl:5.38","vary-two","App::PerlGzipScript","v0.0.3","File::Slurper","0.002","Module::Build::Tiny","0.006"
"perl:5.38","baseline","WebService::Fastly::Object::TlsConfigurationsResponseAllOf","15.00","","","",""
"perl:5.38","vary-one","WebService::Fastly::Object::TlsConfigurationsResponseAllOf","15.00","JSON::MaybeXS","1.004008","",""
"perl:5.38","vary-one","WebService::Fastly::Object::TlsConfigurationsResponseAllOf","15.00","JSON::MaybeXS","1.000000","",""
"perl:5.38","vary-one","WebService::Fastly::Object::TlsConfigurationsResponseAllOf","15.00","Class::Data::Inheritable","0.10","",""
"perl:5.38","vary-one","WebService::Fastly::Object::TlsConfigurationsResponseAllOf","15.00","Class::Data::Inheritable","0.02","",""
"perl:5.38","vary-one","WebService::Fastly::Object::TlsConfigurationsResponseAllOf","15.00","Class::Accessor","0.51","",""
"perl:5.38","vary-one","WebService::Fastly::Object::TlsConfigurationsResponseAllOf","15.00","Class::Accessor","0.02","",""
"perl:5.38","vary-two","WebService::Fastly::Object::TlsConfigurationsResponseAllOf","15.00","Class::Data::Inheritable","0.10","JSON::MaybeXS","1.004008"
"perl:5.38","vary-two","WebService::Fastly::Object::TlsConfigurationsResponseAllOf","15.00","Class::Data::Inheritable","0.02","JSON::MaybeXS","1.004008"
"perl:5.38","vary-two","WebService::Fastly::Object::TlsConfigurationsResponseAllOf","15.00","Class::Data::Inheritable","0.10","JSON::MaybeXS","1.000000"
"perl:5.38","vary-two","WebService::Fastly::Object::TlsConfigurationsResponseAllOf","15.00","Class::Data::Inheritable","0.02","JSON::MaybeXS","1.000000"
"perl:5.38","vary-two","WebService::Fastly::Object::TlsConfigurationsResponseAllOf","15.00","Class::Accessor","0.51","JSON::MaybeXS","1.004008"
"perl:5.38","vary-two","WebService::Fastly::Object::TlsConfigurationsResponseAllOf","15.00","Class::Accessor","0.02","JSON::MaybeXS","1.004008"
"perl:5.38","vary-two","WebService::Fastly::Object::TlsConfigurationsResponseAllOf","15.00","Class::Accessor","0.51","JSON::MaybeXS","1.000000"
"perl:5.38","vary-two","WebService::Fastly::Object::TlsConfigurationsResponseAllOf","15.00","Class::Accessor","0.02","JSON::MaybeXS","1.000000"
"perl:5.38","vary-two","WebService::Fastly::Object::TlsConfigurationsResponseAllOf","15.00","Class::Accessor","0.51","Class::Data::Inheritable","0.10"
"perl:5.38","vary-two","WebService::Fastly::Object::TlsConfigurationsResponseAllOf","15.00","Class::Accessor","0.02","Class::Data::Inheritable","0.10"
"perl:5.38","vary-two","WebService::Fastly::Object::TlsConfigurationsResponseAllOf","15.00","Class::Accessor","0.51","Class::Data::Inheritable","0.02"
"perl:5.38","vary-two","WebService::Fastly::Object::TlsConfigurationsResponseAllOf","15.00","Class::Accessor","0.02","Class::Data::Inheritable","0.02"
"perl:5.38","baseline","Paws::SSM::GetMaintenanceWindowExecutionTask","0.46","","","",""
"perl:5.38","vary-one","Paws::SSM::GetMaintenanceWindowExecutionTask","0.46","Module::Build::Tiny","0.053","",""
"perl:5.38","vary-one","Paws::SSM::GetMaintenanceWindowExecutionTask","0.46","Module::Build::Tiny","0.006","",""
"perl:5.38","vary-one","Paws::SSM::GetMaintenanceWindowExecutionTask","0.46","Path::Tiny","0.150","",""
"perl:5.38","vary-one","Paws::SSM::GetMaintenanceWindowExecutionTask","0.46","Path::Tiny","0.001","",""
"perl:5.38","vary-one","Paws::SSM::GetMaintenanceWindowExecutionTask","0.46","Net::Amazon::Signature::V4","0.22","",""
"perl:5.38","vary-one","Paws::SSM::GetMaintenanceWindowExecutionTask","0.46","Net::Amazon::Signature::V4","0.04","",""
"perl:5.38","vary-two","Paws::SSM::GetMaintenanceWindowExecutionTask","0.46","Module::Build::Tiny","0.053","Path::Tiny","0.150"
"perl:5.38","vary-two","Paws::SSM::GetMaintenanceWindowExecutionTask","0.46","Module::Build::Tiny","0.053","Path::Tiny","0.001"
"perl:5.38","vary-two","Paws::SSM::GetMaintenanceWindowExecutionTask","0.46","Module::Build::Tiny","0.006","Path::Tiny","0.150"
"perl:5.38","vary-two","Paws::SSM::GetMaintenanceWindowExecutionTask","0.46","Module::Build::Tiny","0.006","Path::Tiny","0.001"
"perl:5.38","vary-two","Paws::SSM::GetMaintenanceWindowExecutionTask","0.46","Module::Build::Tiny","0.053","Net::Amazon::Signature::V4","0.22"
"perl:5.38","vary-two","Paws::SSM::GetMaintenanceWindowExecutionTask","0.46","Module::Build::Tiny","0.053","Net::Amazon::Signature::V4","0.04"
"perl:5.38","vary-two","Paws::SSM::GetMaintenanceWindowExecutionTask","0.46","Module::Build::Tiny","0.006","Net::Amazon::Signature::V4","0.22"
"perl:5.38","vary-two","Paws::SSM::GetMaintenanceWindowExecutionTask","0.46","Module::Build::Tiny","0.006","Net::Amazon::Signature::V4","0.04"
"perl:5.38","vary-two","Paws::SSM::GetMaintenanceWindowExecutionTask","0.46","Net::Amazon::Signature::V4","0.22","Path::Tiny","0.150"
"perl:5.38","vary-two","Paws::SSM::GetMaintenanceWindowExecutionTask","0.46","Net::Amazon::Signature::V4","0.04","Path::Tiny","0.150"
"perl:5.38","vary-two","Paws::SSM::GetMaintenanceWindowExecutionTask","0.46","Net::Amazon::Signature::V4","0.22","Path::Tiny","0.001"
"perl:5.38","vary-two","Paws::SSM::GetMaintenanceWindowExecutionTask","0.46","Net::Amazon::Signature::V4","0.04","Path::Tiny","0.001"
"perl:5.38","baseline","Bio::DB::GFF::Adaptor::dbi::mysqlace","v1.7.3","","","",""
"perl:5.38","vary-one","Bio::DB::GFF::Adaptor::dbi::mysqlace","v1.7.3","Ace","1.92","",""
"perl:5.38","vary-one","Bio::DB::GFF::Adaptor::dbi::mysqlace","v1.7.3","Ace","1.54","",""
"perl:5.38","vary-one","Bio::DB::GFF::Adaptor::dbi::mysqlace","v1.7.3","Bio::DB::GFF::Adaptor::dbi::oracle","1.7.4","",""
"perl:5.38","vary-one","Bio::DB::GFF::Adaptor::dbi::mysqlace","v1.7.3","Bio::DB::GFF::Adaptor::dbi::oracle","1.7.3","",""
"perl:5.38","vary-one","Bio::DB::GFF::Adaptor::dbi::mysqlace","v1.7.3","Bio::DB::Fasta","1.7.8","",""
"perl:5.38","vary-one","Bio::DB::GFF::Adaptor::dbi::mysqlace","v1.7.3","Bio::DB::Fasta","1.006000","",""
"perl:5.38","vary-two","Bio::DB::GFF::Adaptor::dbi::mysqlace","v1.7.3","Ace","1.92","Bio::DB::GFF::Adaptor::dbi::oracle","1.7.4"
"perl:5.38","vary-two","Bio::DB::GFF::Adaptor::dbi::mysqlace","v1.7.3","Ace","1.92","Bio::DB::GFF::Adaptor::dbi::oracle","1.7.3"
"perl:5.38","vary-two","Bio::DB::GFF::Adaptor::dbi::mysqlace","v1.7.3","Ace","1.54","Bio::DB::GFF::Adaptor::dbi::oracle","1.7.4"
"perl:5.38","vary-two","Bio::DB::GFF::Adaptor::dbi::mysqlace","v1.7.3","Ace","1.54","Bio::DB::GFF::Adaptor::dbi::oracle","1.7.3"
"perl:5.38","vary-two","Bio::DB::GFF::Adaptor::dbi::mysqlace","v1.7.3","Ace","1.92","Bio::DB::Fasta","1.7.8"
"perl:5.38","vary-two","Bio::DB::GFF::Adaptor::dbi::mysqlace","v1.7.3","Ace","1.92","Bio::DB::Fasta","1.006000"
"perl:5.38","vary-two","Bio::DB::GFF::Adaptor::dbi::mysqlace","v1.7.3","Ace","1.54","Bio::DB::Fasta","1.7.8"
"perl:5.38","vary-two","Bio::DB::GFF::Adaptor::dbi::mysqlace","v1.7.3","Ace","1.54","Bio::DB::Fasta","1.006000"
"perl:5.38","vary-two","Bio::DB::GFF::Adaptor::dbi::mysqlace","v1.7.3","Bio::DB::Fasta","1.7.8","Bio::DB::GFF::Adaptor::dbi::oracle","1.7.4"
"perl:5.38","vary-two","Bio::DB::GFF::Adaptor::dbi::mysqlace","v1.7.3","Bio::DB::Fasta","1.006000","Bio::DB::GFF::Adaptor::dbi::oracle","1.7.4"
"perl:5.38","vary-two","Bio::DB::GFF::Adaptor::dbi::mysqlace","v1.7.3","Bio::DB::Fasta","1.7.8","Bio::DB::GFF::Adaptor::dbi::oracle","1.7.3"
"perl:5.38","vary-two","Bio::DB::GFF::Adaptor::dbi::mysqlace","v1.7.3","Bio::DB::Fasta","1.006000","Bio::DB::GFF::Adaptor::dbi::oracle","1.7.3"
"perl:5.38","baseline","Catmandu::Importer::MARC::Line","1.33","","","",""
"perl:5.38","vary-one","Catmandu::Importer::MARC::Line","1.33","Module::Build","0.4234","",""
"perl:5.38","vary-one","Catmandu::Importer::MARC::Line","1.33","Module::Build","0.01","",""
"perl:5.38","vary-one","Catmandu::Importer::MARC::Line","1.33","MARC::Schema","0.16","",""
"perl:5.38","vary-one","Catmandu::Importer::MARC::Line","1.33","MARC::Schema","0.01","",""
"perl:5.38","vary-one","Catmandu::Importer::MARC::Line","1.33","Moo","2.005005","",""
"perl:5.38","vary-one","Catmandu::Importer::MARC::Line","1.33","Moo","0.009001","",""
"perl:5.38","vary-two","Catmandu::Importer::MARC::Line","1.33","MARC::Schema","0.16","Module::Build","0.4234"
"perl:5.38","vary-two","Catmandu::Importer::MARC::Line","1.33","MARC::Schema","0.01","Module::Build","0.4234"
"perl:5.38","vary-two","Catmandu::Importer::MARC::Line","1.33","MARC::Schema","0.16","Module::Build","0.01"
"perl:5.38","vary-two","Catmandu::Importer::MARC::Line","1.33","MARC::Schema","0.01","Module::Build","0.01"
"perl:5.38","vary-two","Catmandu::Importer::MARC::Line","1.33","Module::Build","0.4234","Moo","2.005005"
"perl:5.38","vary-two","Catmandu::Importer::MARC::Line","1.33","Module::Build","0.4234","Moo","0.009001"
"perl:5.38","vary-two","Catmandu::Importer::MARC::Line","1.33","Module::Build","0.01","Moo","2.005005"
"perl:5.38","vary-two","Catmandu::Importer::MARC::Line","1.33","Module::Build","0.01","Moo","0.009001"
"perl:5.38","vary-two","Catmandu::Importer::MARC::Line","1.33","MARC::Schema","0.16","Moo","2.005005"
"perl:5.38","vary-two","Catmandu::Importer::MARC::Line","1.33","MARC::Schema","0.16","Moo","0.009001"
"perl:5.38","vary-two","Catmandu::Importer::MARC::Line","1.33","MARC::Schema","0.01","Moo","2.005005"
"perl:5.38","vary-two","Catmandu::Importer::MARC::Line","1.33","MARC::Schema","0.01","Moo","0.009001"
"perl:5.38","baseline","AI::Categorizer","0.09","","","",""
"perl:5.38","vary-one","AI::Categorizer","0.09","Params::Validate","1.31","",""
"perl:5.38","vary-one","AI::Categorizer","0.09","Params::Validate","0.01","",""
"perl:5.38","vary-one","AI::Categorizer","0.09","Lingua::Stem","2.31","",""
"perl:5.38","vary-one","AI::Categorizer","0.09","Lingua::Stem","0.30","",""
"perl:5.38","vary-one","AI::Categorizer","0.09","Statistics::Contingency","0.09","",""
"perl:5.38","vary-one","AI::Categorizer","0.09","Statistics::Contingency","0.02","",""
"perl:5.38","vary-two","AI::Categorizer","0.09","Lingua::Stem","2.31","Params::Validate","1.31"
"perl:5.38","vary-two","AI::Categorizer","0.09","Lingua::Stem","0.30","Params::Validate","1.31"
"perl:5.38","vary-two","AI::Categorizer","0.09","Lingua::Stem","2.31","Params::Validate","0.01"
"perl:5.38","vary-two","AI::Categorizer","0.09","Lingua::Stem","0.30","Params::Validate","0.01"
"perl:5.38","vary-two","AI::Categorizer","0.09","Params::Validate","1.31","Statistics::Contingency","0.09"
"perl:5.38","vary-two","AI::Categorizer","0.09","Params::Validate","1.31","Statistics::Contingency","0.02"
"perl:5.38","vary-two","AI::Categorizer","0.09","Params::Validate","0.01","Statistics::Contingency","0.09"
"perl:5.38","vary-two","AI::Categorizer","0.09","Params::Validate","0.01","Statistics::Contingency","0.02"
"perl:5.38","vary-two","AI::Categorizer","0.09","Lingua::Stem","2.31","Statistics::Contingency","0.09"
"perl:5.38","vary-two","AI::Categorizer","0.09","Lingua::Stem","2.31","Statistics::Contingency","0.02"
"perl:5.38","vary-two","AI::Categorizer","0.09","Lingua::Stem","0.30","Statistics::Contingency","0.09"
"perl:5.38","vary-two","AI::Categorizer","0.09","Lingua::Stem","0.30","Statistics::Contingency","0.02"
"perl:5.38","baseline","CLIPSeqTools::App::genomic_distribution","v1.0.0","","","",""
"perl:5.38","vary-one","CLIPSeqTools::App::genomic_distribution","v1.0.0","GenOO::Data::File::FASTQ","1.5.2","",""
"perl:5.38","vary-one","CLIPSeqTools::App::genomic_distribution","v1.0.0","GenOO::Data::File::FASTQ","1.4","",""
"perl:5.38","vary-one","CLIPSeqTools::App::genomic_distribution","v1.0.0","GenOO::GenomicRegion","1.5.2","",""
"perl:5.38","vary-one","CLIPSeqTools::App::genomic_distribution","v1.0.0","GenOO::GenomicRegion","1.4","",""
"perl:5.38","vary-one","CLIPSeqTools::App::genomic_distribution","v1.0.0","GenOO::Data::File::SAM","1.5.2","",""
"perl:5.38","vary-one","CLIPSeqTools::App::genomic_distribution","v1.0.0","GenOO::Data::File::SAM","1.4","",""
"perl:5.38","vary-two","CLIPSeqTools::App::genomic_distribution","v1.0.0","GenOO::Data::File::FASTQ","1.5.2","GenOO::GenomicRegion","1.5.2"
"perl:5.38","vary-two","CLIPSeqTools::App::genomic_distribution","v1.0.0","GenOO::Data::File::FASTQ","1.5.2","GenOO::GenomicRegion","1.4"
"perl:5.38","vary-two","CLIPSeqTools::App::genomic_distribution","v1.0.0","GenOO::Data::File::FASTQ","1.4","GenOO::GenomicRegion","1.5.2"
"perl:5.38","vary-two","CLIPSeqTools::App::genomic_distribution","v1.0.0","GenOO::Data::File::FASTQ","1.4","GenOO::GenomicRegion","1.4"
"perl:5.38","vary-two","CLIPSeqTools::App::genomic_distribution","v1.0.0","GenOO::Data::File::FASTQ","1.5.2","GenOO::Data::File::SAM","1.5.2"
"perl:5.38","vary-two","CLIPSeqTools::App::genomic_distribution","v1.0.0","GenOO::Data::File::FASTQ","1.5.2","GenOO::Data::File::SAM","1.4"
"perl:5.38","vary-two","CLIPSeqTools::App::genomic_distribution","v1.0.0","GenOO::Data::File::FASTQ","1.4","GenOO::Data::File::SAM","1.5.2"
"perl:5.38","vary-two","CLIPSeqTools::App::genomic_distribution","v1.0.0","GenOO::Data::File::FASTQ","1.4","GenOO::Data::File::SAM","1.4"
"perl:5.38","vary-two","CLIPSeqTools::App::genomic_distribution","v1.0.0","GenOO::Data::File::SAM","1.5.2","GenOO::GenomicRegion","1.5.2"
"perl:5.38","vary-two","CLIPSeqTools::App::genomic_distribution","v1.0.0","GenOO::Data::File::SAM","1.4","GenOO::GenomicRegion","1.5.2"
"perl:5.38","vary-two","CLIPSeqTools::App::genomic_distribution","v1.0.0","GenOO::Data::File::SAM","1.5.2","GenOO::GenomicRegion","1.4"
"perl:5.38","vary-two","CLIPSeqTools::App::genomic_distribution","v1.0.0","GenOO::Data::File::SAM","1.4","GenOO::GenomicRegion","1.4"
"perl:5.38","baseline","Paws::Firehose::StopDeliveryStreamEncryptionOutput","0.46","","","",""
"perl:5.38","vary-one","Paws::Firehose::StopDeliveryStreamEncryptionOutput","0.46","Module::Build::Tiny","0.053","",""
"perl:5.38","vary-one","Paws::Firehose::StopDeliveryStreamEncryptionOutput","0.46","Module::Build::Tiny","0.006","",""
"perl:5.38","vary-one","Paws::Firehose::StopDeliveryStreamEncryptionOutput","0.46","Path::Tiny","0.150","",""
"perl:5.38","vary-one","Paws::Firehose::StopDeliveryStreamEncryptionOutput","0.46","Path::Tiny","0.001","",""
"perl:5.38","vary-one","Paws::Firehose::StopDeliveryStreamEncryptionOutput","0.46","Net::Amazon::Signature::V4","0.22","",""
"perl:5.38","vary-one","Paws::Firehose::StopDeliveryStreamEncryptionOutput","0.46","Net::Amazon::Signature::V4","0.04","",""
"perl:5.38","vary-two","Paws::Firehose::StopDeliveryStreamEncryptionOutput","0.46","Module::Build::Tiny","0.053","Path::Tiny","0.150"
"perl:5.38","vary-two","Paws::Firehose::StopDeliveryStreamEncryptionOutput","0.46","Module::Build::Tiny","0.053","Path::Tiny","0.001"
"perl:5.38","vary-two","Paws::Firehose::StopDeliveryStreamEncryptionOutput","0.46","Module::Build::Tiny","0.006","Path::Tiny","0.150"
"perl:5.38","vary-two","Paws::Firehose::StopDeliveryStreamEncryptionOutput","0.46","Module::Build::Tiny","0.006","Path::Tiny","0.001"
"perl:5.38","vary-two","Paws::Firehose::StopDeliveryStreamEncryptionOutput","0.46","Module::Build::Tiny","0.053","Net::Amazon::Signature::V4","0.22"
"perl:5.38","vary-two","Paws::Firehose::StopDeliveryStreamEncryptionOutput","0.46","Module::Build::Tiny","0.053","Net::Amazon::Signature::V4","0.04"
"perl:5.38","vary-two","Paws::Firehose::StopDeliveryStreamEncryptionOutput","0.46","Module::Build::Tiny","0.006","Net::Amazon::Signature::V4","0.22"
"perl:5.38","vary-two","Paws::Firehose::StopDeliveryStreamEncryptionOutput","0.46","Module::Build::Tiny","0.006","Net::Amazon::Signature::V4","0.04"
"perl:5.38","vary-two","Paws::Firehose::StopDeliveryStreamEncryptionOutput","0.46","Net::Amazon::Signature::V4","0.22","Path::Tiny","0.150"
"perl:5.38","vary-two","Paws::Firehose::StopDeliveryStreamEncryptionOutput","0.46","Net::Amazon::Signature::V4","0.04","Path::Tiny","0.150"
"perl:5.38","vary-two","Paws::Firehose::StopDeliveryStreamEncryptionOutput","0.46","Net::Amazon::Signature::V4","0.22","Path::Tiny","0.001"
"perl:5.38","vary-two","Paws::Firehose::StopDeliveryStreamEncryptionOutput","0.46","Net::Amazon::Signature::V4","0.04","Path::Tiny","0.001"
"perl:5.38","baseline","Paws::ServiceCatalog::ListPrincipalsForPortfolioOutput","0.46","","","",""
"perl:5.38","vary-one","Paws::ServiceCatalog::ListPrincipalsForPortfolioOutput","0.46","Module::Build::Tiny","0.053","",""
"perl:5.38","vary-one","Paws::ServiceCatalog::ListPrincipalsForPortfolioOutput","0.46","Module::Build::Tiny","0.006","",""
"perl:5.38","vary-one","Paws::ServiceCatalog::ListPrincipalsForPortfolioOutput","0.46","Path::Tiny","0.150","",""
"perl:5.38","vary-one","Paws::ServiceCatalog::ListPrincipalsForPortfolioOutput","0.46","Path::Tiny","0.001","",""
"perl:5.38","vary-one","Paws::ServiceCatalog::ListPrincipalsForPortfolioOutput","0.46","Net::Amazon::Signature::V4","0.22","",""
"perl:5.38","vary-one","Paws::ServiceCatalog::ListPrincipalsForPortfolioOutput","0.46","Net::Amazon::Signature::V4","0.04","",""
"perl:5.38","vary-two","Paws::ServiceCatalog::ListPrincipalsForPortfolioOutput","0.46","Module::Build::Tiny","0.053","Path::Tiny","0.150"
"perl:5.38","vary-two","Paws::ServiceCatalog::ListPrincipalsForPortfolioOutput","0.46","Module::Build::Tiny","0.053","Path::Tiny","0.001"
"perl:5.38","vary-two","Paws::ServiceCatalog::ListPrincipalsForPortfolioOutput","0.46","Module::Build::Tiny","0.006","Path::Tiny","0.150"
"perl:5.38","vary-two","Paws::ServiceCatalog::ListPrincipalsForPortfolioOutput","0.46","Module::Build::Tiny","0.006","Path::Tiny","0.001"
"perl:5.38","vary-two","Paws::ServiceCatalog::ListPrincipalsForPortfolioOutput","0.46","Module::Build::Tiny","0.053","Net::Amazon::Signature::V4","0.22"
"perl:5.38","vary-two","Paws::ServiceCatalog::ListPrincipalsForPortfolioOutput","0.46","Module::Build::Tiny","0.053","Net::Amazon::Signature::V4","0.04"
"perl:5.38","vary-two","Paws::ServiceCatalog::ListPrincipalsForPortfolioOutput","0.46","Module::Build::Tiny","0.006","Net::Amazon::Signature::V4","0.22"
"perl:5.38","vary-two","Paws::ServiceCatalog::ListPrincipalsForPortfolioOutput","0.46","Module::Build::Tiny","0.006","Net::Amazon::Signature::V4","0.04"
"perl:5.38","vary-two","Paws::ServiceCatalog::ListPrincipalsForPortfolioOutput","0.46","Net::Amazon::Signature::V4","0.22","Path::Tiny","0.150"
"perl:5.38","vary-two","Paws::ServiceCatalog::ListPrincipalsForPortfolioOutput","0.46","Net::Amazon::Signature::V4","0.04","Path::Tiny","0.150"
"perl:5.38","vary-two","Paws::ServiceCatalog::ListPrincipalsForPortfolioOutput","0.46","Net::Amazon::Signature::V4","0.22","Path::Tiny","0.001"
"perl:5.38","vary-two","Paws::ServiceCatalog::ListPrincipalsForPortfolioOutput","0.46","Net::Amazon::Signature::V4","0.04","Path::Tiny","0.001"
"perl:5.38","baseline","DBIx::Spreadsheet","0.05","","","",""
"perl:5.38","vary-one","DBIx::Spreadsheet","0.05","Text::CleanFragment","0.08","",""
"perl:5.38","vary-one","DBIx::Spreadsheet","0.05","Text::CleanFragment","0.01","",""
"perl:5.38","vary-one","DBIx::Spreadsheet","0.05","Text::Unidecode","1.30","",""
"perl:5.38","vary-one","DBIx::Spreadsheet","0.05","Text::Unidecode","0.03","",""
"perl:5.38","vary-one","DBIx::Spreadsheet","0.05","DBIx::RunSQL","0.28","",""
"perl:5.38","vary-one","DBIx::Spreadsheet","0.05","DBIx::RunSQL","0.03","",""
"perl:5.38","vary-two","DBIx::Spreadsheet","0.05","Text::CleanFragment","0.08","Text::Unidecode","1.30"
"perl:5.38","vary-two","DBIx::Spreadsheet","0.05","Text::CleanFragment","0.08","Text::Unidecode","0.03"
"perl:5.38","vary-two","DBIx::Spreadsheet","0.05","Text::CleanFragment","0.01","Text::Unidecode","1.30"
"perl:5.38","vary-two","DBIx::Spreadsheet","0.05","Text::CleanFragment","0.01","Text::Unidecode","0.03"
"perl:5.38","vary-two","DBIx::Spreadsheet","0.05","DBIx::RunSQL","0.28","Text::CleanFragment","0.08"
"perl:5.38","vary-two","DBIx::Spreadsheet","0.05","DBIx::RunSQL","0.03","Text::CleanFragment","0.08"
"perl:5.38","vary-two","DBIx::Spreadsheet","0.05","DBIx::RunSQL","0.28","Text::CleanFragment","0.01"
"perl:5.38","vary-two","DBIx::Spreadsheet","0.05","DBIx::RunSQL","0.03","Text::CleanFragment","0.01"
"perl:5.38","vary-two","DBIx::Spreadsheet","0.05","DBIx::RunSQL","0.28","Text::Unidecode","1.30"
"perl:5.38","vary-two","DBIx::Spreadsheet","0.05","DBIx::RunSQL","0.03","Text::Unidecode","1.30"
"perl:5.38","vary-two","DBIx::Spreadsheet","0.05","DBIx::RunSQL","0.28","Text::Unidecode","0.03"
"perl:5.38","vary-two","DBIx::Spreadsheet","0.05","DBIx::RunSQL","0.03","Text::Unidecode","0.03"
"perl:5.38","baseline","Net::MythTV::Connection","0.33","","","",""
"perl:5.38","vary-one","Net::MythTV::Connection","0.33","Moose","2.4000","",""
"perl:5.38","vary-one","Net::MythTV::Connection","0.33","Moose","0.18","",""
"perl:5.38","vary-one","Net::MythTV::Connection","0.33","URI","5.35","",""
"perl:5.38","vary-one","Net::MythTV::Connection","0.33","URI","0.01","",""
"perl:5.38","vary-one","Net::MythTV::Connection","0.33","MooseX::StrictConstructor","0.21","",""
"perl:5.38","vary-one","Net::MythTV::Connection","0.33","MooseX::StrictConstructor","0.01","",""
"perl:5.38","vary-two","Net::MythTV::Connection","0.33","Moose","2.4000","URI","5.35"
"perl:5.38","vary-two","Net::MythTV::Connection","0.33","Moose","2.4000","URI","0.01"
"perl:5.38","vary-two","Net::MythTV::Connection","0.33","Moose","0.18","URI","5.35"
"perl:5.38","vary-two","Net::MythTV::Connection","0.33","Moose","0.18","URI","0.01"
"perl:5.38","vary-two","Net::MythTV::Connection","0.33","Moose","2.4000","MooseX::StrictConstructor","0.21"
"perl:5.38","vary-two","Net::MythTV::Connection","0.33","Moose","2.4000","MooseX::StrictConstructor","0.01"
"perl:5.38","vary-two","Net::MythTV::Connection","0.33","Moose","0.18","MooseX::StrictConstructor","0.21"
"perl:5.38","vary-two","Net::MythTV::Connection","0.33","Moose","0.18","MooseX::StrictConstructor","0.01"
"perl:5.38","vary-two","Net::MythTV::Connection","0.33","MooseX::StrictConstructor","0.21","URI","5.35"
"perl:5.38","vary-two","Net::MythTV::Connection","0.33","MooseX::StrictConstructor","0.01","URI","5.35"
"perl:5.38","vary-two","Net::MythTV::Connection","0.33","MooseX::StrictConstructor","0.21","URI","0.01"
"perl:5.38","vary-two","Net::MythTV::Connection","0.33","MooseX::StrictConstructor","0.01","URI","0.01"
"perl:5.38","baseline","Chart::GGPlot::Backend","0.002003","","","",""
"perl:5.38","vary-one","Chart::GGPlot::Backend","0.002003","Type::Params","2.010001","",""
"perl:5.38","vary-one","Chart::GGPlot::Backend","0.002003","Type::Params","0.001","",""
"perl:5.38","vary-one","Chart::GGPlot::Backend","0.002003","Function::Parameters","2.002006","",""
"perl:5.38","vary-one","Chart::GGPlot::Backend","0.002003","Function::Parameters","0.03","",""
"perl:5.38","vary-one","Chart::GGPlot::Backend","0.002003","Data::Munge","0.111","",""
"perl:5.38","vary-one","Chart::GGPlot::Backend","0.002003","Data::Munge","0.02","",""
"perl:5.38","vary-two","Chart::GGPlot::Backend","0.002003","Function::Parameters","2.002006","Type::Params","2.010001"
"perl:5.38","vary-two","Chart::GGPlot::Backend","0.002003","Function::Parameters","0.03","Type::Params","2.010001"
"perl:5.38","vary-two","Chart::GGPlot::Backend","0.002003","Function::Parameters","2.002006","Type::Params","0.001"
"perl:5.38","vary-two","Chart::GGPlot::Backend","0.002003","Function::Parameters","0.03","Type::Params","0.001"
"perl:5.38","vary-two","Chart::GGPlot::Backend","0.002003","Data::Munge","0.111","Type::Params","2.010001"
"perl:5.38","vary-two","Chart::GGPlot::Backend","0.002003","Data::Munge","0.02","Type::Params","2.010001"
"perl:5.38","vary-two","Chart::GGPlot::Backend","0.002003","Data::Munge","0.111","Type::Params","0.001"
"perl:5.38","vary-two","Chart::GGPlot::Backend","0.002003","Data::Munge","0.02","Type::Params","0.001"
"perl:5.38","vary-two","Chart::GGPlot::Backend","0.002003","Data::Munge","0.111","Function::Parameters","2.002006"
"perl:5.38","vary-two","Chart::GGPlot::Backend","0.002003","Data::Munge","0.02","Function::Parameters","2.002006"
"perl:5.38","vary-two","Chart::GGPlot::Backend","0.002003","Data::Munge","0.111","Function::Parameters","0.03"
"perl:5.38","vary-two","Chart::GGPlot::Backend","0.002003","Data::Munge","0.02","Function::Parameters","0.03"
"perl:5.38","baseline","Paws::EC2::DisableSerialConsoleAccess","0.46","","","",""
"perl:5.38","vary-one","Paws::EC2::DisableSerialConsoleAccess","0.46","Module::Build::Tiny","0.053","",""
"perl:5.38","vary-one","Paws::EC2::DisableSerialConsoleAccess","0.46","Module::Build::Tiny","0.006","",""
"perl:5.38","vary-one","Paws::EC2::DisableSerialConsoleAccess","0.46","Path::Tiny","0.150","",""
"perl:5.38","vary-one","Paws::EC2::DisableSerialConsoleAccess","0.46","Path::Tiny","0.001","",""
"perl:5.38","vary-one","Paws::EC2::DisableSerialConsoleAccess","0.46","Net::Amazon::Signature::V4","0.22","",""
"perl:5.38","vary-one","Paws::EC2::DisableSerialConsoleAccess","0.46","Net::Amazon::Signature::V4","0.04","",""
"perl:5.38","vary-two","Paws::EC2::DisableSerialConsoleAccess","0.46","Module::Build::Tiny","0.053","Path::Tiny","0.150"
"perl:5.38","vary-two","Paws::EC2::DisableSerialConsoleAccess","0.46","Module::Build::Tiny","0.053","Path::Tiny","0.001"
"perl:5.38","vary-two","Paws::EC2::DisableSerialConsoleAccess","0.46","Module::Build::Tiny","0.006","Path::Tiny","0.150"
"perl:5.38","vary-two","Paws::EC2::DisableSerialConsoleAccess","0.46","Module::Build::Tiny","0.006","Path::Tiny","0.001"
"perl:5.38","vary-two","Paws::EC2::DisableSerialConsoleAccess","0.46","Module::Build::Tiny","0.053","Net::Amazon::Signature::V4","0.22"
"perl:5.38","vary-two","Paws::EC2::DisableSerialConsoleAccess","0.46","Module::Build::Tiny","0.053","Net::Amazon::Signature::V4","0.04"
"perl:5.38","vary-two","Paws::EC2::DisableSerialConsoleAccess","0.46","Module::Build::Tiny","0.006","Net::Amazon::Signature::V4","0.22"
"perl:5.38","vary-two","Paws::EC2::DisableSerialConsoleAccess","0.46","Module::Build::Tiny","0.006","Net::Amazon::Signature::V4","0.04"
"perl:5.38","vary-two","Paws::EC2::DisableSerialConsoleAccess","0.46","Net::Amazon::Signature::V4","0.22","Path::Tiny","0.150"
"perl:5.38","vary-two","Paws::EC2::DisableSerialConsoleAccess","0.46","Net::Amazon::Signature::V4","0.04","Path::Tiny","0.150"
"perl:5.38","vary-two","Paws::EC2::DisableSerialConsoleAccess","0.46","Net::Amazon::Signature::V4","0.22","Path::Tiny","0.001"
"perl:5.38","vary-two","Paws::EC2::DisableSerialConsoleAccess","0.46","Net::Amazon::Signature::V4","0.04","Path::Tiny","0.001"
"perl:5.38","baseline","Paws::CloudDirectory::BatchAttachToIndex","0.46","","","",""
"perl:5.38","vary-one","Paws::CloudDirectory::BatchAttachToIndex","0.46","Module::Build::Tiny","0.053","",""
"perl:5.38","vary-one","Paws::CloudDirectory::BatchAttachToIndex","0.46","Module::Build::Tiny","0.006","",""
"perl:5.38","vary-one","Paws::CloudDirectory::BatchAttachToIndex","0.46","Path::Tiny","0.150","",""
"perl:5.38","vary-one","Paws::CloudDirectory::BatchAttachToIndex","0.46","Path::Tiny","0.001","",""
"perl:5.38","vary-one","Paws::CloudDirectory::BatchAttachToIndex","0.46","Net::Amazon::Signature::V4","0.22","",""
"perl:5.38","vary-one","Paws::CloudDirectory::BatchAttachToIndex","0.46","Net::Amazon::Signature::V4","0.04","",""
"perl:5.38","vary-two","Paws::CloudDirectory::BatchAttachToIndex","0.46","Module::Build::Tiny","0.053","Path::Tiny","0.150"
"perl:5.38","vary-two","Paws::CloudDirectory::BatchAttachToIndex","0.46","Module::Build::Tiny","0.053","Path::Tiny","0.001"
"perl:5.38","vary-two","Paws::CloudDirectory::BatchAttachToIndex","0.46","Module::Build::Tiny","0.006","Path::Tiny","0.150"
"perl:5.38","vary-two","Paws::CloudDirectory::BatchAttachToIndex","0.46","Module::Build::Tiny","0.006","Path::Tiny","0.001"
"perl:5.38","vary-two","Paws::CloudDirectory::BatchAttachToIndex","0.46","Module::Build::Tiny","0.053","Net::Amazon::Signature::V4","0.22"
"perl:5.38","vary-two","Paws::CloudDirectory::BatchAttachToIndex","0.46","Module::Build::Tiny","0.053","Net::Amazon::Signature::V4","0.04"
"perl:5.38","vary-two","Paws::CloudDirectory::BatchAttachToIndex","0.46","Module::Build::Tiny","0.006","Net::Amazon::Signature::V4","0.22"
"perl:5.38","vary-two","Paws::CloudDirectory::BatchAttachToIndex","0.46","Module::Build::Tiny","0.006","Net::Amazon::Signature::V4","0.04"
"perl:5.38","vary-two","Paws::CloudDirectory::BatchAttachToIndex","0.46","Net::Amazon::Signature::V4","0.22","Path::Tiny","0.150"
"perl:5.38","vary-two","Paws::CloudDirectory::BatchAttachToIndex","0.46","Net::Amazon::Signature::V4","0.04","Path::Tiny","0.150"
"perl:5.38","vary-two","Paws::CloudDirectory::BatchAttachToIndex","0.46","Net::Amazon::Signature::V4","0.22","Path::Tiny","0.001"
"perl:5.38","vary-two","Paws::CloudDirectory::BatchAttachToIndex","0.46","Net::Amazon::Signature::V4","0.04","Path::Tiny","0.001"
"perl:5.38","baseline","Cfn::Resource::Properties::Object::AWS::CodeDeploy::DeploymentGroup::TargetGroupInfo","0.14","","","",""
"perl:5.38","vary-one","Cfn::Resource::Properties::Object::AWS::CodeDeploy::DeploymentGroup::TargetGroupInfo","0.14","YAML::PP","v0.41.0","",""
"perl:5.38","vary-one","Cfn::Resource::Properties::Object::AWS::CodeDeploy::DeploymentGroup::TargetGroupInfo","0.14","YAML::PP","0.001","",""
"perl:5.38","vary-one","Cfn::Resource::Properties::Object::AWS::CodeDeploy::DeploymentGroup::TargetGroupInfo","0.14","MooseX::StrictConstructor","0.21","",""
"perl:5.38","vary-one","Cfn::Resource::Properties::Object::AWS::CodeDeploy::DeploymentGroup::TargetGroupInfo","0.14","MooseX::StrictConstructor","0.01","",""
"perl:5.38","vary-one","Cfn::Resource::Properties::Object::AWS::CodeDeploy::DeploymentGroup::TargetGroupInfo","0.14","MooseX::SlurpyConstructor","1.30","",""
"perl:5.38","vary-one","Cfn::Resource::Properties::Object::AWS::CodeDeploy::DeploymentGroup::TargetGroupInfo","0.14","MooseX::SlurpyConstructor","0.01","",""
"perl:5.38","vary-two","Cfn::Resource::Properties::Object::AWS::CodeDeploy::DeploymentGroup::TargetGroupInfo","0.14","MooseX::StrictConstructor","0.21","YAML::PP","v0.41.0"
"perl:5.38","vary-two","Cfn::Resource::Properties::Object::AWS::CodeDeploy::DeploymentGroup::TargetGroupInfo","0.14","MooseX::StrictConstructor","0.01","YAML::PP","v0.41.0"
"perl:5.38","vary-two","Cfn::Resource::Properties::Object::AWS::CodeDeploy::DeploymentGroup::TargetGroupInfo","0.14","MooseX::StrictConstructor","0.21","YAML::PP","0.001"
"perl:5.38","vary-two","Cfn::Resource::Properties::Object::AWS::CodeDeploy::DeploymentGroup::TargetGroupInfo","0.14","MooseX::StrictConstructor","0.01","YAML::PP","0.001"
"perl:5.38","vary-two","Cfn::Resource::Properties::Object::AWS::CodeDeploy::DeploymentGroup::TargetGroupInfo","0.14","MooseX::SlurpyConstructor","1.30","YAML::PP","v0.41.0"
"perl:5.38","vary-two","Cfn::Resource::Properties::Object::AWS::CodeDeploy::DeploymentGroup::TargetGroupInfo","0.14","MooseX::SlurpyConstructor","0.01","YAML::PP","v0.41.0"
"perl:5.38","vary-two","Cfn::Resource::Properties::Object::AWS::CodeDeploy::DeploymentGroup::TargetGroupInfo","0.14","MooseX::SlurpyConstructor","1.30","YAML::PP","0.001"
"perl:5.38","vary-two","Cfn::Resource::Properties::Object::AWS::CodeDeploy::DeploymentGroup::TargetGroupInfo","0.14","MooseX::SlurpyConstructor","0.01","YAML::PP","0.001"
"perl:5.38","vary-two","Cfn::Resource::Properties::Object::AWS::CodeDeploy::DeploymentGroup::TargetGroupInfo","0.14","MooseX::SlurpyConstructor","1.30","MooseX::StrictConstructor","0.21"
"perl:5.38","vary-two","Cfn::Resource::Properties::Object::AWS::CodeDeploy::DeploymentGroup::TargetGroupInfo","0.14","MooseX::SlurpyConstructor","0.01","MooseX::StrictConstructor","0.21"
"perl:5.38","vary-two","Cfn::Resource::Properties::Object::AWS::CodeDeploy::DeploymentGroup::TargetGroupInfo","0.14","MooseX::SlurpyConstructor","1.30","MooseX::StrictConstructor","0.01"
"perl:5.38","vary-two","Cfn::Resource::Properties::Object::AWS::CodeDeploy::DeploymentGroup::TargetGroupInfo","0.14","MooseX::SlurpyConstructor","0.01","MooseX::StrictConstructor","0.01"
"perl:5.38","baseline","WWW::Shopify::Field::String::Regex","1.04","","","",""
"perl:5.38","vary-one","WWW::Shopify::Field::String::Regex","1.04","Module::Build","0.4234","",""
"perl:5.38","vary-one","WWW::Shopify::Field::String::Regex","1.04","Module::Build","0.01","",""
"perl:5.38","vary-one","WWW::Shopify::Field::String::Regex","1.04","Devel::StackTrace","2.05","",""
"perl:5.38","vary-one","WWW::Shopify::Field::String::Regex","1.04","Devel::StackTrace","0.7","",""
"perl:5.38","vary-one","WWW::Shopify::Field::String::Regex","1.04","Data::Random","0.15","",""
"perl:5.38","vary-one","WWW::Shopify::Field::String::Regex","1.04","Data::Random","0.01","",""
"perl:5.38","vary-two","WWW::Shopify::Field::String::Regex","1.04","Devel::StackTrace","2.05","Module::Build","0.4234"
"perl:5.38","vary-two","WWW::Shopify::Field::String::Regex","1.04","Devel::StackTrace","0.7","Module::Build","0.4234"
"perl:5.38","vary-two","WWW::Shopify::Field::String::Regex","1.04","Devel::StackTrace","2.05","Module::Build","0.01"
"perl:5.38","vary-two","WWW::Shopify::Field::String::Regex","1.04","Devel::StackTrace","0.7","Module::Build","0.01"
"perl:5.38","vary-two","WWW::Shopify::Field::String::Regex","1.04","Data::Random","0.15","Module::Build","0.4234"
"perl:5.38","vary-two","WWW::Shopify::Field::String::Regex","1.04","Data::Random","0.01","Module::Build","0.4234"
"perl:5.38","vary-two","WWW::Shopify::Field::String::Regex","1.04","Data::Random","0.15","Module::Build","0.01"
"perl:5.38","vary-two","WWW::Shopify::Field::String::Regex","1.04","Data::Random","0.01","Module::Build","0.01"
"perl:5.38","vary-two","WWW::Shopify::Field::String::Regex","1.04","Data::Random","0.15","Devel::StackTrace","2.05"
"perl:5.38","vary-two","WWW::Shopify::Field::String::Regex","1.04","Data::Random","0.01","Devel::StackTrace","2.05"
"perl:5.38","vary-two","WWW::Shopify::Field::String::Regex","1.04","Data::Random","0.15","Devel::StackTrace","0.7"
"perl:5.38","vary-two","WWW::Shopify::Field::String::Regex","1.04","Data::Random","0.01","Devel::StackTrace","0.7"
"perl:5.38","baseline","Text::Livedoor::Wiki::Plugin::Block::DL","0.02","","","",""
"perl:5.38","vary-one","Text::Livedoor::Wiki::Plugin::Block::DL","0.02","Test::Base","0.89","",""
"perl:5.38","vary-one","Text::Livedoor::Wiki::Plugin::Block::DL","0.02","Test::Base","0.40","",""
"perl:5.38","vary-one","Text::Livedoor::Wiki::Plugin::Block::DL","0.02","Scalar::Util","1.70","",""
"perl:5.38","vary-one","Text::Livedoor::Wiki::Plugin::Block::DL","0.02","Scalar::Util","0.10","",""
"perl:5.38","vary-one","Text::Livedoor::Wiki::Plugin::Block::DL","0.02","UNIVERSAL::require","0.19","",""
"perl:5.38","vary-one","Text::Livedoor::Wiki::Plugin::Block::DL","0.02","UNIVERSAL::require","0.10","",""
"perl:5.38","vary-two","Text::Livedoor::Wiki::Plugin::Block::DL","0.02","Scalar::Util","1.70","Test::Base","0.89"
"perl:5.38","vary-two","Text::Livedoor::Wiki::Plugin::Block::DL","0.02","Scalar::Util","0.10","Test::Base","0.89"
"perl:5.38","vary-two","Text::Livedoor::Wiki::Plugin::Block::DL","0.02","Scalar::Util","1.70","Test::Base","0.40"
"perl:5.38","vary-two","Text::Livedoor::Wiki::Plugin::Block::DL","0.02","Scalar::Util","0.10","Test::Base","0.40"
"perl:5.38","vary-two","Text::Livedoor::Wiki::Plugin::Block::DL","0.02","Test::Base","0.89","UNIVERSAL::require","0.19"
"perl:5.38","vary-two","Text::Livedoor::Wiki::Plugin::Block::DL","0.02","Test::Base","0.89","UNIVERSAL::require","0.10"
"perl:5.38","vary-two","Text::Livedoor::Wiki::Plugin::Block::DL","0.02","Test::Base","0.40","UNIVERSAL::require","0.19"
"perl:5.38","vary-two","Text::Livedoor::Wiki::Plugin::Block::DL","0.02","Test::Base","0.40","UNIVERSAL::require","0.10"
"perl:5.38","vary-two","Text::Livedoor::Wiki::Plugin::Block::DL","0.02","Scalar::Util","1.70","UNIVERSAL::require","0.19"
"perl:5.38","vary-two","Text::Livedoor::Wiki::Plugin::Block::DL","0.02","Scalar::Util","1.70","UNIVERSAL::require","0.10"
"perl:5.38","vary-two","Text::Livedoor::Wiki::Plugin::Block::DL","0.02","Scalar::Util","0.10","UNIVERSAL::require","0.19"
"perl:5.38","vary-two","Text::Livedoor::Wiki::Plugin::Block::DL","0.02","Scalar::Util","0.10","UNIVERSAL::require","0.10"
"perl:5.38","baseline","WebService::Fastly::Object::DomainInspectorResponseProductProduct","15.00","","","",""
"perl:5.38","vary-one","WebService::Fastly::Object::DomainInspectorResponseProductProduct","15.00","JSON::MaybeXS","1.004008","",""
"perl:5.38","vary-one","WebService::Fastly::Object::DomainInspectorResponseProductProduct","15.00","JSON::MaybeXS","1.000000","",""
"perl:5.38","vary-one","WebService::Fastly::Object::DomainInspectorResponseProductProduct","15.00","Class::Data::Inheritable","0.10","",""
"perl:5.38","vary-one","WebService::Fastly::Object::DomainInspectorResponseProductProduct","15.00","Class::Data::Inheritable","0.02","",""
"perl:5.38","vary-one","WebService::Fastly::Object::DomainInspectorResponseProductProduct","15.00","Class::Accessor","0.51","",""
"perl:5.38","vary-one","WebService::Fastly::Object::DomainInspectorResponseProductProduct","15.00","Class::Accessor","0.02","",""
"perl:5.38","vary-two","WebService::Fastly::Object::DomainInspectorResponseProductProduct","15.00","Class::Data::Inheritable","0.10","JSON::MaybeXS","1.004008"
"perl:5.38","vary-two","WebService::Fastly::Object::DomainInspectorResponseProductProduct","15.00","Class::Data::Inheritable","0.02","JSON::MaybeXS","1.004008"
"perl:5.38","vary-two","WebService::Fastly::Object::DomainInspectorResponseProductProduct","15.00","Class::Data::Inheritable","0.10","JSON::MaybeXS","1.000000"
"perl:5.38","vary-two","WebService::Fastly::Object::DomainInspectorResponseProductProduct","15.00","Class::Data::Inheritable","0.02","JSON::MaybeXS","1.000000"
"perl:5.38","vary-two","WebService::Fastly::Object::DomainInspectorResponseProductProduct","15.00","Class::Accessor","0.51","JSON::MaybeXS","1.004008"
"perl:5.38","vary-two","WebService::Fastly::Object::DomainInspectorResponseProductProduct","15.00","Class::Accessor","0.02","JSON::MaybeXS","1.004008"
"perl:5.38","vary-two","WebService::Fastly::Object::DomainInspectorResponseProductProduct","15.00","Class::Accessor","0.51","JSON::MaybeXS","1.000000"
"perl:5.38","vary-two","WebService::Fastly::Object::DomainInspectorResponseProductProduct","15.00","Class::Accessor","0.02","JSON::MaybeXS","1.000000"
"perl:5.38","vary-two","WebService::Fastly::Object::DomainInspectorResponseProductProduct","15.00","Class::Accessor","0.51","Class::Data::Inheritable","0.10"
"perl:5.38","vary-two","WebService::Fastly::Object::DomainInspectorResponseProductProduct","15.00","Class::Accessor","0.02","Class::Data::Inheritable","0.10"
"perl:5.38","vary-two","WebService::Fastly::Object::DomainInspectorResponseProductProduct","15.00","Class::Accessor","0.51","Class::Data::Inheritable","0.02"
"perl:5.38","vary-two","WebService::Fastly::Object::DomainInspectorResponseProductProduct","15.00","Class::Accessor","0.02","Class::Data::Inheritable","0.02"
"perl:5.38","baseline","Hash::Case","1.07","","","",""
"perl:5.38","baseline","Paws::Macie2::BatchGetCustomDataIdentifiers","0.46","","","",""
"perl:5.38","vary-one","Paws::Macie2::BatchGetCustomDataIdentifiers","0.46","Module::Build::Tiny","0.053","",""
"perl:5.38","vary-one","Paws::Macie2::BatchGetCustomDataIdentifiers","0.46","Module::Build::Tiny","0.006","",""
"perl:5.38","vary-one","Paws::Macie2::BatchGetCustomDataIdentifiers","0.46","Path::Tiny","0.150","",""
"perl:5.38","vary-one","Paws::Macie2::BatchGetCustomDataIdentifiers","0.46","Path::Tiny","0.001","",""
"perl:5.38","vary-one","Paws::Macie2::BatchGetCustomDataIdentifiers","0.46","Net::Amazon::Signature::V4","0.22","",""
"perl:5.38","vary-one","Paws::Macie2::BatchGetCustomDataIdentifiers","0.46","Net::Amazon::Signature::V4","0.04","",""
"perl:5.38","vary-two","Paws::Macie2::BatchGetCustomDataIdentifiers","0.46","Module::Build::Tiny","0.053","Path::Tiny","0.150"
"perl:5.38","vary-two","Paws::Macie2::BatchGetCustomDataIdentifiers","0.46","Module::Build::Tiny","0.053","Path::Tiny","0.001"
"perl:5.38","vary-two","Paws::Macie2::BatchGetCustomDataIdentifiers","0.46","Module::Build::Tiny","0.006","Path::Tiny","0.150"
"perl:5.38","vary-two","Paws::Macie2::BatchGetCustomDataIdentifiers","0.46","Module::Build::Tiny","0.006","Path::Tiny","0.001"
"perl:5.38","vary-two","Paws::Macie2::BatchGetCustomDataIdentifiers","0.46","Module::Build::Tiny","0.053","Net::Amazon::Signature::V4","0.22"
"perl:5.38","vary-two","Paws::Macie2::BatchGetCustomDataIdentifiers","0.46","Module::Build::Tiny","0.053","Net::Amazon::Signature::V4","0.04"
"perl:5.38","vary-two","Paws::Macie2::BatchGetCustomDataIdentifiers","0.46","Module::Build::Tiny","0.006","Net::Amazon::Signature::V4","0.22"
"perl:5.38","vary-two","Paws::Macie2::BatchGetCustomDataIdentifiers","0.46","Module::Build::Tiny","0.006","Net::Amazon::Signature::V4","0.04"
"perl:5.38","vary-two","Paws::Macie2::BatchGetCustomDataIdentifiers","0.46","Net::Amazon::Signature::V4","0.22","Path::Tiny","0.150"
"perl:5.38","vary-two","Paws::Macie2::BatchGetCustomDataIdentifiers","0.46","Net::Amazon::Signature::V4","0.04","Path::Tiny","0.150"
"perl:5.38","vary-two","Paws::Macie2::BatchGetCustomDataIdentifiers","0.46","Net::Amazon::Signature::V4","0.22","Path::Tiny","0.001"
"perl:5.38","vary-two","Paws::Macie2::BatchGetCustomDataIdentifiers","0.46","Net::Amazon::Signature::V4","0.04","Path::Tiny","0.001"
"perl:5.38","baseline","Paws::S3Control::BucketLevel","0.46","","","",""
"perl:5.38","vary-one","Paws::S3Control::BucketLevel","0.46","Module::Build::Tiny","0.053","",""
"perl:5.38","vary-one","Paws::S3Control::BucketLevel","0.46","Module::Build::Tiny","0.006","",""
"perl:5.38","vary-one","Paws::S3Control::BucketLevel","0.46","Path::Tiny","0.150","",""
"perl:5.38","vary-one","Paws::S3Control::BucketLevel","0.46","Path::Tiny","0.001","",""
"perl:5.38","vary-one","Paws::S3Control::BucketLevel","0.46","Net::Amazon::Signature::V4","0.22","",""
"perl:5.38","vary-one","Paws::S3Control::BucketLevel","0.46","Net::Amazon::Signature::V4","0.04","",""
"perl:5.38","vary-two","Paws::S3Control::BucketLevel","0.46","Module::Build::Tiny","0.053","Path::Tiny","0.150"
"perl:5.38","vary-two","Paws::S3Control::BucketLevel","0.46","Module::Build::Tiny","0.053","Path::Tiny","0.001"
"perl:5.38","vary-two","Paws::S3Control::BucketLevel","0.46","Module::Build::Tiny","0.006","Path::Tiny","0.150"
"perl:5.38","vary-two","Paws::S3Control::BucketLevel","0.46","Module::Build::Tiny","0.006","Path::Tiny","0.001"
"perl:5.38","vary-two","Paws::S3Control::BucketLevel","0.46","Module::Build::Tiny","0.053","Net::Amazon::Signature::V4","0.22"
"perl:5.38","vary-two","Paws::S3Control::BucketLevel","0.46","Module::Build::Tiny","0.053","Net::Amazon::Signature::V4","0.04"
"perl:5.38","vary-two","Paws::S3Control::BucketLevel","0.46","Module::Build::Tiny","0.006","Net::Amazon::Signature::V4","0.22"
"perl:5.38","vary-two","Paws::S3Control::BucketLevel","0.46","Module::Build::Tiny","0.006","Net::Amazon::Signature::V4","0.04"
"perl:5.38","vary-two","Paws::S3Control::BucketLevel","0.46","Net::Amazon::Signature::V4","0.22","Path::Tiny","0.150"
"perl:5.38","vary-two","Paws::S3Control::BucketLevel","0.46","Net::Amazon::Signature::V4","0.04","Path::Tiny","0.150"
"perl:5.38","vary-two","Paws::S3Control::BucketLevel","0.46","Net::Amazon::Signature::V4","0.22","Path::Tiny","0.001"
"perl:5.38","vary-two","Paws::S3Control::BucketLevel","0.46","Net::Amazon::Signature::V4","0.04","Path::Tiny","0.001"
"perl:5.38","baseline","Paws::AutoScaling::BatchPutScheduledUpdateGroupAction","0.46","","","",""
"perl:5.38","vary-one","Paws::AutoScaling::BatchPutScheduledUpdateGroupAction","0.46","Module::Build::Tiny","0.053","",""
"perl:5.38","vary-one","Paws::AutoScaling::BatchPutScheduledUpdateGroupAction","0.46","Module::Build::Tiny","0.006","",""
"perl:5.38","vary-one","Paws::AutoScaling::BatchPutScheduledUpdateGroupAction","0.46","Path::Tiny","0.150","",""
"perl:5.38","vary-one","Paws::AutoScaling::BatchPutScheduledUpdateGroupAction","0.46","Path::Tiny","0.001","",""
"perl:5.38","vary-one","Paws::AutoScaling::BatchPutScheduledUpdateGroupAction","0.46","Net::Amazon::Signature::V4","0.22","",""
"perl:5.38","vary-one","Paws::AutoScaling::BatchPutScheduledUpdateGroupAction","0.46","Net::Amazon::Signature::V4","0.04","",""
"perl:5.38","vary-two","Paws::AutoScaling::BatchPutScheduledUpdateGroupAction","0.46","Module::Build::Tiny","0.053","Path::Tiny","0.150"
"perl:5.38","vary-two","Paws::AutoScaling::BatchPutScheduledUpdateGroupAction","0.46","Module::Build::Tiny","0.053","Path::Tiny","0.001"
"perl:5.38","vary-two","Paws::AutoScaling::BatchPutScheduledUpdateGroupAction","0.46","Module::Build::Tiny","0.006","Path::Tiny","0.150"
"perl:5.38","vary-two","Paws::AutoScaling::BatchPutScheduledUpdateGroupAction","0.46","Module::Build::Tiny","0.006","Path::Tiny","0.001"
"perl:5.38","vary-two","Paws::AutoScaling::BatchPutScheduledUpdateGroupAction","0.46","Module::Build::Tiny","0.053","Net::Amazon::Signature::V4","0.22"
"perl:5.38","vary-two","Paws::AutoScaling::BatchPutScheduledUpdateGroupAction","0.46","Module::Build::Tiny","0.053","Net::Amazon::Signature::V4","0.04"
"perl:5.38","vary-two","Paws::AutoScaling::BatchPutScheduledUpdateGroupAction","0.46","Module::Build::Tiny","0.006","Net::Amazon::Signature::V4","0.22"
"perl:5.38","vary-two","Paws::AutoScaling::BatchPutScheduledUpdateGroupAction","0.46","Module::Build::Tiny","0.006","Net::Amazon::Signature::V4","0.04"
"perl:5.38","vary-two","Paws::AutoScaling::BatchPutScheduledUpdateGroupAction","0.46","Net::Amazon::Signature::V4","0.22","Path::Tiny","0.150"
"perl:5.38","vary-two","Paws::AutoScaling::BatchPutScheduledUpdateGroupAction","0.46","Net::Amazon::Signature::V4","0.04","Path::Tiny","0.150"
"perl:5.38","vary-two","Paws::AutoScaling::BatchPutScheduledUpdateGroupAction","0.46","Net::Amazon::Signature::V4","0.22","Path::Tiny","0.001"
"perl:5.38","vary-two","Paws::AutoScaling::BatchPutScheduledUpdateGroupAction","0.46","Net::Amazon::Signature::V4","0.04","Path::Tiny","0.001"
"perl:5.38","baseline","WWW::Connpass::Event::Question::CheckBox","0.04","","","",""
"perl:5.38","vary-one","WWW::Connpass::Event::Question::CheckBox","0.04","URI","5.35","",""
"perl:5.38","vary-one","WWW::Connpass::Event::Question::CheckBox","0.04","URI","0.01","",""
"perl:5.38","vary-one","WWW::Connpass::Event::Question::CheckBox","0.04","JSON","4.11","",""
"perl:5.38","vary-one","WWW::Connpass::Event::Question::CheckBox","0.04","JSON","0.9","",""
"perl:5.38","vary-one","WWW::Connpass::Event::Question::CheckBox","0.04","Time::HiRes","1.9764","",""
"perl:5.38","vary-one","WWW::Connpass::Event::Question::CheckBox","0.04","Time::HiRes","01.01","",""
"perl:5.38","vary-two","WWW::Connpass::Event::Question::CheckBox","0.04","JSON","4.11","URI","5.35"
"perl:5.38","vary-two","WWW::Connpass::Event::Question::CheckBox","0.04","JSON","0.9","URI","5.35"
"perl:5.38","vary-two","WWW::Connpass::Event::Question::CheckBox","0.04","JSON","4.11","URI","0.01"
"perl:5.38","vary-two","WWW::Connpass::Event::Question::CheckBox","0.04","JSON","0.9","URI","0.01"
"perl:5.38","vary-two","WWW::Connpass::Event::Question::CheckBox","0.04","Time::HiRes","1.9764","URI","5.35"
"perl:5.38","vary-two","WWW::Connpass::Event::Question::CheckBox","0.04","Time::HiRes","01.01","URI","5.35"
"perl:5.38","vary-two","WWW::Connpass::Event::Question::CheckBox","0.04","Time::HiRes","1.9764","URI","0.01"
"perl:5.38","vary-two","WWW::Connpass::Event::Question::CheckBox","0.04","Time::HiRes","01.01","URI","0.01"
"perl:5.38","vary-two","WWW::Connpass::Event::Question::CheckBox","0.04","JSON","4.11","Time::HiRes","1.9764"
"perl:5.38","vary-two","WWW::Connpass::Event::Question::CheckBox","0.04","JSON","4.11","Time::HiRes","01.01"
"perl:5.38","vary-two","WWW::Connpass::Event::Question::CheckBox","0.04","JSON","0.9","Time::HiRes","1.9764"
"perl:5.38","vary-two","WWW::Connpass::Event::Question::CheckBox","0.04","JSON","0.9","Time::HiRes","01.01"
"perl:5.38","baseline","MySQL::Util","0.41","","","",""
"perl:5.38","vary-one","MySQL::Util","0.41","Method::Signatures","20170211","",""
"perl:5.38","vary-one","MySQL::Util","0.41","Method::Signatures","0.01","",""
"perl:5.38","vary-one","MySQL::Util","0.41","DBI","1.651","",""
"perl:5.38","vary-one","MySQL::Util","0.41","DBI","0.64","",""
"perl:5.38","vary-one","MySQL::Util","0.41","namespace::autoclean","0.31","",""
"perl:5.38","vary-one","MySQL::Util","0.41","namespace::autoclean","0.01","",""
"perl:5.38","vary-two","MySQL::Util","0.41","DBI","1.651","Method::Signatures","20170211"
"perl:5.38","vary-two","MySQL::Util","0.41","DBI","0.64","Method::Signatures","20170211"
"perl:5.38","vary-two","MySQL::Util","0.41","DBI","1.651","Method::Signatures","0.01"
"perl:5.38","vary-two","MySQL::Util","0.41","DBI","0.64","Method::Signatures","0.01"
"perl:5.38","vary-two","MySQL::Util","0.41","Method::Signatures","20170211","namespace::autoclean","0.31"
"perl:5.38","vary-two","MySQL::Util","0.41","Method::Signatures","20170211","namespace::autoclean","0.01"
"perl:5.38","vary-two","MySQL::Util","0.41","Method::Signatures","0.01","namespace::autoclean","0.31"
"perl:5.38","vary-two","MySQL::Util","0.41","Method::Signatures","0.01","namespace::autoclean","0.01"
"perl:5.38","vary-two","MySQL::Util","0.41","DBI","1.651","namespace::autoclean","0.31"
"perl:5.38","vary-two","MySQL::Util","0.41","DBI","1.651","namespace::autoclean","0.01"
"perl:5.38","vary-two","MySQL::Util","0.41","DBI","0.64","namespace::autoclean","0.31"
"perl:5.38","vary-two","MySQL::Util","0.41","DBI","0.64","namespace::autoclean","0.01"
"perl:5.38","baseline","Paws::WAFV2::ActionCondition","0.46","","","",""
"perl:5.38","vary-one","Paws::WAFV2::ActionCondition","0.46","Module::Build::Tiny","0.053","",""
"perl:5.38","vary-one","Paws::WAFV2::ActionCondition","0.46","Module::Build::Tiny","0.006","",""
"perl:5.38","vary-one","Paws::WAFV2::ActionCondition","0.46","Path::Tiny","0.150","",""
"perl:5.38","vary-one","Paws::WAFV2::ActionCondition","0.46","Path::Tiny","0.001","",""
"perl:5.38","vary-one","Paws::WAFV2::ActionCondition","0.46","Net::Amazon::Signature::V4","0.22","",""
"perl:5.38","vary-one","Paws::WAFV2::ActionCondition","0.46","Net::Amazon::Signature::V4","0.04","",""
"perl:5.38","vary-two","Paws::WAFV2::ActionCondition","0.46","Module::Build::Tiny","0.053","Path::Tiny","0.150"
"perl:5.38","vary-two","Paws::WAFV2::ActionCondition","0.46","Module::Build::Tiny","0.053","Path::Tiny","0.001"
"perl:5.38","vary-two","Paws::WAFV2::ActionCondition","0.46","Module::Build::Tiny","0.006","Path::Tiny","0.150"
"perl:5.38","vary-two","Paws::WAFV2::ActionCondition","0.46","Module::Build::Tiny","0.006","Path::Tiny","0.001"
"perl:5.38","vary-two","Paws::WAFV2::ActionCondition","0.46","Module::Build::Tiny","0.053","Net::Amazon::Signature::V4","0.22"
"perl:5.38","vary-two","Paws::WAFV2::ActionCondition","0.46","Module::Build::Tiny","0.053","Net::Amazon::Signature::V4","0.04"
"perl:5.38","vary-two","Paws::WAFV2::ActionCondition","0.46","Module::Build::Tiny","0.006","Net::Amazon::Signature::V4","0.22"
"perl:5.38","vary-two","Paws::WAFV2::ActionCondition","0.46","Module::Build::Tiny","0.006","Net::Amazon::Signature::V4","0.04"
"perl:5.38","vary-two","Paws::WAFV2::ActionCondition","0.46","Net::Amazon::Signature::V4","0.22","Path::Tiny","0.150"
"perl:5.38","vary-two","Paws::WAFV2::ActionCondition","0.46","Net::Amazon::Signature::V4","0.04","Path::Tiny","0.150"
"perl:5.38","vary-two","Paws::WAFV2::ActionCondition","0.46","Net::Amazon::Signature::V4","0.22","Path::Tiny","0.001"
"perl:5.38","vary-two","Paws::WAFV2::ActionCondition","0.46","Net::Amazon::Signature::V4","0.04","Path::Tiny","0.001"
"perl:5.38","baseline","Net::Evernote::EDAMNoteStore::NoteStore_getSyncState_args","0.081","","","",""
"perl:5.38","vary-one","Net::Evernote::EDAMNoteStore::NoteStore_getSyncState_args","0.081","LWP::UserAgent","6.83","",""
"perl:5.38","vary-one","Net::Evernote::EDAMNoteStore::NoteStore_getSyncState_args","0.081","LWP::UserAgent","5","",""
"perl:5.38","vary-one","Net::Evernote::EDAMNoteStore::NoteStore_getSyncState_args","0.081","Test::More","1.302222","",""
"perl:5.38","vary-one","Net::Evernote::EDAMNoteStore::NoteStore_getSyncState_args","0.081","Test::More","0.01","",""
"perl:5.38","vary-one","Net::Evernote::EDAMNoteStore::NoteStore_getSyncState_args","0.081","Crypt::SSLeay","0.72","",""
"perl:5.38","vary-one","Net::Evernote::EDAMNoteStore::NoteStore_getSyncState_args","0.081","Crypt::SSLeay","0.01","",""
"perl:5.38","vary-two","Net::Evernote::EDAMNoteStore::NoteStore_getSyncState_args","0.081","LWP::UserAgent","6.83","Test::More","1.302222"
"perl:5.38","vary-two","Net::Evernote::EDAMNoteStore::NoteStore_getSyncState_args","0.081","LWP::UserAgent","6.83","Test::More","0.01"
"perl:5.38","vary-two","Net::Evernote::EDAMNoteStore::NoteStore_getSyncState_args","0.081","LWP::UserAgent","5","Test::More","1.302222"
"perl:5.38","vary-two","Net::Evernote::EDAMNoteStore::NoteStore_getSyncState_args","0.081","LWP::UserAgent","5","Test::More","0.01"
"perl:5.38","vary-two","Net::Evernote::EDAMNoteStore::NoteStore_getSyncState_args","0.081","Crypt::SSLeay","0.72","LWP::UserAgent","6.83"
"perl:5.38","vary-two","Net::Evernote::EDAMNoteStore::NoteStore_getSyncState_args","0.081","Crypt::SSLeay","0.01","LWP::UserAgent","6.83"
"perl:5.38","vary-two","Net::Evernote::EDAMNoteStore::NoteStore_getSyncState_args","0.081","Crypt::SSLeay","0.72","LWP::UserAgent","5"
"perl:5.38","vary-two","Net::Evernote::EDAMNoteStore::NoteStore_getSyncState_args","0.081","Crypt::SSLeay","0.01","LWP::UserAgent","5"
"perl:5.38","vary-two","Net::Evernote::EDAMNoteStore::NoteStore_getSyncState_args","0.081","Crypt::SSLeay","0.72","Test::More","1.302222"
"perl:5.38","vary-two","Net::Evernote::EDAMNoteStore::NoteStore_getSyncState_args","0.081","Crypt::SSLeay","0.01","Test::More","1.302222"
"perl:5.38","vary-two","Net::Evernote::EDAMNoteStore::NoteStore_getSyncState_args","0.081","Crypt::SSLeay","0.72","Test::More","0.01"
"perl:5.38","vary-two","Net::Evernote::EDAMNoteStore::NoteStore_getSyncState_args","0.081","Crypt::SSLeay","0.01","Test::More","0.01"
"perl:5.38","baseline","Oktest::SpecObject","0.0103","","","",""
"perl:5.38","vary-one","Oktest::SpecObject","0.0103","Text::Diff","1.45","",""
"perl:5.38","vary-one","Oktest::SpecObject","0.0103","Text::Diff","0.1","",""
"perl:5.38","baseline","Bot::Cobalt::Plugin::Rehash","0.021003","","","",""
"perl:5.38","vary-one","Bot::Cobalt::Plugin::Rehash","0.021003","Exporter::Tiny","1.006003","",""
"perl:5.38","vary-one","Bot::Cobalt::Plugin::Rehash","0.021003","Exporter::Tiny","0.026","",""
"perl:5.38","vary-one","Bot::Cobalt::Plugin::Rehash","0.021003","List::Objects::Types","2.001001","",""
"perl:5.38","vary-one","Bot::Cobalt::Plugin::Rehash","0.021003","List::Objects::Types","0.001001","",""
"perl:5.38","vary-one","Bot::Cobalt::Plugin::Rehash","0.021003","File::ShareDir","1.118","",""
"perl:5.38","vary-one","Bot::Cobalt::Plugin::Rehash","0.021003","File::ShareDir","0.01","",""
"perl:5.38","vary-two","Bot::Cobalt::Plugin::Rehash","0.021003","Exporter::Tiny","1.006003","List::Objects::Types","2.001001"
"perl:5.38","vary-two","Bot::Cobalt::Plugin::Rehash","0.021003","Exporter::Tiny","1.006003","List::Objects::Types","0.001001"
"perl:5.38","vary-two","Bot::Cobalt::Plugin::Rehash","0.021003","Exporter::Tiny","0.026","List::Objects::Types","2.001001"
"perl:5.38","vary-two","Bot::Cobalt::Plugin::Rehash","0.021003","Exporter::Tiny","0.026","List::Objects::Types","0.001001"
"perl:5.38","vary-two","Bot::Cobalt::Plugin::Rehash","0.021003","Exporter::Tiny","1.006003","File::ShareDir","1.118"
"perl:5.38","vary-two","Bot::Cobalt::Plugin::Rehash","0.021003","Exporter::Tiny","1.006003","File::ShareDir","0.01"
"perl:5.38","vary-two","Bot::Cobalt::Plugin::Rehash","0.021003","Exporter::Tiny","0.026","File::ShareDir","1.118"
"perl:5.38","vary-two","Bot::Cobalt::Plugin::Rehash","0.021003","Exporter::Tiny","0.026","File::ShareDir","0.01"
"perl:5.38","vary-two","Bot::Cobalt::Plugin::Rehash","0.021003","File::ShareDir","1.118","List::Objects::Types","2.001001"
"perl:5.38","vary-two","Bot::Cobalt::Plugin::Rehash","0.021003","File::ShareDir","0.01","List::Objects::Types","2.001001"
"perl:5.38","vary-two","Bot::Cobalt::Plugin::Rehash","0.021003","File::ShareDir","1.118","List::Objects::Types","0.001001"
"perl:5.38","vary-two","Bot::Cobalt::Plugin::Rehash","0.021003","File::ShareDir","0.01","List::Objects::Types","0.001001"
"perl:5.38","baseline","Math::GSL::Integration::gsl_integration_fixed_workspace","0.49","","","",""
"perl:5.38","vary-one","Math::GSL::Integration::gsl_integration_fixed_workspace","0.49","Scalar::Util","1.70","",""
"perl:5.38","vary-one","Math::GSL::Integration::gsl_integration_fixed_workspace","0.49","Scalar::Util","0.10","",""
"perl:5.38","vary-one","Math::GSL::Integration::gsl_integration_fixed_workspace","0.49","parent","0.244","",""
"perl:5.38","vary-one","Math::GSL::Integration::gsl_integration_fixed_workspace","0.49","parent","0.215","",""
"perl:5.38","vary-one","Math::GSL::Integration::gsl_integration_fixed_workspace","0.49","Test::Class","0.52","",""
"perl:5.38","vary-one","Math::GSL::Integration::gsl_integration_fixed_workspace","0.49","Test::Class","0.02","",""
"perl:5.38","vary-two","Math::GSL::Integration::gsl_integration_fixed_workspace","0.49","Scalar::Util","1.70","parent","0.244"
"perl:5.38","vary-two","Math::GSL::Integration::gsl_integration_fixed_workspace","0.49","Scalar::Util","1.70","parent","0.215"
"perl:5.38","vary-two","Math::GSL::Integration::gsl_integration_fixed_workspace","0.49","Scalar::Util","0.10","parent","0.244"
"perl:5.38","vary-two","Math::GSL::Integration::gsl_integration_fixed_workspace","0.49","Scalar::Util","0.10","parent","0.215"
"perl:5.38","vary-two","Math::GSL::Integration::gsl_integration_fixed_workspace","0.49","Scalar::Util","1.70","Test::Class","0.52"
"perl:5.38","vary-two","Math::GSL::Integration::gsl_integration_fixed_workspace","0.49","Scalar::Util","1.70","Test::Class","0.02"
"perl:5.38","vary-two","Math::GSL::Integration::gsl_integration_fixed_workspace","0.49","Scalar::Util","0.10","Test::Class","0.52"
"perl:5.38","vary-two","Math::GSL::Integration::gsl_integration_fixed_workspace","0.49","Scalar::Util","0.10","Test::Class","0.02"
"perl:5.38","vary-two","Math::GSL::Integration::gsl_integration_fixed_workspace","0.49","Test::Class","0.52","parent","0.244"
"perl:5.38","vary-two","Math::GSL::Integration::gsl_integration_fixed_workspace","0.49","Test::Class","0.02","parent","0.244"
"perl:5.38","vary-two","Math::GSL::Integration::gsl_integration_fixed_workspace","0.49","Test::Class","0.52","parent","0.215"
"perl:5.38","vary-two","Math::GSL::Integration::gsl_integration_fixed_workspace","0.49","Test::Class","0.02","parent","0.215"
"perl:5.38","baseline","Google::Ads::AdWords::v201402::CustomerFeedService::mutateResponse","v2.15.0","","","",""
"perl:5.38","vary-one","Google::Ads::AdWords::v201402::CustomerFeedService::mutateResponse","v2.15.0","Class::Std::Fast","v0.0.8","",""
"perl:5.38","vary-one","Google::Ads::AdWords::v201402::CustomerFeedService::mutateResponse","v2.15.0","Class::Std::Fast","0.0.1","",""
"perl:5.38","vary-one","Google::Ads::AdWords::v201402::CustomerFeedService::mutateResponse","v2.15.0","Test::More","1.302222","",""
"perl:5.38","vary-one","Google::Ads::AdWords::v201402::CustomerFeedService::mutateResponse","v2.15.0","Test::More","0.01","",""
"perl:5.38","vary-one","Google::Ads::AdWords::v201402::CustomerFeedService::mutateResponse","v2.15.0","Config::Properties","1.80","",""
"perl:5.38","vary-one","Google::Ads::AdWords::v201402::CustomerFeedService::mutateResponse","v2.15.0","Config::Properties","0.01","",""
"perl:5.38","vary-two","Google::Ads::AdWords::v201402::CustomerFeedService::mutateResponse","v2.15.0","Class::Std::Fast","v0.0.8","Test::More","1.302222"
"perl:5.38","vary-two","Google::Ads::AdWords::v201402::CustomerFeedService::mutateResponse","v2.15.0","Class::Std::Fast","v0.0.8","Test::More","0.01"
"perl:5.38","vary-two","Google::Ads::AdWords::v201402::CustomerFeedService::mutateResponse","v2.15.0","Class::Std::Fast","0.0.1","Test::More","1.302222"
"perl:5.38","vary-two","Google::Ads::AdWords::v201402::CustomerFeedService::mutateResponse","v2.15.0","Class::Std::Fast","0.0.1","Test::More","0.01"
"perl:5.38","vary-two","Google::Ads::AdWords::v201402::CustomerFeedService::mutateResponse","v2.15.0","Class::Std::Fast","v0.0.8","Config::Properties","1.80"
"perl:5.38","vary-two","Google::Ads::AdWords::v201402::CustomerFeedService::mutateResponse","v2.15.0","Class::Std::Fast","v0.0.8","Config::Properties","0.01"
"perl:5.38","vary-two","Google::Ads::AdWords::v201402::CustomerFeedService::mutateResponse","v2.15.0","Class::Std::Fast","0.0.1","Config::Properties","1.80"
"perl:5.38","vary-two","Google::Ads::AdWords::v201402::CustomerFeedService::mutateResponse","v2.15.0","Class::Std::Fast","0.0.1","Config::Properties","0.01"
"perl:5.38","vary-two","Google::Ads::AdWords::v201402::CustomerFeedService::mutateResponse","v2.15.0","Config::Properties","1.80","Test::More","1.302222"
"perl:5.38","vary-two","Google::Ads::AdWords::v201402::CustomerFeedService::mutateResponse","v2.15.0","Config::Properties","0.01","Test::More","1.302222"
"perl:5.38","vary-two","Google::Ads::AdWords::v201402::CustomerFeedService::mutateResponse","v2.15.0","Config::Properties","1.80","Test::More","0.01"
"perl:5.38","vary-two","Google::Ads::AdWords::v201402::CustomerFeedService::mutateResponse","v2.15.0","Config::Properties","0.01","Test::More","0.01"
"perl:5.38","baseline","Games::Axmud::Cmd::Skip","v2.0.002","","","",""
"perl:5.38","vary-one","Games::Axmud::Cmd::Skip","v2.0.002","Archive::Zip","1.68","",""
"perl:5.38","vary-one","Games::Axmud::Cmd::Skip","v2.0.002","Archive::Zip","0.06","",""
"perl:5.38","vary-one","Games::Axmud::Cmd::Skip","v2.0.002","File::ShareDir","1.118","",""
"perl:5.38","vary-one","Games::Axmud::Cmd::Skip","v2.0.002","File::ShareDir","0.01","",""
"perl:5.38","vary-one","Games::Axmud::Cmd::Skip","v2.0.002","Storable","3.41","",""
"perl:5.38","vary-one","Games::Axmud::Cmd::Skip","v2.0.002","Storable","0.1","",""
"perl:5.38","vary-two","Games::Axmud::Cmd::Skip","v2.0.002","Archive::Zip","1.68","File::ShareDir","1.118"
"perl:5.38","vary-two","Games::Axmud::Cmd::Skip","v2.0.002","Archive::Zip","1.68","File::ShareDir","0.01"
"perl:5.38","vary-two","Games::Axmud::Cmd::Skip","v2.0.002","Archive::Zip","0.06","File::ShareDir","1.118"
"perl:5.38","vary-two","Games::Axmud::Cmd::Skip","v2.0.002","Archive::Zip","0.06","File::ShareDir","0.01"
"perl:5.38","vary-two","Games::Axmud::Cmd::Skip","v2.0.002","Archive::Zip","1.68","Storable","3.41"
"perl:5.38","vary-two","Games::Axmud::Cmd::Skip","v2.0.002","Archive::Zip","1.68","Storable","0.1"
"perl:5.38","vary-two","Games::Axmud::Cmd::Skip","v2.0.002","Archive::Zip","0.06","Storable","3.41"
"perl:5.38","vary-two","Games::Axmud::Cmd::Skip","v2.0.002","Archive::Zip","0.06","Storable","0.1"
"perl:5.38","vary-two","Games::Axmud::Cmd::Skip","v2.0.002","File::ShareDir","1.118","Storable","3.41"
"perl:5.38","vary-two","Games::Axmud::Cmd::Skip","v2.0.002","File::ShareDir","1.118","Storable","0.1"
"perl:5.38","vary-two","Games::Axmud::Cmd::Skip","v2.0.002","File::ShareDir","0.01","Storable","3.41"
"perl:5.38","vary-two","Games::Axmud::Cmd::Skip","v2.0.002","File::ShareDir","0.01","Storable","0.1"
"perl:5.38","baseline","Plack::Middleware::FixMissingBodyInRedirect","0.12","","","",""
"perl:5.38","vary-one","Plack::Middleware::FixMissingBodyInRedirect","0.12","Plack::Middleware","1.0054","",""
"perl:5.38","vary-one","Plack::Middleware::FixMissingBodyInRedirect","0.12","Plack::Middleware","0.9000","",""
"perl:5.38","vary-one","Plack::Middleware::FixMissingBodyInRedirect","0.12","HTML::Entities","3.85","",""
"perl:5.38","vary-one","Plack::Middleware::FixMissingBodyInRedirect","0.12","HTML::Entities","2.14","",""
"perl:5.38","vary-one","Plack::Middleware::FixMissingBodyInRedirect","0.12","Scalar::Util","1.70","",""
"perl:5.38","vary-one","Plack::Middleware::FixMissingBodyInRedirect","0.12","Scalar::Util","0.10","",""
"perl:5.38","vary-two","Plack::Middleware::FixMissingBodyInRedirect","0.12","HTML::Entities","3.85","Plack::Middleware","1.0054"
"perl:5.38","vary-two","Plack::Middleware::FixMissingBodyInRedirect","0.12","HTML::Entities","2.14","Plack::Middleware","1.0054"
"perl:5.38","vary-two","Plack::Middleware::FixMissingBodyInRedirect","0.12","HTML::Entities","3.85","Plack::Middleware","0.9000"
"perl:5.38","vary-two","Plack::Middleware::FixMissingBodyInRedirect","0.12","HTML::Entities","2.14","Plack::Middleware","0.9000"
"perl:5.38","vary-two","Plack::Middleware::FixMissingBodyInRedirect","0.12","Plack::Middleware","1.0054","Scalar::Util","1.70"
"perl:5.38","vary-two","Plack::Middleware::FixMissingBodyInRedirect","0.12","Plack::Middleware","1.0054","Scalar::Util","0.10"
"perl:5.38","vary-two","Plack::Middleware::FixMissingBodyInRedirect","0.12","Plack::Middleware","0.9000","Scalar::Util","1.70"
"perl:5.38","vary-two","Plack::Middleware::FixMissingBodyInRedirect","0.12","Plack::Middleware","0.9000","Scalar::Util","0.10"
"perl:5.38","vary-two","Plack::Middleware::FixMissingBodyInRedirect","0.12","HTML::Entities","3.85","Scalar::Util","1.70"
"perl:5.38","vary-two","Plack::Middleware::FixMissingBodyInRedirect","0.12","HTML::Entities","3.85","Scalar::Util","0.10"
"perl:5.38","vary-two","Plack::Middleware::FixMissingBodyInRedirect","0.12","HTML::Entities","2.14","Scalar::Util","1.70"
"perl:5.38","vary-two","Plack::Middleware::FixMissingBodyInRedirect","0.12","HTML::Entities","2.14","Scalar::Util","0.10"
"perl:5.38","baseline","Beagle::Backend::base","0.01","","","",""
"perl:5.38","vary-one","Beagle::Backend::base","0.01","Mouse","v2.6.2","",""
"perl:5.38","vary-one","Beagle::Backend::base","0.01","Mouse","0.01","",""
"perl:5.38","vary-one","Beagle::Backend::base","0.01","File::Which","1.27","",""
"perl:5.38","vary-one","Beagle::Backend::base","0.01","File::Which","0.01","",""
"perl:5.38","vary-one","Beagle::Backend::base","0.01","Locale::Maketext::Lexicon","1.00","",""
"perl:5.38","vary-one","Beagle::Backend::base","0.01","Locale::Maketext::Lexicon","0.01","",""
"perl:5.38","vary-two","Beagle::Backend::base","0.01","File::Which","1.27","Mouse","v2.6.2"
"perl:5.38","vary-two","Beagle::Backend::base","0.01","File::Which","0.01","Mouse","v2.6.2"
"perl:5.38","vary-two","Beagle::Backend::base","0.01","File::Which","1.27","Mouse","0.01"
"perl:5.38","vary-two","Beagle::Backend::base","0.01","File::Which","0.01","Mouse","0.01"
"perl:5.38","vary-two","Beagle::Backend::base","0.01","Locale::Maketext::Lexicon","1.00","Mouse","v2.6.2"
"perl:5.38","vary-two","Beagle::Backend::base","0.01","Locale::Maketext::Lexicon","0.01","Mouse","v2.6.2"
"perl:5.38","vary-two","Beagle::Backend::base","0.01","Locale::Maketext::Lexicon","1.00","Mouse","0.01"
"perl:5.38","vary-two","Beagle::Backend::base","0.01","Locale::Maketext::Lexicon","0.01","Mouse","0.01"
"perl:5.38","vary-two","Beagle::Backend::base","0.01","File::Which","1.27","Locale::Maketext::Lexicon","1.00"
"perl:5.38","vary-two","Beagle::Backend::base","0.01","File::Which","1.27","Locale::Maketext::Lexicon","0.01"
"perl:5.38","vary-two","Beagle::Backend::base","0.01","File::Which","0.01","Locale::Maketext::Lexicon","1.00"
"perl:5.38","vary-two","Beagle::Backend::base","0.01","File::Which","0.01","Locale::Maketext::Lexicon","0.01"
"perl:5.38","baseline","eBay::API::XML::DataType::UserIdPasswordType","0.25","","","",""
"perl:5.38","baseline","Form::Factory::Control::Text","0.022","","","",""
"perl:5.38","vary-one","Form::Factory::Control::Text","0.022","Moose::Role","2.4000","",""
"perl:5.38","vary-one","Form::Factory::Control::Text","0.022","Moose::Role","0.18","",""
"perl:5.38","vary-one","Form::Factory::Control::Text","0.022","Moose","2.4000","",""
"perl:5.38","vary-one","Form::Factory::Control::Text","0.022","Moose","0.18","",""
"perl:5.38","vary-one","Form::Factory::Control::Text","0.022","List::Util","1.70","",""
"perl:5.38","vary-one","Form::Factory::Control::Text","0.022","List::Util","0.10","",""
"perl:5.38","vary-two","Form::Factory::Control::Text","0.022","Moose","2.4000","Moose::Role","2.4000"
"perl:5.38","vary-two","Form::Factory::Control::Text","0.022","Moose","0.18","Moose::Role","2.4000"
"perl:5.38","vary-two","Form::Factory::Control::Text","0.022","Moose","2.4000","Moose::Role","0.18"
"perl:5.38","vary-two","Form::Factory::Control::Text","0.022","Moose","0.18","Moose::Role","0.18"
"perl:5.38","vary-two","Form::Factory::Control::Text","0.022","List::Util","1.70","Moose::Role","2.4000"
"perl:5.38","vary-two","Form::Factory::Control::Text","0.022","List::Util","0.10","Moose::Role","2.4000"
"perl:5.38","vary-two","Form::Factory::Control::Text","0.022","List::Util","1.70","Moose::Role","0.18"
"perl:5.38","vary-two","Form::Factory::Control::Text","0.022","List::Util","0.10","Moose::Role","0.18"
"perl:5.38","vary-two","Form::Factory::Control::Text","0.022","List::Util","1.70","Moose","2.4000"
"perl:5.38","vary-two","Form::Factory::Control::Text","0.022","List::Util","0.10","Moose","2.4000"
"perl:5.38","vary-two","Form::Factory::Control::Text","0.022","List::Util","1.70","Moose","0.18"
"perl:5.38","vary-two","Form::Factory::Control::Text","0.022","List::Util","0.10","Moose","0.18"
"perl:5.38","baseline","Path::AttrRouter::Controller","0.04","","","",""
"perl:5.38","vary-one","Path::AttrRouter::Controller","0.04","Class::Data::Inheritable","0.10","",""
"perl:5.38","vary-one","Path::AttrRouter::Controller","0.04","Class::Data::Inheritable","0.02","",""
"perl:5.38","vary-one","Path::AttrRouter::Controller","0.04","Try::Tiny","0.32","",""
"perl:5.38","vary-one","Path::AttrRouter::Controller","0.04","Try::Tiny","0.01","",""
"perl:5.38","vary-one","Path::AttrRouter::Controller","0.04","Data::Util","0.67","",""
"perl:5.38","vary-one","Path::AttrRouter::Controller","0.04","Data::Util","0.03","",""
"perl:5.38","vary-two","Path::AttrRouter::Controller","0.04","Class::Data::Inheritable","0.10","Try::Tiny","0.32"
"perl:5.38","vary-two","Path::AttrRouter::Controller","0.04","Class::Data::Inheritable","0.10","Try::Tiny","0.01"
"perl:5.38","vary-two","Path::AttrRouter::Controller","0.04","Class::Data::Inheritable","0.02","Try::Tiny","0.32"
"perl:5.38","vary-two","Path::AttrRouter::Controller","0.04","Class::Data::Inheritable","0.02","Try::Tiny","0.01"
"perl:5.38","vary-two","Path::AttrRouter::Controller","0.04","Class::Data::Inheritable","0.10","Data::Util","0.67"
"perl:5.38","vary-two","Path::AttrRouter::Controller","0.04","Class::Data::Inheritable","0.10","Data::Util","0.03"
"perl:5.38","vary-two","Path::AttrRouter::Controller","0.04","Class::Data::Inheritable","0.02","Data::Util","0.67"
"perl:5.38","vary-two","Path::AttrRouter::Controller","0.04","Class::Data::Inheritable","0.02","Data::Util","0.03"
"perl:5.38","vary-two","Path::AttrRouter::Controller","0.04","Data::Util","0.67","Try::Tiny","0.32"
"perl:5.38","vary-two","Path::AttrRouter::Controller","0.04","Data::Util","0.03","Try::Tiny","0.32"
"perl:5.38","vary-two","Path::AttrRouter::Controller","0.04","Data::Util","0.67","Try::Tiny","0.01"
"perl:5.38","vary-two","Path::AttrRouter::Controller","0.04","Data::Util","0.03","Try::Tiny","0.01"
"perl:5.38","baseline","Google::Ads::AdWords::v201309::ManualCpmBiddingScheme","v2.15.0","","","",""
"perl:5.38","vary-one","Google::Ads::AdWords::v201309::ManualCpmBiddingScheme","v2.15.0","Class::Std::Fast","v0.0.8","",""
"perl:5.38","vary-one","Google::Ads::AdWords::v201309::ManualCpmBiddingScheme","v2.15.0","Class::Std::Fast","0.0.1","",""
"perl:5.38","vary-one","Google::Ads::AdWords::v201309::ManualCpmBiddingScheme","v2.15.0","Test::More","1.302222","",""
"perl:5.38","vary-one","Google::Ads::AdWords::v201309::ManualCpmBiddingScheme","v2.15.0","Test::More","0.01","",""
"perl:5.38","vary-one","Google::Ads::AdWords::v201309::ManualCpmBiddingScheme","v2.15.0","Config::Properties","1.80","",""
"perl:5.38","vary-one","Google::Ads::AdWords::v201309::ManualCpmBiddingScheme","v2.15.0","Config::Properties","0.01","",""
"perl:5.38","vary-two","Google::Ads::AdWords::v201309::ManualCpmBiddingScheme","v2.15.0","Class::Std::Fast","v0.0.8","Test::More","1.302222"
"perl:5.38","vary-two","Google::Ads::AdWords::v201309::ManualCpmBiddingScheme","v2.15.0","Class::Std::Fast","v0.0.8","Test::More","0.01"
"perl:5.38","vary-two","Google::Ads::AdWords::v201309::ManualCpmBiddingScheme","v2.15.0","Class::Std::Fast","0.0.1","Test::More","1.302222"
"perl:5.38","vary-two","Google::Ads::AdWords::v201309::ManualCpmBiddingScheme","v2.15.0","Class::Std::Fast","0.0.1","Test::More","0.01"
"perl:5.38","vary-two","Google::Ads::AdWords::v201309::ManualCpmBiddingScheme","v2.15.0","Class::Std::Fast","v0.0.8","Config::Properties","1.80"
"perl:5.38","vary-two","Google::Ads::AdWords::v201309::ManualCpmBiddingScheme","v2.15.0","Class::Std::Fast","v0.0.8","Config::Properties","0.01"
"perl:5.38","vary-two","Google::Ads::AdWords::v201309::ManualCpmBiddingScheme","v2.15.0","Class::Std::Fast","0.0.1","Config::Properties","1.80"
"perl:5.38","vary-two","Google::Ads::AdWords::v201309::ManualCpmBiddingScheme","v2.15.0","Class::Std::Fast","0.0.1","Config::Properties","0.01"
"perl:5.38","vary-two","Google::Ads::AdWords::v201309::ManualCpmBiddingScheme","v2.15.0","Config::Properties","1.80","Test::More","1.302222"
"perl:5.38","vary-two","Google::Ads::AdWords::v201309::ManualCpmBiddingScheme","v2.15.0","Config::Properties","0.01","Test::More","1.302222"
"perl:5.38","vary-two","Google::Ads::AdWords::v201309::ManualCpmBiddingScheme","v2.15.0","Config::Properties","1.80","Test::More","0.01"
"perl:5.38","vary-two","Google::Ads::AdWords::v201309::ManualCpmBiddingScheme","v2.15.0","Config::Properties","0.01","Test::More","0.01"
"perl:5.38","baseline","Google::Ads::AdWords::v201402::AdGroupPage","v2.15.0","","","",""
"perl:5.38","vary-one","Google::Ads::AdWords::v201402::AdGroupPage","v2.15.0","Class::Std::Fast","v0.0.8","",""
"perl:5.38","vary-one","Google::Ads::AdWords::v201402::AdGroupPage","v2.15.0","Class::Std::Fast","0.0.1","",""
"perl:5.38","vary-one","Google::Ads::AdWords::v201402::AdGroupPage","v2.15.0","Test::More","1.302222","",""
"perl:5.38","vary-one","Google::Ads::AdWords::v201402::AdGroupPage","v2.15.0","Test::More","0.01","",""
"perl:5.38","vary-one","Google::Ads::AdWords::v201402::AdGroupPage","v2.15.0","Config::Properties","1.80","",""
"perl:5.38","vary-one","Google::Ads::AdWords::v201402::AdGroupPage","v2.15.0","Config::Properties","0.01","",""
"perl:5.38","vary-two","Google::Ads::AdWords::v201402::AdGroupPage","v2.15.0","Class::Std::Fast","v0.0.8","Test::More","1.302222"
"perl:5.38","vary-two","Google::Ads::AdWords::v201402::AdGroupPage","v2.15.0","Class::Std::Fast","v0.0.8","Test::More","0.01"
"perl:5.38","vary-two","Google::Ads::AdWords::v201402::AdGroupPage","v2.15.0","Class::Std::Fast","0.0.1","Test::More","1.302222"
"perl:5.38","vary-two","Google::Ads::AdWords::v201402::AdGroupPage","v2.15.0","Class::Std::Fast","0.0.1","Test::More","0.01"
"perl:5.38","vary-two","Google::Ads::AdWords::v201402::AdGroupPage","v2.15.0","Class::Std::Fast","v0.0.8","Config::Properties","1.80"
"perl:5.38","vary-two","Google::Ads::AdWords::v201402::AdGroupPage","v2.15.0","Class::Std::Fast","v0.0.8","Config::Properties","0.01"
"perl:5.38","vary-two","Google::Ads::AdWords::v201402::AdGroupPage","v2.15.0","Class::Std::Fast","0.0.1","Config::Properties","1.80"
"perl:5.38","vary-two","Google::Ads::AdWords::v201402::AdGroupPage","v2.15.0","Class::Std::Fast","0.0.1","Config::Properties","0.01"
"perl:5.38","vary-two","Google::Ads::AdWords::v201402::AdGroupPage","v2.15.0","Config::Properties","1.80","Test::More","1.302222"
"perl:5.38","vary-two","Google::Ads::AdWords::v201402::AdGroupPage","v2.15.0","Config::Properties","0.01","Test::More","1.302222"
"perl:5.38","vary-two","Google::Ads::AdWords::v201402::AdGroupPage","v2.15.0","Config::Properties","1.80","Test::More","0.01"
"perl:5.38","vary-two","Google::Ads::AdWords::v201402::AdGroupPage","v2.15.0","Config::Properties","0.01","Test::More","0.01"
"perl:5.38","baseline","Gitalist::Controller::LegacyURI","0.005001","","","",""
"perl:5.38","vary-one","Gitalist::Controller::LegacyURI","0.005001","Test::More","1.302222","",""
"perl:5.38","vary-one","Gitalist::Controller::LegacyURI","0.005001","Test::More","0.01","",""
"perl:5.38","vary-one","Gitalist::Controller::LegacyURI","0.005001","Test::Exception","0.43","",""
"perl:5.38","vary-one","Gitalist::Controller::LegacyURI","0.005001","Test::Exception","0.07","",""
"perl:5.38","vary-one","Gitalist::Controller::LegacyURI","0.005001","MooseX::Declare","0.43","",""
"perl:5.38","vary-one","Gitalist::Controller::LegacyURI","0.005001","MooseX::Declare","0.01","",""
"perl:5.38","vary-two","Gitalist::Controller::LegacyURI","0.005001","Test::Exception","0.43","Test::More","1.302222"
"perl:5.38","vary-two","Gitalist::Controller::LegacyURI","0.005001","Test::Exception","0.07","Test::More","1.302222"
"perl:5.38","vary-two","Gitalist::Controller::LegacyURI","0.005001","Test::Exception","0.43","Test::More","0.01"
"perl:5.38","vary-two","Gitalist::Controller::LegacyURI","0.005001","Test::Exception","0.07","Test::More","0.01"
"perl:5.38","vary-two","Gitalist::Controller::LegacyURI","0.005001","MooseX::Declare","0.43","Test::More","1.302222"
"perl:5.38","vary-two","Gitalist::Controller::LegacyURI","0.005001","MooseX::Declare","0.01","Test::More","1.302222"
"perl:5.38","vary-two","Gitalist::Controller::LegacyURI","0.005001","MooseX::Declare","0.43","Test::More","0.01"
"perl:5.38","vary-two","Gitalist::Controller::LegacyURI","0.005001","MooseX::Declare","0.01","Test::More","0.01"
"perl:5.38","vary-two","Gitalist::Controller::LegacyURI","0.005001","MooseX::Declare","0.43","Test::Exception","0.43"
"perl:5.38","vary-two","Gitalist::Controller::LegacyURI","0.005001","MooseX::Declare","0.01","Test::Exception","0.43"
"perl:5.38","vary-two","Gitalist::Controller::LegacyURI","0.005001","MooseX::Declare","0.43","Test::Exception","0.07"
"perl:5.38","vary-two","Gitalist::Controller::LegacyURI","0.005001","MooseX::Declare","0.01","Test::Exception","0.07"
"perl:5.38","baseline","SPVM::Hash","0.990191","","","",""
"perl:5.38","vary-one","SPVM::Hash","0.990191","Time::Piece","1.41","",""
"perl:5.38","vary-one","SPVM::Hash","0.990191","Time::Piece","1.00","",""
"perl:5.38","vary-one","SPVM::Hash","0.990191","JSON::PP","4.18","",""
"perl:5.38","vary-one","SPVM::Hash","0.990191","JSON::PP","2.27101","",""
"perl:5.38","vary-one","SPVM::Hash","0.990191","ExtUtils::CBuilder","0.280236","",""
"perl:5.38","vary-one","SPVM::Hash","0.990191","ExtUtils::CBuilder","0.01","",""
"perl:5.38","vary-two","SPVM::Hash","0.990191","JSON::PP","4.18","Time::Piece","1.41"
"perl:5.38","vary-two","SPVM::Hash","0.990191","JSON::PP","2.27101","Time::Piece","1.41"
"perl:5.38","vary-two","SPVM::Hash","0.990191","JSON::PP","4.18","Time::Piece","1.00"
"perl:5.38","vary-two","SPVM::Hash","0.990191","JSON::PP","2.27101","Time::Piece","1.00"
"perl:5.38","vary-two","SPVM::Hash","0.990191","ExtUtils::CBuilder","0.280236","Time::Piece","1.41"
"perl:5.38","vary-two","SPVM::Hash","0.990191","ExtUtils::CBuilder","0.01","Time::Piece","1.41"
"perl:5.38","vary-two","SPVM::Hash","0.990191","ExtUtils::CBuilder","0.280236","Time::Piece","1.00"
"perl:5.38","vary-two","SPVM::Hash","0.990191","ExtUtils::CBuilder","0.01","Time::Piece","1.00"
"perl:5.38","vary-two","SPVM::Hash","0.990191","ExtUtils::CBuilder","0.280236","JSON::PP","4.18"
"perl:5.38","vary-two","SPVM::Hash","0.990191","ExtUtils::CBuilder","0.01","JSON::PP","4.18"
"perl:5.38","vary-two","SPVM::Hash","0.990191","ExtUtils::CBuilder","0.280236","JSON::PP","2.27101"
"perl:5.38","vary-two","SPVM::Hash","0.990191","ExtUtils::CBuilder","0.01","JSON::PP","2.27101"
"perl:5.38","baseline","MYDan::VSSH::Execute","v0.1.62","","","",""
"perl:5.38","baseline","PostgreSQL::PLPerl::NYTProf","1.002","","","",""
"perl:5.38","vary-one","PostgreSQL::PLPerl::NYTProf","1.002","Devel::NYTProf::Core","6.15","",""
"perl:5.38","vary-one","PostgreSQL::PLPerl::NYTProf","1.002","Devel::NYTProf::Core","0.01","",""
"perl:5.38","baseline","Lab::VISA","3.20","","","",""
"perl:5.38","baseline","Catalyst::Controller::ElasticSearch","v0.1.0","","","",""
"perl:5.38","vary-one","Catalyst::Controller::ElasticSearch","v0.1.0","List::MoreUtils","0.430","",""
"perl:5.38","vary-one","Catalyst::Controller::ElasticSearch","v0.1.0","List::MoreUtils","0.04","",""
"perl:5.38","vary-one","Catalyst::Controller::ElasticSearch","v0.1.0","MooseX::Attribute::Chained","1.0.3","",""
"perl:5.38","vary-one","Catalyst::Controller::ElasticSearch","v0.1.0","MooseX::Attribute::Chained","1.0.1","",""
"perl:5.38","vary-two","Catalyst::Controller::ElasticSearch","v0.1.0","List::MoreUtils","0.430","MooseX::Attribute::Chained","1.0.3"
"perl:5.38","vary-two","Catalyst::Controller::ElasticSearch","v0.1.0","List::MoreUtils","0.430","MooseX::Attribute::Chained","1.0.1"
"perl:5.38","vary-two","Catalyst::Controller::ElasticSearch","v0.1.0","List::MoreUtils","0.04","MooseX::Attribute::Chained","1.0.3"
"perl:5.38","vary-two","Catalyst::Controller::ElasticSearch","v0.1.0","List::MoreUtils","0.04","MooseX::Attribute::Chained","1.0.1"
"perl:5.38","baseline","Paws::Shield::DescribeAttack","0.46","","","",""
"perl:5.38","vary-one","Paws::Shield::DescribeAttack","0.46","Module::Build::Tiny","0.053","",""
"perl:5.38","vary-one","Paws::Shield::DescribeAttack","0.46","Module::Build::Tiny","0.006","",""
"perl:5.38","vary-one","Paws::Shield::DescribeAttack","0.46","Path::Tiny","0.150","",""
"perl:5.38","vary-one","Paws::Shield::DescribeAttack","0.46","Path::Tiny","0.001","",""
"perl:5.38","vary-one","Paws::Shield::DescribeAttack","0.46","Net::Amazon::Signature::V4","0.22","",""
"perl:5.38","vary-one","Paws::Shield::DescribeAttack","0.46","Net::Amazon::Signature::V4","0.04","",""
"perl:5.38","vary-two","Paws::Shield::DescribeAttack","0.46","Module::Build::Tiny","0.053","Path::Tiny","0.150"
"perl:5.38","vary-two","Paws::Shield::DescribeAttack","0.46","Module::Build::Tiny","0.053","Path::Tiny","0.001"
"perl:5.38","vary-two","Paws::Shield::DescribeAttack","0.46","Module::Build::Tiny","0.006","Path::Tiny","0.150"
"perl:5.38","vary-two","Paws::Shield::DescribeAttack","0.46","Module::Build::Tiny","0.006","Path::Tiny","0.001"
"perl:5.38","vary-two","Paws::Shield::DescribeAttack","0.46","Module::Build::Tiny","0.053","Net::Amazon::Signature::V4","0.22"
"perl:5.38","vary-two","Paws::Shield::DescribeAttack","0.46","Module::Build::Tiny","0.053","Net::Amazon::Signature::V4","0.04"
"perl:5.38","vary-two","Paws::Shield::DescribeAttack","0.46","Module::Build::Tiny","0.006","Net::Amazon::Signature::V4","0.22"
"perl:5.38","vary-two","Paws::Shield::DescribeAttack","0.46","Module::Build::Tiny","0.006","Net::Amazon::Signature::V4","0.04"
"perl:5.38","vary-two","Paws::Shield::DescribeAttack","0.46","Net::Amazon::Signature::V4","0.22","Path::Tiny","0.150"
"perl:5.38","vary-two","Paws::Shield::DescribeAttack","0.46","Net::Amazon::Signature::V4","0.04","Path::Tiny","0.150"
"perl:5.38","vary-two","Paws::Shield::DescribeAttack","0.46","Net::Amazon::Signature::V4","0.22","Path::Tiny","0.001"
"perl:5.38","vary-two","Paws::Shield::DescribeAttack","0.46","Net::Amazon::Signature::V4","0.04","Path::Tiny","0.001"
"perl:5.38","baseline","EPL2::Pad","0.001","","","",""
"perl:5.38","vary-one","EPL2::Pad","0.001","Module::Build","0.4234","",""
"perl:5.38","vary-one","EPL2::Pad","0.001","Module::Build","0.01","",""
"perl:5.38","vary-one","EPL2::Pad","0.001","Moose","2.4000","",""
"perl:5.38","vary-one","EPL2::Pad","0.001","Moose","0.18","",""
"perl:5.38","vary-one","EPL2::Pad","0.001","MooseX::Types::Moose","0.51","",""
"perl:5.38","vary-one","EPL2::Pad","0.001","MooseX::Types::Moose","0.01","",""
"perl:5.38","vary-two","EPL2::Pad","0.001","Module::Build","0.4234","Moose","2.4000"
"perl:5.38","vary-two","EPL2::Pad","0.001","Module::Build","0.4234","Moose","0.18"
"perl:5.38","vary-two","EPL2::Pad","0.001","Module::Build","0.01","Moose","2.4000"
"perl:5.38","vary-two","EPL2::Pad","0.001","Module::Build","0.01","Moose","0.18"
"perl:5.38","vary-two","EPL2::Pad","0.001","Module::Build","0.4234","MooseX::Types::Moose","0.51"
"perl:5.38","vary-two","EPL2::Pad","0.001","Module::Build","0.4234","MooseX::Types::Moose","0.01"
"perl:5.38","vary-two","EPL2::Pad","0.001","Module::Build","0.01","MooseX::Types::Moose","0.51"
"perl:5.38","vary-two","EPL2::Pad","0.001","Module::Build","0.01","MooseX::Types::Moose","0.01"
"perl:5.38","vary-two","EPL2::Pad","0.001","Moose","2.4000","MooseX::Types::Moose","0.51"
"perl:5.38","vary-two","EPL2::Pad","0.001","Moose","2.4000","MooseX::Types::Moose","0.01"
"perl:5.38","vary-two","EPL2::Pad","0.001","Moose","0.18","MooseX::Types::Moose","0.51"
"perl:5.38","vary-two","EPL2::Pad","0.001","Moose","0.18","MooseX::Types::Moose","0.01"
"perl:5.38","baseline","Pandoc::Document::Element","0.38","","","",""
"perl:5.38","vary-one","Pandoc::Document::Element","0.38","Module::Build::Tiny","0.053","",""
"perl:5.38","vary-one","Pandoc::Document::Element","0.38","Module::Build::Tiny","0.006","",""
"perl:5.38","vary-one","Pandoc::Document::Element","0.38","IPC::Run3","0.049","",""
"perl:5.38","vary-one","Pandoc::Document::Element","0.38","IPC::Run3","0.005","",""
"perl:5.38","vary-one","Pandoc::Document::Element","0.38","List::Util","1.70","",""
"perl:5.38","vary-one","Pandoc::Document::Element","0.38","List::Util","0.10","",""
"perl:5.38","vary-two","Pandoc::Document::Element","0.38","IPC::Run3","0.049","Module::Build::Tiny","0.053"
"perl:5.38","vary-two","Pandoc::Document::Element","0.38","IPC::Run3","0.005","Module::Build::Tiny","0.053"
"perl:5.38","vary-two","Pandoc::Document::Element","0.38","IPC::Run3","0.049","Module::Build::Tiny","0.006"
"perl:5.38","vary-two","Pandoc::Document::Element","0.38","IPC::Run3","0.005","Module::Build::Tiny","0.006"
"perl:5.38","vary-two","Pandoc::Document::Element","0.38","List::Util","1.70","Module::Build::Tiny","0.053"
"perl:5.38","vary-two","Pandoc::Document::Element","0.38","List::Util","0.10","Module::Build::Tiny","0.053"
"perl:5.38","vary-two","Pandoc::Document::Element","0.38","List::Util","1.70","Module::Build::Tiny","0.006"
"perl:5.38","vary-two","Pandoc::Document::Element","0.38","List::Util","0.10","Module::Build::Tiny","0.006"
"perl:5.38","vary-two","Pandoc::Document::Element","0.38","IPC::Run3","0.049","List::Util","1.70"
"perl:5.38","vary-two","Pandoc::Document::Element","0.38","IPC::Run3","0.049","List::Util","0.10"
"perl:5.38","vary-two","Pandoc::Document::Element","0.38","IPC::Run3","0.005","List::Util","1.70"
"perl:5.38","vary-two","Pandoc::Document::Element","0.38","IPC::Run3","0.005","List::Util","0.10"
"perl:5.38","baseline","Math::Palindrome","0.021","","","",""
"perl:5.38","vary-one","Math::Palindrome","0.021","Test::Simple","1.302222","",""
"perl:5.38","vary-one","Math::Palindrome","0.021","Test::Simple","0.01","",""
"perl:5.38","baseline","Schema::RackTables::0_16_3::Result::RackObject","1.01","","","",""
"perl:5.38","vary-one","Schema::RackTables::0_16_3::Result::RackObject","1.01","JSON::XS","4.04","",""
"perl:5.38","vary-one","Schema::RackTables::0_16_3::Result::RackObject","1.01","JSON::XS","0.1","",""
"perl:5.38","vary-one","Schema::RackTables::0_16_3::Result::RackObject","1.01","Moo","2.005005","",""
"perl:5.38","vary-one","Schema::RackTables::0_16_3::Result::RackObject","1.01","Moo","0.009001","",""
"perl:5.38","vary-one","Schema::RackTables::0_16_3::Result::RackObject","1.01","Test::More","1.302222","",""
"perl:5.38","vary-one","Schema::RackTables::0_16_3::Result::RackObject","1.01","Test::More","0.01","",""
"perl:5.38","vary-two","Schema::RackTables::0_16_3::Result::RackObject","1.01","JSON::XS","4.04","Moo","2.005005"
"perl:5.38","vary-two","Schema::RackTables::0_16_3::Result::RackObject","1.01","JSON::XS","4.04","Moo","0.009001"
"perl:5.38","vary-two","Schema::RackTables::0_16_3::Result::RackObject","1.01","JSON::XS","0.1","Moo","2.005005"
"perl:5.38","vary-two","Schema::RackTables::0_16_3::Result::RackObject","1.01","JSON::XS","0.1","Moo","0.009001"
"perl:5.38","vary-two","Schema::RackTables::0_16_3::Result::RackObject","1.01","JSON::XS","4.04","Test::More","1.302222"
"perl:5.38","vary-two","Schema::RackTables::0_16_3::Result::RackObject","1.01","JSON::XS","4.04","Test::More","0.01"
"perl:5.38","vary-two","Schema::RackTables::0_16_3::Result::RackObject","1.01","JSON::XS","0.1","Test::More","1.302222"
"perl:5.38","vary-two","Schema::RackTables::0_16_3::Result::RackObject","1.01","JSON::XS","0.1","Test::More","0.01"
"perl:5.38","vary-two","Schema::RackTables::0_16_3::Result::RackObject","1.01","Moo","2.005005","Test::More","1.302222"
"perl:5.38","vary-two","Schema::RackTables::0_16_3::Result::RackObject","1.01","Moo","2.005005","Test::More","0.01"
"perl:5.38","vary-two","Schema::RackTables::0_16_3::Result::RackObject","1.01","Moo","0.009001","Test::More","1.302222"
"perl:5.38","vary-two","Schema::RackTables::0_16_3::Result::RackObject","1.01","Moo","0.009001","Test::More","0.01"
"perl:5.38","baseline","Template::Plugin::IPAddr","0.03","","","",""
"perl:5.38","vary-one","Template::Plugin::IPAddr","0.03","base","2.23","",""
"perl:5.38","vary-one","Template::Plugin::IPAddr","0.03","base","2.0","",""
"perl:5.38","vary-one","Template::Plugin::IPAddr","0.03","NetAddr::IP","4.079","",""
"perl:5.38","vary-one","Template::Plugin::IPAddr","0.03","NetAddr::IP","2.00","",""
"perl:5.38","vary-one","Template::Plugin::IPAddr","0.03","Template::Plugin","3.106","",""
"perl:5.38","vary-one","Template::Plugin::IPAddr","0.03","Template::Plugin","0.22","",""
"perl:5.38","vary-two","Template::Plugin::IPAddr","0.03","NetAddr::IP","4.079","base","2.23"
"perl:5.38","vary-two","Template::Plugin::IPAddr","0.03","NetAddr::IP","2.00","base","2.23"
"perl:5.38","vary-two","Template::Plugin::IPAddr","0.03","NetAddr::IP","4.079","base","2.0"
"perl:5.38","vary-two","Template::Plugin::IPAddr","0.03","NetAddr::IP","2.00","base","2.0"
"perl:5.38","vary-two","Template::Plugin::IPAddr","0.03","Template::Plugin","3.106","base","2.23"
"perl:5.38","vary-two","Template::Plugin::IPAddr","0.03","Template::Plugin","0.22","base","2.23"
"perl:5.38","vary-two","Template::Plugin::IPAddr","0.03","Template::Plugin","3.106","base","2.0"
"perl:5.38","vary-two","Template::Plugin::IPAddr","0.03","Template::Plugin","0.22","base","2.0"
"perl:5.38","vary-two","Template::Plugin::IPAddr","0.03","NetAddr::IP","4.079","Template::Plugin","3.106"
"perl:5.38","vary-two","Template::Plugin::IPAddr","0.03","NetAddr::IP","4.079","Template::Plugin","0.22"
"perl:5.38","vary-two","Template::Plugin::IPAddr","0.03","NetAddr::IP","2.00","Template::Plugin","3.106"
"perl:5.38","vary-two","Template::Plugin::IPAddr","0.03","NetAddr::IP","2.00","Template::Plugin","0.22"
