base,mode,module,version,dep_one,dep_one_version,dep_two,dep_two_version
perl:5.34,baseline,DateTime,,,,,
perl:5.34,vary-one,DateTime,,Try::Tiny,0.30,,
perl:5.34,vary-one,DateTime,,Specio,0.50,,
perl:5.34,vary-two,DateTime,,Try::Tiny,0.30,Specio,0.50
perl:5.34,vary-one,DateTime,,Specio,0.53,,
perl:5.34,vary-two,DateTime,,Try::Tiny,0.30,Specio,0.53
perl:5.34,vary-one,DateTime,,Module::Runtime,0.016,,
perl:5.34,vary-two,DateTime,,Try::Tiny,0.30,Module::Runtime,0.016
perl:5.34,vary-one,DateTime,,Module::Runtime,0.017,,
perl:5.34,vary-two,DateTime,,Try::Tiny,0.30,Module::Runtime,0.017
perl:5.34,vary-one,DateTime,,Module::Runtime::Conflicts,0.003,,
perl:5.34,vary-two,DateTime,,Try::Tiny,0.30,Module::Runtime::Conflicts,0.003
perl:5.34,vary-one,DateTime,,Dist::CheckConflicts,0.11,,
perl:5.34,vary-two,DateTime,,Try::Tiny,0.30,Dist::CheckConflicts,0.11
perl:5.34,vary-one,DateTime,,Test::Fatal,0.016,,
perl:5.34,vary-two,DateTime,,Try::Tiny,0.30,Test::Fatal,0.016
perl:5.34,vary-one,DateTime,,Test::Fatal,0.017,,
perl:5.34,vary-two,DateTime,,Try::Tiny,0.30,Test::Fatal,0.017
perl:5.34,vary-one,DateTime,,Test::Warnings,0.031,,
perl:5.34,vary-two,DateTime,,Try::Tiny,0.30,Test::Warnings,0.031
perl:5.34,vary-one,DateTime,,Test::Warnings,0.033,,
perl:5.34,vary-two,DateTime,,Try::Tiny,0.30,Test::Warnings,0.033
perl:5.34,vary-one,DateTime,,Test::Needs,0.002010,,
perl:5.34,vary-two,DateTime,,Try::Tiny,0.30,Test::Needs,0.002010
perl:5.34,vary-one,DateTime,,Test::More,1.302195,,
perl:5.34,vary-two,DateTime,,Try::Tiny,0.30,Test::More,1.302195
perl:5.34,vary-one,DateTime,,Test::More,1.302204,,
perl:5.34,vary-two,DateTime,,Try::Tiny,0.30,Test::More,1.302204
perl:5.34,vary-one,DateTime,,Test::Simple,1.302195,,
perl:5.34,vary-two,DateTime,,Try::Tiny,0.30,Test::Simple,1.302195
perl:5.34,vary-one,DateTime,,Test::Simple,1.302204,,
perl:5.34,vary-two,DateTime,,Try::Tiny,0.30,Test::Simple,1.302204
perl:5.34,vary-one,DateTime,,URI,5.21,,
perl:5.34,vary-two,DateTime,,Try::Tiny,0.30,URI,5.21
perl:5.34,vary-one,DateTime,,URI,5.28,,
perl:5.34,vary-two,DateTime,,Try::Tiny,0.30,URI,5.28
perl:5.34,vary-one,DateTime,,HTTP::Message,6.44,,
perl:5.34,vary-two,DateTime,,Try::Tiny,0.30,HTTP::Message,6.44
perl:5.34,vary-one,DateTime,,HTTP::Message,6.46,,
perl:5.34,vary-two,DateTime,,Try::Tiny,0.30,HTTP::Message,6.46
perl:5.34,vary-one,DateTime,,HTTP::Date,6.05,,
perl:5.34,vary-two,DateTime,,Try::Tiny,0.30,HTTP::Date,6.05
perl:5.34,vary-one,DateTime,,HTTP::Date,6.06,,
perl:5.34,vary-two,DateTime,,Try::Tiny,0.30,HTTP::Date,6.06
perl:5.34,vary-one,DateTime,,Net::HTTP,6.22,,
perl:5.34,vary-two,DateTime,,Try::Tiny,0.30,Net::HTTP,6.22
perl:5.34,vary-one,DateTime,,Net::HTTP,6.23,,
perl:5.34,vary-two,DateTime,,Try::Tiny,0.30,Net::HTTP,6.23
perl:5.34,vary-one,DateTime,,HTML::Tagset,3.20,,
perl:5.34,vary-two,DateTime,,Try::Tiny,0.30,HTML::Tagset,3.20
perl:5.34,vary-one,DateTime,,HTML::Tagset,3.24,,
perl:5.34,vary-two,DateTime,,Try::Tiny,0.30,HTML::Tagset,3.24
perl:5.34,vary-one,DateTime,,HTML::Parser,3.81,,
perl:5.34,vary-two,DateTime,,Try::Tiny,0.30,HTML::Parser,3.81
perl:5.34,vary-one,DateTime,,HTML::Parser,3.83,,
perl:5.34,vary-two,DateTime,,Try::Tiny,0.30,HTML::Parser,3.83
perl:5.34,vary-one,DateTime,,JSON,4.10,,
perl:5.34,vary-two,DateTime,,Try::Tiny,0.30,JSON,4.10
perl:5.34,vary-one,DateTime,,JSON,4.11,,
perl:5.34,vary-two,DateTime,,Try::Tiny,0.30,JSON,4.11
perl:5.34,vary-one,DateTime,,JSON::PP,4.16,,
perl:5.34,vary-two,DateTime,,Try::Tiny,0.30,JSON::PP,4.16
perl:5.34,vary-one,DateTime,,JSON::PP,4.17,,
perl:5.34,vary-two,DateTime,,Try::Tiny,0.30,JSON::PP,4.17
perl:5.34,vary-one,DateTime,,Cpanel::JSON::XS,4.35,,
perl:5.34,vary-two,DateTime,,Try::Tiny,0.30,Cpanel::JSON::XS,4.35
perl:5.34,vary-one,DateTime,,Cpanel::JSON::XS,4.39,,
perl:5.34,vary-two,DateTime,,Try::Tiny,0.30,Cpanel::JSON::XS,4.39
perl:5.34,vary-one,DateTime,,Types::Serialiser,1.01,,
perl:5.34,vary-two,DateTime,,Try::Tiny,0.30,Types::Serialiser,1.01
perl:5.34,vary-one,DateTime,,common::sense,3.75,,
perl:5.34,vary-two,DateTime,,Try::Tiny,0.30,common::sense,3.75
perl:5.34,vary-one,DateTime,,B::Hooks::EndOfScope,0.26,,
perl:5.34,vary-two,DateTime,,Try::Tiny,0.30,B::Hooks::EndOfScope,0.26
perl:5.34,vary-one,DateTime,,B::Hooks::EndOfScope,0.28,,
perl:5.34,vary-two,DateTime,,Try::Tiny,0.30,B::Hooks::EndOfScope,0.28
perl:5.34,vary-one,DateTime,,Sub::Exporter,0.989,,
perl:5.34,vary-two,DateTime,,Try::Tiny,0.30,Sub::Exporter,0.989
perl:5.34,vary-one,DateTime,,Sub::Exporter,0.991,,
perl:5.34,vary-two,DateTime,,Try::Tiny,0.30,Sub::Exporter,0.991
perl:5.34,vary-one,DateTime,,Sub::Identify,0.14,,
perl:5.34,vary-two,DateTime,,Try::Tiny,0.30,Sub::Identify,0.14
perl:5.34,vary-one,DateTime,,Sub::Quote,2.006006,,
perl:5.34,vary-two,DateTime,,Try::Tiny,0.30,Sub::Quote,2.006006
perl:5.34,vary-one,DateTime,,Sub::Quote,2.006008,,
perl:5.34,vary-two,DateTime,,Try::Tiny,0.30,Sub::Quote,2.006008
perl:5.34,vary-one,DateTime,,Class::Method::Modifiers,2.15,,
perl:5.34,vary-two,DateTime,,Try::Tiny,0.30,Class::Method::Modifiers,2.15
perl:5.34,vary-one,DateTime,,Role::Tiny,2.002004,,
perl:5.34,vary-two,DateTime,,Try::Tiny,0.30,Role::Tiny,2.002004
perl:5.34,vary-one,DateTime,,Role::Tiny,2.002005,,
perl:5.34,vary-two,DateTime,,Try::Tiny,0.30,Role::Tiny,2.002005
perl:5.34,vary-one,DateTime,,Devel::StackTrace,2.04,,
perl:5.34,vary-two,DateTime,,Try::Tiny,0.30,Devel::StackTrace,2.04
perl:5.34,vary-one,DateTime,,Devel::StackTrace,2.05,,
perl:5.34,vary-two,DateTime,,Try::Tiny,0.30,Devel::StackTrace,2.05
perl:5.34,vary-one,DateTime,,Eval::Closure,0.14,,
perl:5.34,vary-two,DateTime,,Try::Tiny,0.30,Eval::Closure,0.14
perl:5.34,vary-one,DateTime,,Package::Stash,0.39,,
perl:5.34,vary-two,DateTime,,Try::Tiny,0.30,Package::Stash,0.39
perl:5.34,vary-one,DateTime,,Package::Stash,0.40,,
perl:5.34,vary-two,DateTime,,Try::Tiny,0.30,Package::Stash,0.40
perl:5.34,vary-one,DateTime,,Params::Util,1.102,,
perl:5.34,vary-two,DateTime,,Try::Tiny,0.30,Params::Util,1.102
perl:5.34,vary-one,DateTime,,Data::OptList,0.114,,
perl:5.34,vary-two,DateTime,,Try::Tiny,0.30,Data::OptList,0.114
perl:5.34,vary-one,DateTime,,MRO::Compat,0.15,,
perl:5.34,vary-two,DateTime,,Try::Tiny,0.30,MRO::Compat,0.15
perl:5.34,vary-one,DateTime,,Exporter::Tiny,1.006002,,
perl:5.34,vary-two,DateTime,,Try::Tiny,0.30,Exporter::Tiny,1.006002
perl:5.34,vary-one,DateTime,,Exporter::Tiny,1.006003,,
perl:5.34,vary-two,DateTime,,Try::Tiny,0.30,Exporter::Tiny,1.006003
perl:5.34,vary-one,DateTime,,List::Util,1.63,,
perl:5.34,vary-two,DateTime,,Try::Tiny,0.30,List::Util,1.63
perl:5.34,vary-one,DateTime,,List::Util,1.64,,
perl:5.34,vary-two,DateTime,,Try::Tiny,0.30,List::Util,1.64
perl:5.34,vary-one,DateTime,,Scalar::List::Utils,1.63,,
perl:5.34,vary-two,DateTime,,Try::Tiny,0.30,Scalar::List::Utils,1.63
perl:5.34,vary-one,DateTime,,Scalar::List::Utils,1.64,,
perl:5.34,vary-two,DateTime,,Try::Tiny,0.30,Scalar::List::Utils,1.64
perl:5.34,vary-one,DateTime,,XSLoader,0.32,,
perl:5.34,vary-two,DateTime,,Try::Tiny,0.30,XSLoader,0.32
perl:5.34,vary-one,DateTime,,Carp,1.50,,
perl:5.34,vary-two,DateTime,,Try::Tiny,0.30,Carp,1.50
perl:5.34,vary-one,DateTime,,Carp,1.52,,
perl:5.34,vary-two,DateTime,,Try::Tiny,0.30,Carp,1.52
perl:5.34,vary-one,DateTime,,File::Temp,0.2311,,
perl:5.34,vary-two,DateTime,,Try::Tiny,0.30,File::Temp,0.2311
perl:5.34,vary-one,DateTime,,File::Spec,3.88,,
perl:5.34,vary-two,DateTime,,Try::Tiny,0.30,File::Spec,3.88
perl:5.34,vary-one,DateTime,,ExtUtils::MakeMaker,7.70,,
perl:5.34,vary-two,DateTime,,Try::Tiny,0.30,ExtUtils::MakeMaker,7.70
perl:5.34,vary-one,DateTime,,ExtUtils::MakeMaker,7.76,,
perl:5.34,vary-two,DateTime,,Try::Tiny,0.30,ExtUtils::MakeMaker,7.76
perl:5.34,vary-one,DateTime,,Module::Build,0.4234,,
perl:5.34,vary-two,DateTime,,Try::Tiny,0.30,Module::Build,0.4234
perl:5.34,vary-one,DateTime,,CPAN::Meta,2.150010,,
perl:5.34,vary-two,DateTime,,Try::Tiny,0.30,CPAN::Meta,2.150010
perl:5.34,vary-one,DateTime,,CPAN::Meta::Requirements,2.143,,
perl:5.34,vary-two,DateTime,,Try::Tiny,0.30,CPAN::Meta::Requirements,2.143
perl:5.34,vary-one,DateTime,,Parse::CPAN::Meta,2.150010,,
perl:5.34,vary-two,DateTime,,Try::Tiny,0.30,Parse::CPAN::Meta,2.150010
perl:5.34,vary-one,DateTime,,YAML::Tiny,1.76,,
perl:5.34,vary-two,DateTime,,Try::Tiny,0.30,YAML::Tiny,1.76
perl:5.34,vary-one,DateTime,,YAML::Tiny,1.77,,
perl:5.34,vary-two,DateTime,,Try::Tiny,0.30,YAML::Tiny,1.77
perl:5.34,vary-one,DateTime,,Path::Tiny,0.144,,
perl:5.34,vary-two,DateTime,,Try::Tiny,0.30,Path::Tiny,0.144
perl:5.34,vary-one,DateTime,,Path::Tiny,0.150,,
perl:5.34,vary-two,DateTime,,Try::Tiny,0.30,Path::Tiny,0.150
perl:5.34,vary-one,DateTime,,Capture::Tiny,0.48,,
perl:5.34,vary-two,DateTime,,Try::Tiny,0.30,Capture::Tiny,0.48
perl:5.34,vary-one,DateTime,,File::Slurp,9999.32,,
perl:5.34,vary-two,DateTime,,Try::Tiny,0.30,File::Slurp,9999.32
perl:5.34,vary-one,DateTime,,DBI,1.643,,
perl:5.34,vary-two,DateTime,,Try::Tiny,0.30,DBI,1.643
perl:5.34,vary-one,DateTime,,DBI,1.647,,
perl:5.34,vary-two,DateTime,,Try::Tiny,0.30,DBI,1.647
perl:5.34,vary-one,DateTime,,Plack,1.0050,,
perl:5.34,vary-two,DateTime,,Try::Tiny,0.30,Plack,1.0050
perl:5.34,vary-one,DateTime,,Template,3.101,,
perl:5.34,vary-two,DateTime,,Try::Tiny,0.30,Template,3.101
perl:5.34,vary-one,DateTime,,Try::Tiny,0.31,,
perl:5.34,vary-two,DateTime,,Try::Tiny,0.31,Specio,0.50
perl:5.34,vary-two,DateTime,,Try::Tiny,0.31,Specio,0.53
perl:5.34,vary-two,DateTime,,Try::Tiny,0.31,Module::Runtime,0.016
perl:5.34,vary-two,DateTime,,Try::Tiny,0.31,Module::Runtime,0.017
perl:5.34,vary-two,DateTime,,Try::Tiny,0.31,Module::Runtime::Conflicts,0.003
perl:5.34,vary-two,DateTime,,Try::Tiny,0.31,Dist::CheckConflicts,0.11
perl:5.34,vary-two,DateTime,,Try::Tiny,0.31,Test::Fatal,0.016
perl:5.34,vary-two,DateTime,,Try::Tiny,0.31,Test::Fatal,0.017
perl:5.34,vary-two,DateTime,,Try::Tiny,0.31,Test::Warnings,0.031
perl:5.34,vary-two,DateTime,,Try::Tiny,0.31,Test::Warnings,0.033
perl:5.34,vary-two,DateTime,,Try::Tiny,0.31,Test::Needs,0.002010
perl:5.34,vary-two,DateTime,,Try::Tiny,0.31,Test::More,1.302195
perl:5.34,vary-two,DateTime,,Try::Tiny,0.31,Test::More,1.302204
perl:5.34,vary-two,DateTime,,Try::Tiny,0.31,Test::Simple,1.302195
perl:5.34,vary-two,DateTime,,Try::Tiny,0.31,Test::Simple,1.302204
perl:5.34,vary-two,DateTime,,Try::Tiny,0.31,URI,5.21
perl:5.34,vary-two,DateTime,,Try::Tiny,0.31,URI,5.28
perl:5.34,vary-two,DateTime,,Try::Tiny,0.31,HTTP::Message,6.44
perl:5.34,vary-two,DateTime,,Try::Tiny,0.31,HTTP::Message,6.46
perl:5.34,vary-two,DateTime,,Try::Tiny,0.31,HTTP::Date,6.05
perl:5.34,vary-two,DateTime,,Try::Tiny,0.31,HTTP::Date,6.06
perl:5.34,vary-two,DateTime,,Try::Tiny,0.31,Net::HTTP,6.22
perl:5.34,vary-two,DateTime,,Try::Tiny,0.31,Net::HTTP,6.23
perl:5.34,vary-two,DateTime,,Try::Tiny,0.31,HTML::Tagset,3.20
perl:5.34,vary-two,DateTime,,Try::Tiny,0.31,HTML::Tagset,3.24
perl:5.34,vary-two,DateTime,,Try::Tiny,0.31,HTML::Parser,3.81
perl:5.34,vary-two,DateTime,,Try::Tiny,0.31,HTML::Parser,3.83
perl:5.34,vary-two,DateTime,,Try::Tiny,0.31,JSON,4.10
perl:5.34,vary-two,DateTime,,Try::Tiny,0.31,JSON,4.11
perl:5.34,vary-two,DateTime,,Try::Tiny,0.31,JSON::PP,4.16
perl:5.34,vary-two,DateTime,,Try::Tiny,0.31,JSON::PP,4.17
perl:5.34,vary-two,DateTime,,Try::Tiny,0.31,Cpanel::JSON::XS,4.35
perl:5.34,vary-two,DateTime,,Try::Tiny,0.31,Cpanel::JSON::XS,4.39
perl:5.34,vary-two,DateTime,,Try::Tiny,0.31,Types::Serialiser,1.01
perl:5.34,vary-two,DateTime,,Try::Tiny,0.31,common::sense,3.75
perl:5.34,vary-two,DateTime,,Try::Tiny,0.31,B::Hooks::EndOfScope,0.26
perl:5.34,vary-two,DateTime,,Try::Tiny,0.31,B::Hooks::EndOfScope,0.28
perl:5.34,vary-two,DateTime,,Try::Tiny,0.31,Sub::Exporter,0.989
perl:5.34,vary-two,DateTime,,Try::Tiny,0.31,Sub::Exporter,0.991
perl:5.34,vary-two,DateTime,,Try::Tiny,0.31,Sub::Identify,0.14
perl:5.34,vary-two,DateTime,,Try::Tiny,0.31,Sub::Quote,2.006006
perl:5.34,vary-two,DateTime,,Try::Tiny,0.31,Sub::Quote,2.006008
perl:5.34,vary-two,DateTime,,Try::Tiny,0.31,Class::Method::Modifiers,2.15
perl:5.34,vary-two,DateTime,,Try::Tiny,0.31,Role::Tiny,2.002004
perl:5.34,vary-two,DateTime,,Try::Tiny,0.31,Role::Tiny,2.002005
perl:5.34,vary-two,DateTime,,Try::Tiny,0.31,Devel::StackTrace,2.04
perl:5.34,vary-two,DateTime,,Try::Tiny,0.31,Devel::StackTrace,2.05
perl:5.34,vary-two,DateTime,,Try::Tiny,0.31,Eval::Closure,0.14
perl:5.34,vary-two,DateTime,,Try::Tiny,0.31,Package::Stash,0.39
perl:5.34,vary-two,DateTime,,Try::Tiny,0.31,Package::Stash,0.40
perl:5.34,vary-two,DateTime,,Try::Tiny,0.31,Params::Util,1.102
perl:5.34,vary-two,DateTime,,Try::Tiny,0.31,Data::OptList,0.114
perl:5.34,vary-two,DateTime,,Try::Tiny,0.31,MRO::Compat,0.15
perl:5.34,vary-two,DateTime,,Try::Tiny,0.31,Exporter::Tiny,1.006002
perl:5.34,vary-two,DateTime,,Try::Tiny,0.31,Exporter::Tiny,1.006003
perl:5.34,vary-two,DateTime,,Try::Tiny,0.31,List::Util,1.63
perl:5.34,vary-two,DateTime,,Try::Tiny,0.31,List::Util,1.64
perl:5.34,vary-two,DateTime,,Try::Tiny,0.31,Scalar::List::Utils,1.63
perl:5.34,vary-two,DateTime,,Try::Tiny,0.31,Scalar::List::Utils,1.64
perl:5.34,vary-two,DateTime,,Try::Tiny,0.31,XSLoader,0.32
perl:5.34,vary-two,DateTime,,Try::Tiny,0.31,Carp,1.50
perl:5.34,vary-two,DateTime,,Try::Tiny,0.31,Carp,1.52
perl:5.34,vary-two,DateTime,,Try::Tiny,0.31,File::Temp,0.2311
perl:5.34,vary-two,DateTime,,Try::Tiny,0.31,File::Spec,3.88
perl:5.34,vary-two,DateTime,,Try::Tiny,0.31,ExtUtils::MakeMaker,7.70
perl:5.34,vary-two,DateTime,,Try::Tiny,0.31,ExtUtils::MakeMaker,7.76
perl:5.34,vary-two,DateTime,,Try::Tiny,0.31,Module::Build,0.4234
perl:5.34,vary-two,DateTime,,Try::Tiny,0.31,CPAN::Meta,2.150010
perl:5.34,vary-two,DateTime,,Try::Tiny,0.31,CPAN::Meta::Requirements,2.143
perl:5.34,vary-two,DateTime,,Try::Tiny,0.31,Parse::CPAN::Meta,2.150010
perl:5.34,vary-two,DateTime,,Try::Tiny,0.31,YAML::Tiny,1.76
perl:5.34,vary-two,DateTime,,Try::Tiny,0.31,YAML::Tiny,1.77
perl:5.34,vary-two,DateTime,,Try::Tiny,0.31,Path::Tiny,0.144
perl:5.34,vary-two,DateTime,,Try::Tiny,0.31,Path::Tiny,0.150
perl:5.34,vary-two,DateTime,,Try::Tiny,0.31,Capture::Tiny,0.48
perl:5.34,vary-two,DateTime,,Try::Tiny,0.31,File::Slurp,9999.32
perl:5.34,vary-two,DateTime,,Try::Tiny,0.31,DBI,1.643
perl:5.34,vary-two,DateTime,,Try::Tiny,0.31,DBI,1.647
perl:5.34,vary-two,DateTime,,Try::Tiny,0.31,Plack,1.0050
perl:5.34,vary-two,DateTime,,Try::Tiny,0.31,Template,3.101
perl:5.34,vary-one,DateTime,,Try::Tiny,0.32,,
perl:5.34,vary-two,DateTime,,Try::Tiny,0.32,Specio,0.50
perl:5.34,vary-two,DateTime,,Try::Tiny,0.32,Specio,0.53
perl:5.34,vary-two,DateTime,,Try::Tiny,0.32,Module::Runtime,0.016
perl:5.34,vary-two,DateTime,,Try::Tiny,0.32,Module::Runtime,0.017
perl:5.34,vary-two,DateTime,,Try::Tiny,0.32,Module::Runtime::Conflicts,0.003
perl:5.34,vary-two,DateTime,,Try::Tiny,0.32,Dist::CheckConflicts,0.11
perl:5.34,vary-two,DateTime,,Try::Tiny,0.32,Test::Fatal,0.016
perl:5.34,vary-two,DateTime,,Try::Tiny,0.32,Test::Fatal,0.017
perl:5.34,vary-two,DateTime,,Try::Tiny,0.32,Test::Warnings,0.031
perl:5.34,vary-two,DateTime,,Try::Tiny,0.32,Test::Warnings,0.033
perl:5.34,vary-two,DateTime,,Try::Tiny,0.32,Test::Needs,0.002010
perl:5.34,vary-two,DateTime,,Try::Tiny,0.32,Test::More,1.302195
perl:5.34,vary-two,DateTime,,Try::Tiny,0.32,Test::More,1.302204
perl:5.34,vary-two,DateTime,,Try::Tiny,0.32,Test::Simple,1.302195
perl:5.34,vary-two,DateTime,,Try::Tiny,0.32,Test::Simple,1.302204
perl:5.34,vary-two,DateTime,,Try::Tiny,0.32,URI,5.21
perl:5.34,vary-two,DateTime,,Try::Tiny,0.32,URI,5.28
perl:5.34,vary-two,DateTime,,Try::Tiny,0.32,HTTP::Message,6.44
perl:5.34,vary-two,DateTime,,Try::Tiny,0.32,HTTP::Message,6.46
perl:5.34,vary-two,DateTime,,Try::Tiny,0.32,HTTP::Date,6.05
perl:5.34,vary-two,DateTime,,Try::Tiny,0.32,HTTP::Date,6.06
perl:5.34,vary-two,DateTime,,Try::Tiny,0.32,Net::HTTP,6.22
perl:5.34,vary-two,DateTime,,Try::Tiny,0.32,Net::HTTP,6.23
perl:5.34,vary-two,DateTime,,Try::Tiny,0.32,HTML::Tagset,3.20
perl:5.34,vary-two,DateTime,,Try::Tiny,0.32,HTML::Tagset,3.24
perl:5.34,vary-two,DateTime,,Try::Tiny,0.32,HTML::Parser,3.81
perl:5.34,vary-two,DateTime,,Try::Tiny,0.32,HTML::Parser,3.83
perl:5.34,vary-two,DateTime,,Try::Tiny,0.32,JSON,4.10
perl:5.34,vary-two,DateTime,,Try::Tiny,0.32,JSON,4.11
perl:5.34,vary-two,DateTime,,Try::Tiny,0.32,JSON::PP,4.16
perl:5.34,vary-two,DateTime,,Try::Tiny,0.32,JSON::PP,4.17
perl:5.34,vary-two,DateTime,,Try::Tiny,0.32,Cpanel::JSON::XS,4.35
perl:5.34,vary-two,DateTime,,Try::Tiny,0.32,Cpanel::JSON::XS,4.39
perl:5.34,vary-two,DateTime,,Try::Tiny,0.32,Types::Serialiser,1.01
perl:5.34,vary-two,DateTime,,Try::Tiny,0.32,common::sense,3.75
perl:5.34,vary-two,DateTime,,Try::Tiny,0.32,B::Hooks::EndOfScope,0.26
perl:5.34,vary-two,DateTime,,Try::Tiny,0.32,B::Hooks::EndOfScope,0.28
perl:5.34,vary-two,DateTime,,Try::Tiny,0.32,Sub::Exporter,0.989
perl:5.34,vary-two,DateTime,,Try::Tiny,0.32,Sub::Exporter,0.991
perl:5.34,vary-two,DateTime,,Try::Tiny,0.32,Sub::Identify,0.14
perl:5.34,vary-two,DateTime,,Try::Tiny,0.32,Sub::Quote,2.006006
perl:5.34,vary-two,DateTime,,Try::Tiny,0.32,Sub::Quote,2.006008
perl:5.34,vary-two,DateTime,,Try::Tiny,0.32,Class::Method::Modifiers,2.15
perl:5.34,vary-two,DateTime,,Try::Tiny,0.32,Role::Tiny,2.002004
perl:5.34,vary-two,DateTime,,Try::Tiny,0.32,Role::Tiny,2.002005
perl:5.34,vary-two,DateTime,,Try::Tiny,0.32,Devel::StackTrace,2.04
perl:5.34,vary-two,DateTime,,Try::Tiny,0.32,Devel::StackTrace,2.05
perl:5.34,vary-two,DateTime,,Try::Tiny,0.32,Eval::Closure,0.14
perl:5.34,vary-two,DateTime,,Try::Tiny,0.32,Package::Stash,0.39
perl:5.34,vary-two,DateTime,,Try::Tiny,0.32,Package::Stash,0.40
perl:5.34,vary-two,DateTime,,Try::Tiny,0.32,Params::Util,1.102
perl:5.34,vary-two,DateTime,,Try::Tiny,0.32,Data::OptList,0.114
perl:5.34,vary-two,DateTime,,Try::Tiny,0.32,MRO::Compat,0.15
perl:5.34,vary-two,DateTime,,Try::Tiny,0.32,Exporter::Tiny,1.006002
perl:5.34,vary-two,DateTime,,Try::Tiny,0.32,Exporter::Tiny,1.006003
perl:5.34,vary-two,DateTime,,Try::Tiny,0.32,List::Util,1.63
perl:5.34,vary-two,DateTime,,Try::Tiny,0.32,List::Util,1.64
perl:5.34,vary-two,DateTime,,Try::Tiny,0.32,Scalar::List::Utils,1.63
perl:5.34,vary-two,DateTime,,Try::Tiny,0.32,Scalar::List::Utils,1.64
perl:5.34,vary-two,DateTime,,Try::Tiny,0.32,XSLoader,0.32
perl:5.34,vary-two,DateTime,,Try::Tiny,0.32,Carp,1.50
perl:5.34,vary-two,DateTime,,Try::Tiny,0.32,Carp,1.52
perl:5.34,vary-two,DateTime,,Try::Tiny,0.32,File::Temp,0.2311
perl:5.34,vary-two,DateTime,,Try::Tiny,0.32,File::Spec,3.88
perl:5.34,vary-two,DateTime,,Try::Tiny,0.32,ExtUtils::MakeMaker,7.70
perl:5.34,vary-two,DateTime,,Try::Tiny,0.32,ExtUtils::MakeMaker,7.76
perl:5.34,vary-two,DateTime,,Try::Tiny,0.32,Module::Build,0.4234
perl:5.34,vary-two,DateTime,,Try::Tiny,0.32,CPAN::Meta,2.150010
perl:5.34,vary-two,DateTime,,Try::Tiny,0.32,CPAN::Meta::Requirements,2.143
perl:5.34,vary-two,DateTime,,Try::Tiny,0.32,Parse::CPAN::Meta,2.150010
perl:5.34,vary-two,DateTime,,Try::Tiny,0.32,YAML::Tiny,1.76
perl:5.34,vary-two,DateTime,,Try::Tiny,0.32,YAML::Tiny,1.77
perl:5.34,vary-two,DateTime,,Try::Tiny,0.32,Path::Tiny,0.144
perl:5.34,vary-two,DateTime,,Try::Tiny,0.32,Path::Tiny,0.150
perl:5.34,vary-two,DateTime,,Try::Tiny,0.32,Capture::Tiny,0.48
perl:5.34,vary-two,DateTime,,Try::Tiny,0.32,File::Slurp,9999.32
perl:5.34,vary-two,DateTime,,Try::Tiny,0.32,DBI,1.643
perl:5.34,vary-two,DateTime,,Try::Tiny,0.32,DBI,1.647
perl:5.34,vary-two,DateTime,,Try::Tiny,0.32,Plack,1.0050
perl:5.34,vary-two,DateTime,,Try::Tiny,0.32,Template,3.101
perl:5.34,vary-two,DateTime,,Specio,0.50,Module::Runtime,0.016
perl:5.34,vary-two,DateTime,,Specio,0.50,Module::Runtime,0.017
perl:5.34,vary-two,DateTime,,Specio,0.50,Module::Runtime::Conflicts,0.003
perl:5.34,vary-two,DateTime,,Specio,0.50,Dist::CheckConflicts,0.11
perl:5.34,vary-two,DateTime,,Specio,0.50,Test::Fatal,0.016
perl:5.34,vary-two,DateTime,,Specio,0.50,Test::Fatal,0.017
perl:5.34,vary-two,DateTime,,Specio,0.50,Test::Warnings,0.031
perl:5.34,vary-two,DateTime,,Specio,0.50,Test::Warnings,0.033
perl:5.34,vary-two,DateTime,,Specio,0.50,Test::Needs,0.002010
perl:5.34,vary-two,DateTime,,Specio,0.50,Test::More,1.302195
perl:5.34,vary-two,DateTime,,Specio,0.50,Test::More,1.302204
perl:5.34,vary-two,DateTime,,Specio,0.50,Test::Simple,1.302195
perl:5.34,vary-two,DateTime,,Specio,0.50,Test::Simple,1.302204
perl:5.34,vary-two,DateTime,,Specio,0.50,URI,5.21
perl:5.34,vary-two,DateTime,,Specio,0.50,URI,5.28
perl:5.34,vary-two,DateTime,,Specio,0.50,HTTP::Message,6.44
perl:5.34,vary-two,DateTime,,Specio,0.50,HTTP::Message,6.46
perl:5.34,vary-two,DateTime,,Specio,0.50,HTTP::Date,6.05
perl:5.34,vary-two,DateTime,,Specio,0.50,HTTP::Date,6.06
perl:5.34,vary-two,DateTime,,Specio,0.50,Net::HTTP,6.22
perl:5.34,vary-two,DateTime,,Specio,0.50,Net::HTTP,6.23
perl:5.34,vary-two,DateTime,,Specio,0.50,HTML::Tagset,3.20
perl:5.34,vary-two,DateTime,,Specio,0.50,HTML::Tagset,3.24
perl:5.34,vary-two,DateTime,,Specio,0.50,HTML::Parser,3.81
perl:5.34,vary-two,DateTime,,Specio,0.50,HTML::Parser,3.83
perl:5.34,vary-two,DateTime,,Specio,0.50,JSON,4.10
perl:5.34,vary-two,DateTime,,Specio,0.50,JSON,4.11
perl:5.34,vary-two,DateTime,,Specio,0.50,JSON::PP,4.16
perl:5.34,vary-two,DateTime,,Specio,0.50,JSON::PP,4.17
perl:5.34,vary-two,DateTime,,Specio,0.50,Cpanel::JSON::XS,4.35
perl:5.34,vary-two,DateTime,,Specio,0.50,Cpanel::JSON::XS,4.39
perl:5.34,vary-two,DateTime,,Specio,0.50,Types::Serialiser,1.01
perl:5.34,vary-two,DateTime,,Specio,0.50,common::sense,3.75
perl:5.34,vary-two,DateTime,,Specio,0.50,B::Hooks::EndOfScope,0.26
perl:5.34,vary-two,DateTime,,Specio,0.50,B::Hooks::EndOfScope,0.28
perl:5.34,vary-two,DateTime,,Specio,0.50,Sub::Exporter,0.989
perl:5.34,vary-two,DateTime,,Specio,0.50,Sub::Exporter,0.991
perl:5.34,vary-two,DateTime,,Specio,0.50,Sub::Identify,0.14
perl:5.34,vary-two,DateTime,,Specio,0.50,Sub::Quote,2.006006
perl:5.34,vary-two,DateTime,,Specio,0.50,Sub::Quote,2.006008
perl:5.34,vary-two,DateTime,,Specio,0.50,Class::Method::Modifiers,2.15
perl:5.34,vary-two,DateTime,,Specio,0.50,Role::Tiny,2.002004
perl:5.34,vary-two,DateTime,,Specio,0.50,Role::Tiny,2.002005
perl:5.34,vary-two,DateTime,,Specio,0.50,Devel::StackTrace,2.04
perl:5.34,vary-two,DateTime,,Specio,0.50,Devel::StackTrace,2.05
perl:5.34,vary-two,DateTime,,Specio,0.50,Eval::Closure,0.14
perl:5.34,vary-two,DateTime,,Specio,0.50,Package::Stash,0.39
perl:5.34,vary-two,DateTime,,Specio,0.50,Package::Stash,0.40
perl:5.34,vary-two,DateTime,,Specio,0.50,Params::Util,1.102
perl:5.34,vary-two,DateTime,,Specio,0.50,Data::OptList,0.114
perl:5.34,vary-two,DateTime,,Specio,0.50,MRO::Compat,0.15
perl:5.34,vary-two,DateTime,,Specio,0.50,Exporter::Tiny,1.006002
perl:5.34,vary-two,DateTime,,Specio,0.50,Exporter::Tiny,1.006003
perl:5.34,vary-two,DateTime,,Specio,0.50,List::Util,1.63
perl:5.34,vary-two,DateTime,,Specio,0.50,List::Util,1.64
perl:5.34,vary-two,DateTime,,Specio,0.50,Scalar::List::Utils,1.63
perl:5.34,vary-two,DateTime,,Specio,0.50,Scalar::List::Utils,1.64
perl:5.34,vary-two,DateTime,,Specio,0.50,XSLoader,0.32
perl:5.34,vary-two,DateTime,,Specio,0.50,Carp,1.50
perl:5.34,vary-two,DateTime,,Specio,0.50,Carp,1.52
perl:5.34,vary-two,DateTime,,Specio,0.50,File::Temp,0.2311
perl:5.34,vary-two,DateTime,,Specio,0.50,File::Spec,3.88
perl:5.34,vary-two,DateTime,,Specio,0.50,ExtUtils::MakeMaker,7.70
perl:5.34,vary-two,DateTime,,Specio,0.50,ExtUtils::MakeMaker,7.76
perl:5.34,vary-two,DateTime,,Specio,0.50,Module::Build,0.4234
perl:5.34,vary-two,DateTime,,Specio,0.50,CPAN::Meta,2.150010
perl:5.34,vary-two,DateTime,,Specio,0.50,CPAN::Meta::Requirements,2.143
perl:5.34,vary-two,DateTime,,Specio,0.50,Parse::CPAN::Meta,2.150010
perl:5.34,vary-two,DateTime,,Specio,0.50,YAML::Tiny,1.76
perl:5.34,vary-two,DateTime,,Specio,0.50,YAML::Tiny,1.77
perl:5.34,vary-two,DateTime,,Specio,0.50,Path::Tiny,0.144
perl:5.34,vary-two,DateTime,,Specio,0.50,Path::Tiny,0.150
perl:5.34,vary-two,DateTime,,Specio,0.50,Capture::Tiny,0.48
perl:5.34,vary-two,DateTime,,Specio,0.50,File::Slurp,9999.32
perl:5.34,vary-two,DateTime,,Specio,0.50,DBI,1.643
perl:5.34,vary-two,DateTime,,Specio,0.50,DBI,1.647
perl:5.34,vary-two,DateTime,,Specio,0.50,Plack,1.0050
perl:5.34,vary-two,DateTime,,Specio,0.50,Template,3.101
perl:5.34,vary-two,DateTime,,Specio,0.53,Module::Runtime,0.016
perl:5.34,vary-two,DateTime,,Specio,0.53,Module::Runtime,0.017
perl:5.34,vary-two,DateTime,,Specio,0.53,Module::Runtime::Conflicts,0.003
perl:5.34,vary-two,DateTime,,Specio,0.53,Dist::CheckConflicts,0.11
perl:5.34,vary-two,DateTime,,Specio,0.53,Test::Fatal,0.016
perl:5.34,vary-two,DateTime,,Specio,0.53,Test::Fatal,0.017
perl:5.34,vary-two,DateTime,,Specio,0.53,Test::Warnings,0.031
perl:5.34,vary-two,DateTime,,Specio,0.53,Test::Warnings,0.033
perl:5.34,vary-two,DateTime,,Specio,0.53,Test::Needs,0.002010
perl:5.34,vary-two,DateTime,,Specio,0.53,Test::More,1.302195
perl:5.34,vary-two,DateTime,,Specio,0.53,Test::More,1.302204
perl:5.34,vary-two,DateTime,,Specio,0.53,Test::Simple,1.302195
perl:5.34,vary-two,DateTime,,Specio,0.53,Test::Simple,1.302204
perl:5.34,vary-two,DateTime,,Specio,0.53,URI,5.21
perl:5.34,vary-two,DateTime,,Specio,0.53,URI,5.28
perl:5.34,vary-two,DateTime,,Specio,0.53,HTTP::Message,6.44
perl:5.34,vary-two,DateTime,,Specio,0.53,HTTP::Message,6.46
perl:5.34,vary-two,DateTime,,Specio,0.53,HTTP::Date,6.05
perl:5.34,vary-two,DateTime,,Specio,0.53,HTTP::Date,6.06
perl:5.34,vary-two,DateTime,,Specio,0.53,Net::HTTP,6.22
perl:5.34,vary-two,DateTime,,Specio,0.53,Net::HTTP,6.23
perl:5.34,vary-two,DateTime,,Specio,0.53,HTML::Tagset,3.20
perl:5.34,vary-two,DateTime,,Specio,0.53,HTML::Tagset,3.24
perl:5.34,vary-two,DateTime,,Specio,0.53,HTML::Parser,3.81
perl:5.34,vary-two,DateTime,,Specio,0.53,HTML::Parser,3.83
perl:5.34,vary-two,DateTime,,Specio,0.53,JSON,4.10
perl:5.34,vary-two,DateTime,,Specio,0.53,JSON,4.11
perl:5.34,vary-two,DateTime,,Specio,0.53,JSON::PP,4.16
perl:5.34,vary-two,DateTime,,Specio,0.53,JSON::PP,4.17
perl:5.34,vary-two,DateTime,,Specio,0.53,Cpanel::JSON::XS,4.35
perl:5.34,vary-two,DateTime,,Specio,0.53,Cpanel::JSON::XS,4.39
perl:5.34,vary-two,DateTime,,Specio,0.53,Types::Serialiser,1.01
perl:5.34,vary-two,DateTime,,Specio,0.53,common::sense,3.75
perl:5.34,vary-two,DateTime,,Specio,0.53,B::Hooks::EndOfScope,0.26
perl:5.34,vary-two,DateTime,,Specio,0.53,B::Hooks::EndOfScope,0.28
perl:5.34,vary-two,DateTime,,Specio,0.53,Sub::Exporter,0.989
perl:5.34,vary-two,DateTime,,Specio,0.53,Sub::Exporter,0.991
perl:5.34,vary-two,DateTime,,Specio,0.53,Sub::Identify,0.14
perl:5.34,vary-two,DateTime,,Specio,0.53,Sub::Quote,2.006006
perl:5.34,vary-two,DateTime,,Specio,0.53,Sub::Quote,2.006008
perl:5.34,vary-two,DateTime,,Specio,0.53,Class::Method::Modifiers,2.15
perl:5.34,vary-two,DateTime,,Specio,0.53,Role::Tiny,2.002004
perl:5.34,vary-two,DateTime,,Specio,0.53,Role::Tiny,2.002005
perl:5.34,vary-two,DateTime,,Specio,0.53,Devel::StackTrace,2.04
perl:5.34,vary-two,DateTime,,Specio,0.53,Devel::StackTrace,2.05
perl:5.34,vary-two,DateTime,,Specio,0.53,Eval::Closure,0.14
perl:5.34,vary-two,DateTime,,Specio,0.53,Package::Stash,0.39
perl:5.34,vary-two,DateTime,,Specio,0.53,Package::Stash,0.40
perl:5.34,vary-two,DateTime,,Specio,0.53,Params::Util,1.102
perl:5.34,vary-two,DateTime,,Specio,0.53,Data::OptList,0.114
perl:5.34,vary-two,DateTime,,Specio,0.53,MRO::Compat,0.15
perl:5.34,vary-two,DateTime,,Specio,0.53,Exporter::Tiny,1.006002
perl:5.34,vary-two,DateTime,,Specio,0.53,Exporter::Tiny,1.006003
perl:5.34,vary-two,DateTime,,Specio,0.53,List::Util,1.63
perl:5.34,vary-two,DateTime,,Specio,0.53,List::Util,1.64
perl:5.34,vary-two,DateTime,,Specio,0.53,Scalar::List::Utils,1.63
perl:5.34,vary-two,DateTime,,Specio,0.53,Scalar::List::Utils,1.64
perl:5.34,vary-two,DateTime,,Specio,0.53,XSLoader,0.32
perl:5.34,vary-two,DateTime,,Specio,0.53,Carp,1.50
perl:5.34,vary-two,DateTime,,Specio,0.53,Carp,1.52
perl:5.34,vary-two,DateTime,,Specio,0.53,File::Temp,0.2311
perl:5.34,vary-two,DateTime,,Specio,0.53,File::Spec,3.88
perl:5.34,vary-two,DateTime,,Specio,0.53,ExtUtils::MakeMaker,7.70
perl:5.34,vary-two,DateTime,,Specio,0.53,ExtUtils::MakeMaker,7.76
perl:5.34,vary-two,DateTime,,Specio,0.53,Module::Build,0.4234
perl:5.34,vary-two,DateTime,,Specio,0.53,CPAN::Meta,2.150010
perl:5.34,vary-two,DateTime,,Specio,0.53,CPAN::Meta::Requirements,2.143
perl:5.34,vary-two,DateTime,,Specio,0.53,Parse::CPAN::Meta,2.150010
perl:5.34,vary-two,DateTime,,Specio,0.53,YAML::Tiny,1.76
perl:5.34,vary-two,DateTime,,Specio,0.53,YAML::Tiny,1.77
perl:5.34,vary-two,DateTime,,Specio,0.53,Path::Tiny,0.144
perl:5.34,vary-two,DateTime,,Specio,0.53,Path::Tiny,0.150
perl:5.34,vary-two,DateTime,,Specio,0.53,Capture::Tiny,0.48
perl:5.34,vary-two,DateTime,,Specio,0.53,File::Slurp,9999.32
perl:5.34,vary-two,DateTime,,Specio,0.53,DBI,1.643
perl:5.34,vary-two,DateTime,,Specio,0.53,DBI,1.647
perl:5.34,vary-two,DateTime,,Specio,0.53,Plack,1.0050
perl:5.34,vary-two,DateTime,,Specio,0.53,Template,3.101
perl:5.34,vary-two,DateTime,,Module::Runtime,0.016,Module::Runtime::Conflicts,0.003
perl:5.34,vary-two,DateTime,,Module::Runtime,0.016,Dist::CheckConflicts,0.11
perl:5.34,vary-two,DateTime,,Module::Runtime,0.016,Test::Fatal,0.016
perl:5.34,vary-two,DateTime,,Module::Runtime,0.016,Test::Fatal,0.017
perl:5.34,vary-two,DateTime,,Module::Runtime,0.016,Test::Warnings,0.031
perl:5.34,vary-two,DateTime,,Module::Runtime,0.016,Test::Warnings,0.033
perl:5.34,vary-two,DateTime,,Module::Runtime,0.016,Test::Needs,0.002010
perl:5.34,vary-two,DateTime,,Module::Runtime,0.016,Test::More,1.302195
perl:5.34,vary-two,DateTime,,Module::Runtime,0.016,Test::More,1.302204
perl:5.34,vary-two,DateTime,,Module::Runtime,0.016,Test::Simple,1.302195
perl:5.34,vary-two,DateTime,,Module::Runtime,0.016,Test::Simple,1.302204
perl:5.34,vary-two,DateTime,,Module::Runtime,0.016,URI,5.21
perl:5.34,vary-two,DateTime,,Module::Runtime,0.016,URI,5.28
perl:5.34,vary-two,DateTime,,Module::Runtime,0.016,HTTP::Message,6.44
perl:5.34,vary-two,DateTime,,Module::Runtime,0.016,HTTP::Message,6.46
perl:5.34,vary-two,DateTime,,Module::Runtime,0.016,HTTP::Date,6.05
perl:5.34,vary-two,DateTime,,Module::Runtime,0.016,HTTP::Date,6.06
perl:5.34,vary-two,DateTime,,Module::Runtime,0.016,Net::HTTP,6.22
perl:5.34,vary-two,DateTime,,Module::Runtime,0.016,Net::HTTP,6.23
perl:5.34,vary-two,DateTime,,Module::Runtime,0.016,HTML::Tagset,3.20
perl:5.34,vary-two,DateTime,,Module::Runtime,0.016,HTML::Tagset,3.24
perl:5.34,vary-two,DateTime,,Module::Runtime,0.016,HTML::Parser,3.81
perl:5.34,vary-two,DateTime,,Module::Runtime,0.016,HTML::Parser,3.83
perl:5.34,vary-two,DateTime,,Module::Runtime,0.016,JSON,4.10
perl:5.34,vary-two,DateTime,,Module::Runtime,0.016,JSON,4.11
perl:5.34,vary-two,DateTime,,Module::Runtime,0.016,JSON::PP,4.16
perl:5.34,vary-two,DateTime,,Module::Runtime,0.016,JSON::PP,4.17
perl:5.34,vary-two,DateTime,,Module::Runtime,0.016,Cpanel::JSON::XS,4.35
perl:5.34,vary-two,DateTime,,Module::Runtime,0.016,Cpanel::JSON::XS,4.39
perl:5.34,vary-two,DateTime,,Module::Runtime,0.016,Types::Serialiser,1.01
perl:5.34,vary-two,DateTime,,Module::Runtime,0.016,common::sense,3.75
perl:5.34,vary-two,DateTime,,Module::Runtime,0.016,B::Hooks::EndOfScope,0.26
perl:5.34,vary-two,DateTime,,Module::Runtime,0.016,B::Hooks::EndOfScope,0.28
perl:5.34,vary-two,DateTime,,Module::Runtime,0.016,Sub::Exporter,0.989
perl:5.34,vary-two,DateTime,,Module::Runtime,0.016,Sub::Exporter,0.991
perl:5.34,vary-two,DateTime,,Module::Runtime,0.016,Sub::Identify,0.14
perl:5.34,vary-two,DateTime,,Module::Runtime,0.016,Sub::Quote,2.006006
perl:5.34,vary-two,DateTime,,Module::Runtime,0.016,Sub::Quote,2.006008
perl:5.34,vary-two,DateTime,,Module::Runtime,0.016,Class::Method::Modifiers,2.15
perl:5.34,vary-two,DateTime,,Module::Runtime,0.016,Role::Tiny,2.002004
perl:5.34,vary-two,DateTime,,Module::Runtime,0.016,Role::Tiny,2.002005
perl:5.34,vary-two,DateTime,,Module::Runtime,0.016,Devel::StackTrace,2.04
perl:5.34,vary-two,DateTime,,Module::Runtime,0.016,Devel::StackTrace,2.05
perl:5.34,vary-two,DateTime,,Module::Runtime,0.016,Eval::Closure,0.14
perl:5.34,vary-two,DateTime,,Module::Runtime,0.016,Package::Stash,0.39
perl:5.34,vary-two,DateTime,,Module::Runtime,0.016,Package::Stash,0.40
perl:5.34,vary-two,DateTime,,Module::Runtime,0.016,Params::Util,1.102
perl:5.34,vary-two,DateTime,,Module::Runtime,0.016,Data::OptList,0.114
perl:5.34,vary-two,DateTime,,Module::Runtime,0.016,MRO::Compat,0.15
perl:5.34,vary-two,DateTime,,Module::Runtime,0.016,Exporter::Tiny,1.006002
perl:5.34,vary-two,DateTime,,Module::Runtime,0.016,Exporter::Tiny,1.006003
perl:5.34,vary-two,DateTime,,Module::Runtime,0.016,List::Util,1.63
perl:5.34,vary-two,DateTime,,Module::Runtime,0.016,List::Util,1.64
perl:5.34,vary-two,DateTime,,Module::Runtime,0.016,Scalar::List::Utils,1.63
perl:5.34,vary-two,DateTime,,Module::Runtime,0.016,Scalar::List::Utils,1.64
perl:5.34,vary-two,DateTime,,Module::Runtime,0.016,XSLoader,0.32
perl:5.34,vary-two,DateTime,,Module::Runtime,0.016,Carp,1.50
perl:5.34,vary-two,DateTime,,Module::Runtime,0.016,Carp,1.52
perl:5.34,vary-two,DateTime,,Module::Runtime,0.016,File::Temp,0.2311
perl:5.34,vary-two,DateTime,,Module::Runtime,0.016,File::Spec,3.88
perl:5.34,vary-two,DateTime,,Module::Runtime,0.016,ExtUtils::MakeMaker,7.70
perl:5.34,vary-two,DateTime,,Module::Runtime,0.016,ExtUtils::MakeMaker,7.76
perl:5.34,vary-two,DateTime,,Module::Runtime,0.016,Module::Build,0.4234
perl:5.34,vary-two,DateTime,,Module::Runtime,0.016,CPAN::Meta,2.150010
perl:5.34,vary-two,DateTime,,Module::Runtime,0.016,CPAN::Meta::Requirements,2.143
perl:5.34,vary-two,DateTime,,Module::Runtime,0.016,Parse::CPAN::Meta,2.150010
perl:5.34,vary-two,DateTime,,Module::Runtime,0.016,YAML::Tiny,1.76
perl:5.34,vary-two,DateTime,,Module::Runtime,0.016,YAML::Tiny,1.77
perl:5.34,vary-two,DateTime,,Module::Runtime,0.016,Path::Tiny,0.144
perl:5.34,vary-two,DateTime,,Module::Runtime,0.016,Path::Tiny,0.150
perl:5.34,vary-two,DateTime,,Module::Runtime,0.016,Capture::Tiny,0.48
perl:5.34,vary-two,DateTime,,Module::Runtime,0.016,File::Slurp,9999.32
perl:5.34,vary-two,DateTime,,Module::Runtime,0.016,DBI,1.643
perl:5.34,vary-two,DateTime,,Module::Runtime,0.016,DBI,1.647
perl:5.34,vary-two,DateTime,,Module::Runtime,0.016,Plack,1.0050
perl:5.34,vary-two,DateTime,,Module::Runtime,0.016,Template,3.101
perl:5.34,vary-two,DateTime,,Module::Runtime,0.017,Module::Runtime::Conflicts,0.003
perl:5.34,vary-two,DateTime,,Module::Runtime,0.017,Dist::CheckConflicts,0.11
perl:5.34,vary-two,DateTime,,Module::Runtime,0.017,Test::Fatal,0.016
perl:5.34,vary-two,DateTime,,Module::Runtime,0.017,Test::Fatal,0.017
perl:5.34,vary-two,DateTime,,Module::Runtime,0.017,Test::Warnings,0.031
perl:5.34,vary-two,DateTime,,Module::Runtime,0.017,Test::Warnings,0.033
perl:5.34,vary-two,DateTime,,Module::Runtime,0.017,Test::Needs,0.002010
perl:5.34,vary-two,DateTime,,Module::Runtime,0.017,Test::More,1.302195
perl:5.34,vary-two,DateTime,,Module::Runtime,0.017,Test::More,1.302204
perl:5.34,vary-two,DateTime,,Module::Runtime,0.017,Test::Simple,1.302195
perl:5.34,vary-two,DateTime,,Module::Runtime,0.017,Test::Simple,1.302204
perl:5.34,vary-two,DateTime,,Module::Runtime,0.017,URI,5.21
perl:5.34,vary-two,DateTime,,Module::Runtime,0.017,URI,5.28
perl:5.34,vary-two,DateTime,,Module::Runtime,0.017,HTTP::Message,6.44
perl:5.34,vary-two,DateTime,,Module::Runtime,0.017,HTTP::Message,6.46
perl:5.34,vary-two,DateTime,,Module::Runtime,0.017,HTTP::Date,6.05
perl:5.34,vary-two,DateTime,,Module::Runtime,0.017,HTTP::Date,6.06
perl:5.34,vary-two,DateTime,,Module::Runtime,0.017,Net::HTTP,6.22
perl:5.34,vary-two,DateTime,,Module::Runtime,0.017,Net::HTTP,6.23
perl:5.34,vary-two,DateTime,,Module::Runtime,0.017,HTML::Tagset,3.20
perl:5.34,vary-two,DateTime,,Module::Runtime,0.017,HTML::Tagset,3.24
perl:5.34,vary-two,DateTime,,Module::Runtime,0.017,HTML::Parser,3.81
perl:5.34,vary-two,DateTime,,Module::Runtime,0.017,HTML::Parser,3.83
perl:5.34,vary-two,DateTime,,Module::Runtime,0.017,JSON,4.10
perl:5.34,vary-two,DateTime,,Module::Runtime,0.017,JSON,4.11
perl:5.34,vary-two,DateTime,,Module::Runtime,0.017,JSON::PP,4.16
perl:5.34,vary-two,DateTime,,Module::Runtime,0.017,JSON::PP,4.17
perl:5.34,vary-two,DateTime,,Module::Runtime,0.017,Cpanel::JSON::XS,4.35
perl:5.34,vary-two,DateTime,,Module::Runtime,0.017,Cpanel::JSON::XS,4.39
perl:5.34,vary-two,DateTime,,Module::Runtime,0.017,Types::Serialiser,1.01
perl:5.34,vary-two,DateTime,,Module::Runtime,0.017,common::sense,3.75
perl:5.34,vary-two,DateTime,,Module::Runtime,0.017,B::Hooks::EndOfScope,0.26
perl:5.34,vary-two,DateTime,,Module::Runtime,0.017,B::Hooks::EndOfScope,0.28
perl:5.34,vary-two,DateTime,,Module::Runtime,0.017,Sub::Exporter,0.989
perl:5.34,vary-two,DateTime,,Module::Runtime,0.017,Sub::Exporter,0.991
perl:5.34,vary-two,DateTime,,Module::Runtime,0.017,Sub::Identify,0.14
perl:5.34,vary-two,DateTime,,Module::Runtime,0.017,Sub::Quote,2.006006
perl:5.34,vary-two,DateTime,,Module::Runtime,0.017,Sub::Quote,2.006008
perl:5.34,vary-two,DateTime,,Module::Runtime,0.017,Class::Method::Modifiers,2.15
perl:5.34,vary-two,DateTime,,Module::Runtime,0.017,Role::Tiny,2.002004
perl:5.34,vary-two,DateTime,,Module::Runtime,0.017,Role::Tiny,2.002005
perl:5.34,vary-two,DateTime,,Module::Runtime,0.017,Devel::StackTrace,2.04
perl:5.34,vary-two,DateTime,,Module::Runtime,0.017,Devel::StackTrace,2.05
perl:5.34,vary-two,DateTime,,Module::Runtime,0.017,Eval::Closure,0.14
perl:5.34,vary-two,DateTime,,Module::Runtime,0.017,Package::Stash,0.39
perl:5.34,vary-two,DateTime,,Module::Runtime,0.017,Package::Stash,0.40
perl:5.34,vary-two,DateTime,,Module::Runtime,0.017,Params::Util,1.102
perl:5.34,vary-two,DateTime,,Module::Runtime,0.017,Data::OptList,0.114
perl:5.34,vary-two,DateTime,,Module::Runtime,0.017,MRO::Compat,0.15
perl:5.34,vary-two,DateTime,,Module::Runtime,0.017,Exporter::Tiny,1.006002
perl:5.34,vary-two,DateTime,,Module::Runtime,0.017,Exporter::Tiny,1.006003
perl:5.34,vary-two,DateTime,,Module::Runtime,0.017,List::Util,1.63
perl:5.34,vary-two,DateTime,,Module::Runtime,0.017,List::Util,1.64
perl:5.34,vary-two,DateTime,,Module::Runtime,0.017,Scalar::List::Utils,1.63
perl:5.34,vary-two,DateTime,,Module::Runtime,0.017,Scalar::List::Utils,1.64
perl:5.34,vary-two,DateTime,,Module::Runtime,0.017,XSLoader,0.32
perl:5.34,vary-two,DateTime,,Module::Runtime,0.017,Carp,1.50
perl:5.34,vary-two,DateTime,,Module::Runtime,0.017,Carp,1.52
perl:5.34,vary-two,DateTime,,Module::Runtime,0.017,File::Temp,0.2311
perl:5.34,vary-two,DateTime,,Module::Runtime,0.017,File::Spec,3.88
perl:5.34,vary-two,DateTime,,Module::Runtime,0.017,ExtUtils::MakeMaker,7.70
perl:5.34,vary-two,DateTime,,Module::Runtime,0.017,ExtUtils::MakeMaker,7.76
perl:5.34,vary-two,DateTime,,Module::Runtime,0.017,Module::Build,0.4234
perl:5.34,vary-two,DateTime,,Module::Runtime,0.017,CPAN::Meta,2.150010
perl:5.34,vary-two,DateTime,,Module::Runtime,0.017,CPAN::Meta::Requirements,2.143
perl:5.34,vary-two,DateTime,,Module::Runtime,0.017,Parse::CPAN::Meta,2.150010
perl:5.34,vary-two,DateTime,,Module::Runtime,0.017,YAML::Tiny,1.76
perl:5.34,vary-two,DateTime,,Module::Runtime,0.017,YAML::Tiny,1.77
perl:5.34,vary-two,DateTime,,Module::Runtime,0.017,Path::Tiny,0.144
perl:5.34,vary-two,DateTime,,Module::Runtime,0.017,Path::Tiny,0.150
perl:5.34,vary-two,DateTime,,Module::Runtime,0.017,Capture::Tiny,0.48
perl:5.34,vary-two,DateTime,,Module::Runtime,0.017,File::Slurp,9999.32
perl:5.34,vary-two,DateTime,,Module::Runtime,0.017,DBI,1.643
perl:5.34,vary-two,DateTime,,Module::Runtime,0.017,DBI,1.647
perl:5.34,vary-two,DateTime,,Module::Runtime,0.017,Plack,1.0050
perl:5.34,vary-two,DateTime,,Module::Runtime,0.017,Template,3.101
perl:5.34,vary-two,DateTime,,Module::Runtime::Conflicts,0.003,Dist::CheckConflicts,0.11
perl:5.34,vary-two,DateTime,,Module::Runtime::Conflicts,0.003,Test::Fatal,0.016
perl:5.34,vary-two,DateTime,,Module::Runtime::Conflicts,0.003,Test::Fatal,0.017
perl:5.34,vary-two,DateTime,,Module::Runtime::Conflicts,0.003,Test::Warnings,0.031
perl:5.34,vary-two,DateTime,,Module::Runtime::Conflicts,0.003,Test::Warnings,0.033
perl:5.34,vary-two,DateTime,,Module::Runtime::Conflicts,0.003,Test::Needs,0.002010
perl:5.34,vary-two,DateTime,,Module::Runtime::Conflicts,0.003,Test::More,1.302195
perl:5.34,vary-two,DateTime,,Module::Runtime::Conflicts,0.003,Test::More,1.302204
perl:5.34,vary-two,DateTime,,Module::Runtime::Conflicts,0.003,Test::Simple,1.302195
perl:5.34,vary-two,DateTime,,Module::Runtime::Conflicts,0.003,Test::Simple,1.302204
perl:5.34,vary-two,DateTime,,Module::Runtime::Conflicts,0.003,URI,5.21
perl:5.34,vary-two,DateTime,,Module::Runtime::Conflicts,0.003,URI,5.28
perl:5.34,vary-two,DateTime,,Module::Runtime::Conflicts,0.003,HTTP::Message,6.44
perl:5.34,vary-two,DateTime,,Module::Runtime::Conflicts,0.003,HTTP::Message,6.46
perl:5.34,vary-two,DateTime,,Module::Runtime::Conflicts,0.003,HTTP::Date,6.05
perl:5.34,vary-two,DateTime,,Module::Runtime::Conflicts,0.003,HTTP::Date,6.06
perl:5.34,vary-two,DateTime,,Module::Runtime::Conflicts,0.003,Net::HTTP,6.22
perl:5.34,vary-two,DateTime,,Module::Runtime::Conflicts,0.003,Net::HTTP,6.23
perl:5.34,vary-two,DateTime,,Module::Runtime::Conflicts,0.003,HTML::Tagset,3.20
perl:5.34,vary-two,DateTime,,Module::Runtime::Conflicts,0.003,HTML::Tagset,3.24
perl:5.34,vary-two,DateTime,,Module::Runtime::Conflicts,0.003,HTML::Parser,3.81
perl:5.34,vary-two,DateTime,,Module::Runtime::Conflicts,0.003,HTML::Parser,3.83
perl:5.34,vary-two,DateTime,,Module::Runtime::Conflicts,0.003,JSON,4.10
perl:5.34,vary-two,DateTime,,Module::Runtime::Conflicts,0.003,JSON,4.11
perl:5.34,vary-two,DateTime,,Module::Runtime::Conflicts,0.003,JSON::PP,4.16
perl:5.34,vary-two,DateTime,,Module::Runtime::Conflicts,0.003,JSON::PP,4.17
perl:5.34,vary-two,DateTime,,Module::Runtime::Conflicts,0.003,Cpanel::JSON::XS,4.35
perl:5.34,vary-two,DateTime,,Module::Runtime::Conflicts,0.003,Cpanel::JSON::XS,4.39
perl:5.34,vary-two,DateTime,,Module::Runtime::Conflicts,0.003,Types::Serialiser,1.01
perl:5.34,vary-two,DateTime,,Module::Runtime::Conflicts,0.003,common::sense,3.75
perl:5.34,vary-two,DateTime,,Module::Runtime::Conflicts,0.003,B::Hooks::EndOfScope,0.26
perl:5.34,vary-two,DateTime,,Module::Runtime::Conflicts,0.003,B::Hooks::EndOfScope,0.28
perl:5.34,vary-two,DateTime,,Module::Runtime::Conflicts,0.003,Sub::Exporter,0.989
perl:5.34,vary-two,DateTime,,Module::Runtime::Conflicts,0.003,Sub::Exporter,0.991
perl:5.34,vary-two,DateTime,,Module::Runtime::Conflicts,0.003,Sub::Identify,0.14
perl:5.34,vary-two,DateTime,,Module::Runtime::Conflicts,0.003,Sub::Quote,2.006006
perl:5.34,vary-two,DateTime,,Module::Runtime::Conflicts,0.003,Sub::Quote,2.006008
perl:5.34,vary-two,DateTime,,Module::Runtime::Conflicts,0.003,Class::Method::Modifiers,2.15
perl:5.34,vary-two,DateTime,,Module::Runtime::Conflicts,0.003,Role::Tiny,2.002004
perl:5.34,vary-two,DateTime,,Module::Runtime::Conflicts,0.003,Role::Tiny,2.002005
perl:5.34,vary-two,DateTime,,Module::Runtime::Conflicts,0.003,Devel::StackTrace,2.04
perl:5.34,vary-two,DateTime,,Module::Runtime::Conflicts,0.003,Devel::StackTrace,2.05
perl:5.34,vary-two,DateTime,,Module::Runtime::Conflicts,0.003,Eval::Closure,0.14
perl:5.34,vary-two,DateTime,,Module::Runtime::Conflicts,0.003,Package::Stash,0.39
perl:5.34,vary-two,DateTime,,Module::Runtime::Conflicts,0.003,Package::Stash,0.40
perl:5.34,vary-two,DateTime,,Module::Runtime::Conflicts,0.003,Params::Util,1.102
perl:5.34,vary-two,DateTime,,Module::Runtime::Conflicts,0.003,Data::OptList,0.114
perl:5.34,vary-two,DateTime,,Module::Runtime::Conflicts,0.003,MRO::Compat,0.15
perl:5.34,vary-two,DateTime,,Module::Runtime::Conflicts,0.003,Exporter::Tiny,1.006002
perl:5.34,vary-two,DateTime,,Module::Runtime::Conflicts,0.003,Exporter::Tiny,1.006003
perl:5.34,vary-two,DateTime,,Module::Runtime::Conflicts,0.003,List::Util,1.63
perl:5.34,vary-two,DateTime,,Module::Runtime::Conflicts,0.003,List::Util,1.64
perl:5.34,vary-two,DateTime,,Module::Runtime::Conflicts,0.003,Scalar::List::Utils,1.63
perl:5.34,vary-two,DateTime,,Module::Runtime::Conflicts,0.003,Scalar::List::Utils,1.64
perl:5.34,vary-two,DateTime,,Module::Runtime::Conflicts,0.003,XSLoader,0.32
perl:5.34,vary-two,DateTime,,Module::Runtime::Conflicts,0.003,Carp,1.50
perl:5.34,vary-two,DateTime,,Module::Runtime::Conflicts,0.003,Carp,1.52
perl:5.34,vary-two,DateTime,,Module::Runtime::Conflicts,0.003,File::Temp,0.2311
perl:5.34,vary-two,DateTime,,Module::Runtime::Conflicts,0.003,File::Spec,3.88
perl:5.34,vary-two,DateTime,,Module::Runtime::Conflicts,0.003,ExtUtils::MakeMaker,7.70
perl:5.34,vary-two,DateTime,,Module::Runtime::Conflicts,0.003,ExtUtils::MakeMaker,7.76
perl:5.34,vary-two,DateTime,,Module::Runtime::Conflicts,0.003,Module::Build,0.4234
perl:5.34,vary-two,DateTime,,Module::Runtime::Conflicts,0.003,CPAN::Meta,2.150010
perl:5.34,vary-two,DateTime,,Module::Runtime::Conflicts,0.003,CPAN::Meta::Requirements,2.143
perl:5.34,vary-two,DateTime,,Module::Runtime::Conflicts,0.003,Parse::CPAN::Meta,2.150010
perl:5.34,vary-two,DateTime,,Module::Runtime::Conflicts,0.003,YAML::Tiny,1.76
perl:5.34,vary-two,DateTime,,Module::Runtime::Conflicts,0.003,YAML::Tiny,1.77
perl:5.34,vary-two,DateTime,,Module::Runtime::Conflicts,0.003,Path::Tiny,0.144
perl:5.34,vary-two,DateTime,,Module::Runtime::Conflicts,0.003,Path::Tiny,0.150
perl:5.34,vary-two,DateTime,,Module::Runtime::Conflicts,0.003,Capture::Tiny,0.48
perl:5.34,vary-two,DateTime,,Module::Runtime::Conflicts,0.003,File::Slurp,9999.32
perl:5.34,vary-two,DateTime,,Module::Runtime::Conflicts,0.003,DBI,1.643
perl:5.34,vary-two,DateTime,,Module::Runtime::Conflicts,0.003,DBI,1.647
perl:5.34,vary-two,DateTime,,Module::Runtime::Conflicts,0.003,Plack,1.0050
perl:5.34,vary-two,DateTime,,Module::Runtime::Conflicts,0.003,Template,3.101
perl:5.34,vary-two,DateTime,,Dist::CheckConflicts,0.11,Test::Fatal,0.016
perl:5.34,vary-two,DateTime,,Dist::CheckConflicts,0.11,Test::Fatal,0.017
perl:5.34,vary-two,DateTime,,Dist::CheckConflicts,0.11,Test::Warnings,0.031
perl:5.34,vary-two,DateTime,,Dist::CheckConflicts,0.11,Test::Warnings,0.033
perl:5.34,vary-two,DateTime,,Dist::CheckConflicts,0.11,Test::Needs,0.002010
perl:5.34,vary-two,DateTime,,Dist::CheckConflicts,0.11,Test::More,1.302195
perl:5.34,vary-two,DateTime,,Dist::CheckConflicts,0.11,Test::More,1.302204
perl:5.34,vary-two,DateTime,,Dist::CheckConflicts,0.11,Test::Simple,1.302195
perl:5.34,vary-two,DateTime,,Dist::CheckConflicts,0.11,Test::Simple,1.302204
perl:5.34,vary-two,DateTime,,Dist::CheckConflicts,0.11,URI,5.21
perl:5.34,vary-two,DateTime,,Dist::CheckConflicts,0.11,URI,5.28
perl:5.34,vary-two,DateTime,,Dist::CheckConflicts,0.11,HTTP::Message,6.44
perl:5.34,vary-two,DateTime,,Dist::CheckConflicts,0.11,HTTP::Message,6.46
perl:5.34,vary-two,DateTime,,Dist::CheckConflicts,0.11,HTTP::Date,6.05
perl:5.34,vary-two,DateTime,,Dist::CheckConflicts,0.11,HTTP::Date,6.06
perl:5.34,vary-two,DateTime,,Dist::CheckConflicts,0.11,Net::HTTP,6.22
perl:5.34,vary-two,DateTime,,Dist::CheckConflicts,0.11,Net::HTTP,6.23
perl:5.34,vary-two,DateTime,,Dist::CheckConflicts,0.11,HTML::Tagset,3.20
perl:5.34,vary-two,DateTime,,Dist::CheckConflicts,0.11,HTML::Tagset,3.24
perl:5.34,vary-two,DateTime,,Dist::CheckConflicts,0.11,HTML::Parser,3.81
perl:5.34,vary-two,DateTime,,Dist::CheckConflicts,0.11,HTML::Parser,3.83
perl:5.34,vary-two,DateTime,,Dist::CheckConflicts,0.11,JSON,4.10
perl:5.34,vary-two,DateTime,,Dist::CheckConflicts,0.11,JSON,4.11
perl:5.34,vary-two,DateTime,,Dist::CheckConflicts,0.11,JSON::PP,4.16
perl:5.34,vary-two,DateTime,,Dist::CheckConflicts,0.11,JSON::PP,4.17
perl:5.34,vary-two,DateTime,,Dist::CheckConflicts,0.11,Cpanel::JSON::XS,4.35
perl:5.34,vary-two,DateTime,,Dist::CheckConflicts,0.11,Cpanel::JSON::XS,4.39
perl:5.34,vary-two,DateTime,,Dist::CheckConflicts,0.11,Types::Serialiser,1.01
perl:5.34,vary-two,DateTime,,Dist::CheckConflicts,0.11,common::sense,3.75
perl:5.34,vary-two,DateTime,,Dist::CheckConflicts,0.11,B::Hooks::EndOfScope,0.26
perl:5.34,vary-two,DateTime,,Dist::CheckConflicts,0.11,B::Hooks::EndOfScope,0.28
perl:5.34,vary-two,DateTime,,Dist::CheckConflicts,0.11,Sub::Exporter,0.989
perl:5.34,vary-two,DateTime,,Dist::CheckConflicts,0.11,Sub::Exporter,0.991
perl:5.34,vary-two,DateTime,,Dist::CheckConflicts,0.11,Sub::Identify,0.14
perl:5.34,vary-two,DateTime,,Dist::CheckConflicts,0.11,Sub::Quote,2.006006
perl:5.34,vary-two,DateTime,,Dist::CheckConflicts,0.11,Sub::Quote,2.006008
perl:5.34,vary-two,DateTime,,Dist::CheckConflicts,0.11,Class::Method::Modifiers,2.15
perl:5.34,vary-two,DateTime,,Dist::CheckConflicts,0.11,Role::Tiny,2.002004
perl:5.34,vary-two,DateTime,,Dist::CheckConflicts,0.11,Role::Tiny,2.002005
perl:5.34,vary-two,DateTime,,Dist::CheckConflicts,0.11,Devel::StackTrace,2.04
perl:5.34,vary-two,DateTime,,Dist::CheckConflicts,0.11,Devel::StackTrace,2.05
perl:5.34,vary-two,DateTime,,Dist::CheckConflicts,0.11,Eval::Closure,0.14
perl:5.34,vary-two,DateTime,,Dist::CheckConflicts,0.11,Package::Stash,0.39
perl:5.34,vary-two,DateTime,,Dist::CheckConflicts,0.11,Package::Stash,0.40
perl:5.34,vary-two,DateTime,,Dist::CheckConflicts,0.11,Params::Util,1.102
perl:5.34,vary-two,DateTime,,Dist::CheckConflicts,0.11,Data::OptList,0.114
perl:5.34,vary-two,DateTime,,Dist::CheckConflicts,0.11,MRO::Compat,0.15
perl:5.34,vary-two,DateTime,,Dist::CheckConflicts,0.11,Exporter::Tiny,1.006002
perl:5.34,vary-two,DateTime,,Dist::CheckConflicts,0.11,Exporter::Tiny,1.006003
perl:5.34,vary-two,DateTime,,Dist::CheckConflicts,0.11,List::Util,1.63
perl:5.34,vary-two,DateTime,,Dist::CheckConflicts,0.11,List::Util,1.64
perl:5.34,vary-two,DateTime,,Dist::CheckConflicts,0.11,Scalar::List::Utils,1.63
perl:5.34,vary-two,DateTime,,Dist::CheckConflicts,0.11,Scalar::List::Utils,1.64
perl:5.34,vary-two,DateTime,,Dist::CheckConflicts,0.11,XSLoader,0.32
perl:5.34,vary-two,DateTime,,Dist::CheckConflicts,0.11,Carp,1.50
perl:5.34,vary-two,DateTime,,Dist::CheckConflicts,0.11,Carp,1.52
perl:5.34,vary-two,DateTime,,Dist::CheckConflicts,0.11,File::Temp,0.2311
perl:5.34,vary-two,DateTime,,Dist::CheckConflicts,0.11,File::Spec,3.88
perl:5.34,vary-two,DateTime,,Dist::CheckConflicts,0.11,ExtUtils::MakeMaker,7.70
perl:5.34,vary-two,DateTime,,Dist::CheckConflicts,0.11,ExtUtils::MakeMaker,7.76
perl:5.34,vary-two,DateTime,,Dist::CheckConflicts,0.11,Module::Build,0.4234
perl:5.34,vary-two,DateTime,,Dist::CheckConflicts,0.11,CPAN::Meta,2.150010
perl:5.34,vary-two,DateTime,,Dist::CheckConflicts,0.11,CPAN::Meta::Requirements,2.143
perl:5.34,vary-two,DateTime,,Dist::CheckConflicts,0.11,Parse::CPAN::Meta,2.150010
perl:5.34,vary-two,DateTime,,Dist::CheckConflicts,0.11,YAML::Tiny,1.76
perl:5.34,vary-two,DateTime,,Dist::CheckConflicts,0.11,YAML::Tiny,1.77
perl:5.34,vary-two,DateTime,,Dist::CheckConflicts,0.11,Path::Tiny,0.144
perl:5.34,vary-two,DateTime,,Dist::CheckConflicts,0.11,Path::Tiny,0.150
perl:5.34,vary-two,DateTime,,Dist::CheckConflicts,0.11,Capture::Tiny,0.48
perl:5.34,vary-two,DateTime,,Dist::CheckConflicts,0.11,File::Slurp,9999.32
perl:5.34,vary-two,DateTime,,Dist::CheckConflicts,0.11,DBI,1.643
perl:5.34,vary-two,DateTime,,Dist::CheckConflicts,0.11,DBI,1.647
perl:5.34,vary-two,DateTime,,Dist::CheckConflicts,0.11,Plack,1.0050
perl:5.34,vary-two,DateTime,,Dist::CheckConflicts,0.11,Template,3.101
perl:5.34,vary-two,DateTime,,Test::Fatal,0.016,Test::Warnings,0.031
perl:5.34,vary-two,DateTime,,Test::Fatal,0.016,Test::Warnings,0.033
perl:5.34,vary-two,DateTime,,Test::Fatal,0.016,Test::Needs,0.002010
perl:5.34,vary-two,DateTime,,Test::Fatal,0.016,Test::More,1.302195
perl:5.34,vary-two,DateTime,,Test::Fatal,0.016,Test::More,1.302204
perl:5.34,vary-two,DateTime,,Test::Fatal,0.016,Test::Simple,1.302195
perl:5.34,vary-two,DateTime,,Test::Fatal,0.016,Test::Simple,1.302204
perl:5.34,vary-two,DateTime,,Test::Fatal,0.016,URI,5.21
perl:5.34,vary-two,DateTime,,Test::Fatal,0.016,URI,5.28
perl:5.34,vary-two,DateTime,,Test::Fatal,0.016,HTTP::Message,6.44
perl:5.34,vary-two,DateTime,,Test::Fatal,0.016,HTTP::Message,6.46
perl:5.34,vary-two,DateTime,,Test::Fatal,0.016,HTTP::Date,6.05
perl:5.34,vary-two,DateTime,,Test::Fatal,0.016,HTTP::Date,6.06
perl:5.34,vary-two,DateTime,,Test::Fatal,0.016,Net::HTTP,6.22
perl:5.34,vary-two,DateTime,,Test::Fatal,0.016,Net::HTTP,6.23
perl:5.34,vary-two,DateTime,,Test::Fatal,0.016,HTML::Tagset,3.20
perl:5.34,vary-two,DateTime,,Test::Fatal,0.016,HTML::Tagset,3.24
perl:5.34,vary-two,DateTime,,Test::Fatal,0.016,HTML::Parser,3.81
perl:5.34,vary-two,DateTime,,Test::Fatal,0.016,HTML::Parser,3.83
perl:5.34,vary-two,DateTime,,Test::Fatal,0.016,JSON,4.10
perl:5.34,vary-two,DateTime,,Test::Fatal,0.016,JSON,4.11
perl:5.34,vary-two,DateTime,,Test::Fatal,0.016,JSON::PP,4.16
perl:5.34,vary-two,DateTime,,Test::Fatal,0.016,JSON::PP,4.17
perl:5.34,vary-two,DateTime,,Test::Fatal,0.016,Cpanel::JSON::XS,4.35
perl:5.34,vary-two,DateTime,,Test::Fatal,0.016,Cpanel::JSON::XS,4.39
perl:5.34,vary-two,DateTime,,Test::Fatal,0.016,Types::Serialiser,1.01
perl:5.34,vary-two,DateTime,,Test::Fatal,0.016,common::sense,3.75
perl:5.34,vary-two,DateTime,,Test::Fatal,0.016,B::Hooks::EndOfScope,0.26
perl:5.34,vary-two,DateTime,,Test::Fatal,0.016,B::Hooks::EndOfScope,0.28
perl:5.34,vary-two,DateTime,,Test::Fatal,0.016,Sub::Exporter,0.989
perl:5.34,vary-two,DateTime,,Test::Fatal,0.016,Sub::Exporter,0.991
perl:5.34,vary-two,DateTime,,Test::Fatal,0.016,Sub::Identify,0.14
perl:5.34,vary-two,DateTime,,Test::Fatal,0.016,Sub::Quote,2.006006
perl:5.34,vary-two,DateTime,,Test::Fatal,0.016,Sub::Quote,2.006008
perl:5.34,vary-two,DateTime,,Test::Fatal,0.016,Class::Method::Modifiers,2.15
perl:5.34,vary-two,DateTime,,Test::Fatal,0.016,Role::Tiny,2.002004
perl:5.34,vary-two,DateTime,,Test::Fatal,0.016,Role::Tiny,2.002005
perl:5.34,vary-two,DateTime,,Test::Fatal,0.016,Devel::StackTrace,2.04
perl:5.34,vary-two,DateTime,,Test::Fatal,0.016,Devel::StackTrace,2.05
perl:5.34,vary-two,DateTime,,Test::Fatal,0.016,Eval::Closure,0.14
perl:5.34,vary-two,DateTime,,Test::Fatal,0.016,Package::Stash,0.39
perl:5.34,vary-two,DateTime,,Test::Fatal,0.016,Package::Stash,0.40
perl:5.34,vary-two,DateTime,,Test::Fatal,0.016,Params::Util,1.102
perl:5.34,vary-two,DateTime,,Test::Fatal,0.016,Data::OptList,0.114
perl:5.34,vary-two,DateTime,,Test::Fatal,0.016,MRO::Compat,0.15
perl:5.34,vary-two,DateTime,,Test::Fatal,0.016,Exporter::Tiny,1.006002
perl:5.34,vary-two,DateTime,,Test::Fatal,0.016,Exporter::Tiny,1.006003
perl:5.34,vary-two,DateTime,,Test::Fatal,0.016,List::Util,1.63
perl:5.34,vary-two,DateTime,,Test::Fatal,0.016,List::Util,1.64
perl:5.34,vary-two,DateTime,,Test::Fatal,0.016,Scalar::List::Utils,1.63
perl:5.34,vary-two,DateTime,,Test::Fatal,0.016,Scalar::List::Utils,1.64
perl:5.34,vary-two,DateTime,,Test::Fatal,0.016,XSLoader,0.32
perl:5.34,vary-two,DateTime,,Test::Fatal,0.016,Carp,1.50
perl:5.34,vary-two,DateTime,,Test::Fatal,0.016,Carp,1.52
perl:5.34,vary-two,DateTime,,Test::Fatal,0.016,File::Temp,0.2311
perl:5.34,vary-two,DateTime,,Test::Fatal,0.016,File::Spec,3.88
perl:5.34,vary-two,DateTime,,Test::Fatal,0.016,ExtUtils::MakeMaker,7.70
perl:5.34,vary-two,DateTime,,Test::Fatal,0.016,ExtUtils::MakeMaker,7.76
perl:5.34,vary-two,DateTime,,Test::Fatal,0.016,Module::Build,0.4234
perl:5.34,vary-two,DateTime,,Test::Fatal,0.016,CPAN::Meta,2.150010
perl:5.34,vary-two,DateTime,,Test::Fatal,0.016,CPAN::Meta::Requirements,2.143
perl:5.34,vary-two,DateTime,,Test::Fatal,0.016,Parse::CPAN::Meta,2.150010
perl:5.34,vary-two,DateTime,,Test::Fatal,0.016,YAML::Tiny,1.76
perl:5.34,vary-two,DateTime,,Test::Fatal,0.016,YAML::Tiny,1.77
perl:5.34,vary-two,DateTime,,Test::Fatal,0.016,Path::Tiny,0.144
perl:5.34,vary-two,DateTime,,Test::Fatal,0.016,Path::Tiny,0.150
perl:5.34,vary-two,DateTime,,Test::Fatal,0.016,Capture::Tiny,0.48
perl:5.34,vary-two,DateTime,,Test::Fatal,0.016,File::Slurp,9999.32
perl:5.34,vary-two,DateTime,,Test::Fatal,0.016,DBI,1.643
perl:5.34,vary-two,DateTime,,Test::Fatal,0.016,DBI,1.647
perl:5.34,vary-two,DateTime,,Test::Fatal,0.016,Plack,1.0050
perl:5.34,vary-two,DateTime,,Test::Fatal,0.016,Template,3.101
perl:5.34,vary-two,DateTime,,Test::Fatal,0.017,Test::Warnings,0.031
perl:5.34,vary-two,DateTime,,Test::Fatal,0.017,Test::Warnings,0.033
perl:5.34,vary-two,DateTime,,Test::Fatal,0.017,Test::Needs,0.002010
perl:5.34,vary-two,DateTime,,Test::Fatal,0.017,Test::More,1.302195
perl:5.34,vary-two,DateTime,,Test::Fatal,0.017,Test::More,1.302204
perl:5.34,vary-two,DateTime,,Test::Fatal,0.017,Test::Simple,1.302195
perl:5.34,vary-two,DateTime,,Test::Fatal,0.017,Test::Simple,1.302204
perl:5.34,vary-two,DateTime,,Test::Fatal,0.017,URI,5.21
perl:5.34,vary-two,DateTime,,Test::Fatal,0.017,URI,5.28
perl:5.34,vary-two,DateTime,,Test::Fatal,0.017,HTTP::Message,6.44
perl:5.34,vary-two,DateTime,,Test::Fatal,0.017,HTTP::Message,6.46
perl:5.34,vary-two,DateTime,,Test::Fatal,0.017,HTTP::Date,6.05
perl:5.34,vary-two,DateTime,,Test::Fatal,0.017,HTTP::Date,6.06
perl:5.34,vary-two,DateTime,,Test::Fatal,0.017,Net::HTTP,6.22
perl:5.34,vary-two,DateTime,,Test::Fatal,0.017,Net::HTTP,6.23
perl:5.34,vary-two,DateTime,,Test::Fatal,0.017,HTML::Tagset,3.20
perl:5.34,vary-two,DateTime,,Test::Fatal,0.017,HTML::Tagset,3.24
perl:5.34,vary-two,DateTime,,Test::Fatal,0.017,HTML::Parser,3.81
perl:5.34,vary-two,DateTime,,Test::Fatal,0.017,HTML::Parser,3.83
perl:5.34,vary-two,DateTime,,Test::Fatal,0.017,JSON,4.10
perl:5.34,vary-two,DateTime,,Test::Fatal,0.017,JSON,4.11
perl:5.34,vary-two,DateTime,,Test::Fatal,0.017,JSON::PP,4.16
perl:5.34,vary-two,DateTime,,Test::Fatal,0.017,JSON::PP,4.17
perl:5.34,vary-two,DateTime,,Test::Fatal,0.017,Cpanel::JSON::XS,4.35
perl:5.34,vary-two,DateTime,,Test::Fatal,0.017,Cpanel::JSON::XS,4.39
perl:5.34,vary-two,DateTime,,Test::Fatal,0.017,Types::Serialiser,1.01
perl:5.34,vary-two,DateTime,,Test::Fatal,0.017,common::sense,3.75
perl:5.34,vary-two,DateTime,,Test::Fatal,0.017,B::Hooks::EndOfScope,0.26
perl:5.34,vary-two,DateTime,,Test::Fatal,0.017,B::Hooks::EndOfScope,0.28
perl:5.34,vary-two,DateTime,,Test::Fatal,0.017,Sub::Exporter,0.989
perl:5.34,vary-two,DateTime,,Test::Fatal,0.017,Sub::Exporter,0.991
perl:5.34,vary-two,DateTime,,Test::Fatal,0.017,Sub::Identify,0.14
perl:5.34,vary-two,DateTime,,Test::Fatal,0.017,Sub::Quote,2.006006
perl:5.34,vary-two,DateTime,,Test::Fatal,0.017,Sub::Quote,2.006008
perl:5.34,vary-two,DateTime,,Test::Fatal,0.017,Class::Method::Modifiers,2.15
perl:5.34,vary-two,DateTime,,Test::Fatal,0.017,Role::Tiny,2.002004
perl:5.34,vary-two,DateTime,,Test::Fatal,0.017,Role::Tiny,2.002005
perl:5.34,vary-two,DateTime,,Test::Fatal,0.017,Devel::StackTrace,2.04
perl:5.34,vary-two,DateTime,,Test::Fatal,0.017,Devel::StackTrace,2.05
perl:5.34,vary-two,DateTime,,Test::Fatal,0.017,Eval::Closure,0.14
perl:5.34,vary-two,DateTime,,Test::Fatal,0.017,Package::Stash,0.39
perl:5.34,vary-two,DateTime,,Test::Fatal,0.017,Package::Stash,0.40
perl:5.34,vary-two,DateTime,,Test::Fatal,0.017,Params::Util,1.102
perl:5.34,vary-two,DateTime,,Test::Fatal,0.017,Data::OptList,0.114
perl:5.34,vary-two,DateTime,,Test::Fatal,0.017,MRO::Compat,0.15
perl:5.34,vary-two,DateTime,,Test::Fatal,0.017,Exporter::Tiny,1.006002
perl:5.34,vary-two,DateTime,,Test::Fatal,0.017,Exporter::Tiny,1.006003
perl:5.34,vary-two,DateTime,,Test::Fatal,0.017,List::Util,1.63
perl:5.34,vary-two,DateTime,,Test::Fatal,0.017,List::Util,1.64
perl:5.34,vary-two,DateTime,,Test::Fatal,0.017,Scalar::List::Utils,1.63
perl:5.34,vary-two,DateTime,,Test::Fatal,0.017,Scalar::List::Utils,1.64
perl:5.34,vary-two,DateTime,,Test::Fatal,0.017,XSLoader,0.32
perl:5.34,vary-two,DateTime,,Test::Fatal,0.017,Carp,1.50
perl:5.34,vary-two,DateTime,,Test::Fatal,0.017,Carp,1.52
perl:5.34,vary-two,DateTime,,Test::Fatal,0.017,File::Temp,0.2311
perl:5.34,vary-two,DateTime,,Test::Fatal,0.017,File::Spec,3.88
perl:5.34,vary-two,DateTime,,Test::Fatal,0.017,ExtUtils::MakeMaker,7.70
perl:5.34,vary-two,DateTime,,Test::Fatal,0.017,ExtUtils::MakeMaker,7.76
perl:5.34,vary-two,DateTime,,Test::Fatal,0.017,Module::Build,0.4234
perl:5.34,vary-two,DateTime,,Test::Fatal,0.017,CPAN::Meta,2.150010
perl:5.34,vary-two,DateTime,,Test::Fatal,0.017,CPAN::Meta::Requirements,2.143
perl:5.34,vary-two,DateTime,,Test::Fatal,0.017,Parse::CPAN::Meta,2.150010
perl:5.34,vary-two,DateTime,,Test::Fatal,0.017,YAML::Tiny,1.76
perl:5.34,vary-two,DateTime,,Test::Fatal,0.017,YAML::Tiny,1.77
perl:5.34,vary-two,DateTime,,Test::Fatal,0.017,Path::Tiny,0.144
perl:5.34,vary-two,DateTime,,Test::Fatal,0.017,Path::Tiny,0.150
perl:5.34,vary-two,DateTime,,Test::Fatal,0.017,Capture::Tiny,0.48
perl:5.34,vary-two,DateTime,,Test::Fatal,0.017,File::Slurp,9999.32
perl:5.34,vary-two,DateTime,,Test::Fatal,0.017,DBI,1.643
perl:5.34,vary-two,DateTime,,Test::Fatal,0.017,DBI,1.647
perl:5.34,vary-two,DateTime,,Test::Fatal,0.017,Plack,1.0050
perl:5.34,vary-two,DateTime,,Test::Fatal,0.017,Template,3.101
perl:5.34,vary-two,DateTime,,Test::Warnings,0.031,Test::Needs,0.002010
perl:5.34,vary-two,DateTime,,Test::Warnings,0.031,Test::More,1.302195
perl:5.34,vary-two,DateTime,,Test::Warnings,0.031,Test::More,1.302204
perl:5.34,vary-two,DateTime,,Test::Warnings,0.031,Test::Simple,1.302195
perl:5.34,vary-two,DateTime,,Test::Warnings,0.031,Test::Simple,1.302204
perl:5.34,vary-two,DateTime,,Test::Warnings,0.031,URI,5.21
perl:5.34,vary-two,DateTime,,Test::Warnings,0.031,URI,5.28
perl:5.34,vary-two,DateTime,,Test::Warnings,0.031,HTTP::Message,6.44
perl:5.34,vary-two,DateTime,,Test::Warnings,0.031,HTTP::Message,6.46
perl:5.34,vary-two,DateTime,,Test::Warnings,0.031,HTTP::Date,6.05
perl:5.34,vary-two,DateTime,,Test::Warnings,0.031,HTTP::Date,6.06
perl:5.34,vary-two,DateTime,,Test::Warnings,0.031,Net::HTTP,6.22
perl:5.34,vary-two,DateTime,,Test::Warnings,0.031,Net::HTTP,6.23
perl:5.34,vary-two,DateTime,,Test::Warnings,0.031,HTML::Tagset,3.20
perl:5.34,vary-two,DateTime,,Test::Warnings,0.031,HTML::Tagset,3.24
perl:5.34,vary-two,DateTime,,Test::Warnings,0.031,HTML::Parser,3.81
perl:5.34,vary-two,DateTime,,Test::Warnings,0.031,HTML::Parser,3.83
perl:5.34,vary-two,DateTime,,Test::Warnings,0.031,JSON,4.10
perl:5.34,vary-two,DateTime,,Test::Warnings,0.031,JSON,4.11
perl:5.34,vary-two,DateTime,,Test::Warnings,0.031,JSON::PP,4.16
perl:5.34,vary-two,DateTime,,Test::Warnings,0.031,JSON::PP,4.17
perl:5.34,vary-two,DateTime,,Test::Warnings,0.031,Cpanel::JSON::XS,4.35
perl:5.34,vary-two,DateTime,,Test::Warnings,0.031,Cpanel::JSON::XS,4.39
perl:5.34,vary-two,DateTime,,Test::Warnings,0.031,Types::Serialiser,1.01
perl:5.34,vary-two,DateTime,,Test::Warnings,0.031,common::sense,3.75
perl:5.34,vary-two,DateTime,,Test::Warnings,0.031,B::Hooks::EndOfScope,0.26
perl:5.34,vary-two,DateTime,,Test::Warnings,0.031,B::Hooks::EndOfScope,0.28
perl:5.34,vary-two,DateTime,,Test::Warnings,0.031,Sub::Exporter,0.989
perl:5.34,vary-two,DateTime,,Test::Warnings,0.031,Sub::Exporter,0.991
perl:5.34,vary-two,DateTime,,Test::Warnings,0.031,Sub::Identify,0.14
perl:5.34,vary-two,DateTime,,Test::Warnings,0.031,Sub::Quote,2.006006
perl:5.34,vary-two,DateTime,,Test::Warnings,0.031,Sub::Quote,2.006008
perl:5.34,vary-two,DateTime,,Test::Warnings,0.031,Class::Method::Modifiers,2.15
perl:5.34,vary-two,DateTime,,Test::Warnings,0.031,Role::Tiny,2.002004
perl:5.34,vary-two,DateTime,,Test::Warnings,0.031,Role::Tiny,2.002005
perl:5.34,vary-two,DateTime,,Test::Warnings,0.031,Devel::StackTrace,2.04
perl:5.34,vary-two,DateTime,,Test::Warnings,0.031,Devel::StackTrace,2.05
perl:5.34,vary-two,DateTime,,Test::Warnings,0.031,Eval::Closure,0.14
perl:5.34,vary-two,DateTime,,Test::Warnings,0.031,Package::Stash,0.39
perl:5.34,vary-two,DateTime,,Test::Warnings,0.031,Package::Stash,0.40
perl:5.34,vary-two,DateTime,,Test::Warnings,0.031,Params::Util,1.102
perl:5.34,vary-two,DateTime,,Test::Warnings,0.031,Data::OptList,0.114
perl:5.34,vary-two,DateTime,,Test::Warnings,0.031,MRO::Compat,0.15
perl:5.34,vary-two,DateTime,,Test::Warnings,0.031,Exporter::Tiny,1.006002
perl:5.34,vary-two,DateTime,,Test::Warnings,0.031,Exporter::Tiny,1.006003
perl:5.34,vary-two,DateTime,,Test::Warnings,0.031,List::Util,1.63
perl:5.34,vary-two,DateTime,,Test::Warnings,0.031,List::Util,1.64
perl:5.34,vary-two,DateTime,,Test::Warnings,0.031,Scalar::List::Utils,1.63
perl:5.34,vary-two,DateTime,,Test::Warnings,0.031,Scalar::List::Utils,1.64
perl:5.34,vary-two,DateTime,,Test::Warnings,0.031,XSLoader,0.32
perl:5.34,vary-two,DateTime,,Test::Warnings,0.031,Carp,1.50
perl:5.34,vary-two,DateTime,,Test::Warnings,0.031,Carp,1.52
perl:5.34,vary-two,DateTime,,Test::Warnings,0.031,File::Temp,0.2311
perl:5.34,vary-two,DateTime,,Test::Warnings,0.031,File::Spec,3.88
perl:5.34,vary-two,DateTime,,Test::Warnings,0.031,ExtUtils::MakeMaker,7.70
perl:5.34,vary-two,DateTime,,Test::Warnings,0.031,ExtUtils::MakeMaker,7.76
perl:5.34,vary-two,DateTime,,Test::Warnings,0.031,Module::Build,0.4234
perl:5.34,vary-two,DateTime,,Test::Warnings,0.031,CPAN::Meta,2.150010
perl:5.34,vary-two,DateTime,,Test::Warnings,0.031,CPAN::Meta::Requirements,2.143
perl:5.34,vary-two,DateTime,,Test::Warnings,0.031,Parse::CPAN::Meta,2.150010
perl:5.34,vary-two,DateTime,,Test::Warnings,0.031,YAML::Tiny,1.76
perl:5.34,vary-two,DateTime,,Test::Warnings,0.031,YAML::Tiny,1.77
perl:5.34,vary-two,DateTime,,Test::Warnings,0.031,Path::Tiny,0.144
perl:5.34,vary-two,DateTime,,Test::Warnings,0.031,Path::Tiny,0.150
perl:5.34,vary-two,DateTime,,Test::Warnings,0.031,Capture::Tiny,0.48
perl:5.34,vary-two,DateTime,,Test::Warnings,0.031,File::Slurp,9999.32
perl:5.34,vary-two,DateTime,,Test::Warnings,0.031,DBI,1.643
perl:5.34,vary-two,DateTime,,Test::Warnings,0.031,DBI,1.647
perl:5.34,vary-two,DateTime,,Test::Warnings,0.031,Plack,1.0050
perl:5.34,vary-two,DateTime,,Test::Warnings,0.031,Template,3.101
perl:5.34,vary-two,DateTime,,Test::Warnings,0.033,Test::Needs,0.002010
perl:5.34,vary-two,DateTime,,Test::Warnings,0.033,Test::More,1.302195
perl:5.34,vary-two,DateTime,,Test::Warnings,0.033,Test::More,1.302204
perl:5.34,vary-two,DateTime,,Test::Warnings,0.033,Test::Simple,1.302195
perl:5.34,vary-two,DateTime,,Test::Warnings,0.033,Test::Simple,1.302204
perl:5.34,vary-two,DateTime,,Test::Warnings,0.033,URI,5.21
perl:5.34,vary-two,DateTime,,Test::Warnings,0.033,URI,5.28
perl:5.34,vary-two,DateTime,,Test::Warnings,0.033,HTTP::Message,6.44
perl:5.34,vary-two,DateTime,,Test::Warnings,0.033,HTTP::Message,6.46
perl:5.34,vary-two,DateTime,,Test::Warnings,0.033,HTTP::Date,6.05
perl:5.34,vary-two,DateTime,,Test::Warnings,0.033,HTTP::Date,6.06
perl:5.34,vary-two,DateTime,,Test::Warnings,0.033,Net::HTTP,6.22
perl:5.34,vary-two,DateTime,,Test::Warnings,0.033,Net::HTTP,6.23
perl:5.34,vary-two,DateTime,,Test::Warnings,0.033,HTML::Tagset,3.20
perl:5.34,vary-two,DateTime,,Test::Warnings,0.033,HTML::Tagset,3.24
perl:5.34,vary-two,DateTime,,Test::Warnings,0.033,HTML::Parser,3.81
perl:5.34,vary-two,DateTime,,Test::Warnings,0.033,HTML::Parser,3.83
perl:5.34,vary-two,DateTime,,Test::Warnings,0.033,JSON,4.10
perl:5.34,vary-two,DateTime,,Test::Warnings,0.033,JSON,4.11
perl:5.34,vary-two,DateTime,,Test::Warnings,0.033,JSON::PP,4.16
perl:5.34,vary-two,DateTime,,Test::Warnings,0.033,JSON::PP,4.17
perl:5.34,vary-two,DateTime,,Test::Warnings,0.033,Cpanel::JSON::XS,4.35
perl:5.34,vary-two,DateTime,,Test::Warnings,0.033,Cpanel::JSON::XS,4.39
perl:5.34,vary-two,DateTime,,Test::Warnings,0.033,Types::Serialiser,1.01
perl:5.34,vary-two,DateTime,,Test::Warnings,0.033,common::sense,3.75
perl:5.34,vary-two,DateTime,,Test::Warnings,0.033,B::Hooks::EndOfScope,0.26
perl:5.34,vary-two,DateTime,,Test::Warnings,0.033,B::Hooks::EndOfScope,0.28
perl:5.34,vary-two,DateTime,,Test::Warnings,0.033,Sub::Exporter,0.989
perl:5.34,vary-two,DateTime,,Test::Warnings,0.033,Sub::Exporter,0.991
perl:5.34,vary-two,DateTime,,Test::Warnings,0.033,Sub::Identify,0.14
perl:5.34,vary-two,DateTime,,Test::Warnings,0.033,Sub::Quote,2.006006
perl:5.34,vary-two,DateTime,,Test::Warnings,0.033,Sub::Quote,2.006008
perl:5.34,vary-two,DateTime,,Test::Warnings,0.033,Class::Method::Modifiers,2.15
perl:5.34,vary-two,DateTime,,Test::Warnings,0.033,Role::Tiny,2.002004
perl:5.34,vary-two,DateTime,,Test::Warnings,0.033,Role::Tiny,2.002005
perl:5.34,vary-two,DateTime,,Test::Warnings,0.033,Devel::StackTrace,2.04
perl:5.34,vary-two,DateTime,,Test::Warnings,0.033,Devel::StackTrace,2.05
perl:5.34,vary-two,DateTime,,Test::Warnings,0.033,Eval::Closure,0.14
perl:5.34,vary-two,DateTime,,Test::Warnings,0.033,Package::Stash,0.39
perl:5.34,vary-two,DateTime,,Test::Warnings,0.033,Package::Stash,0.40
perl:5.34,vary-two,DateTime,,Test::Warnings,0.033,Params::Util,1.102
perl:5.34,vary-two,DateTime,,Test::Warnings,0.033,Data::OptList,0.114
perl:5.34,vary-two,DateTime,,Test::Warnings,0.033,MRO::Compat,0.15
perl:5.34,vary-two,DateTime,,Test::Warnings,0.033,Exporter::Tiny,1.006002
perl:5.34,vary-two,DateTime,,Test::Warnings,0.033,Exporter::Tiny,1.006003
perl:5.34,vary-two,DateTime,,Test::Warnings,0.033,List::Util,1.63
perl:5.34,vary-two,DateTime,,Test::Warnings,0.033,List::Util,1.64
perl:5.34,vary-two,DateTime,,Test::Warnings,0.033,Scalar::List::Utils,1.63
perl:5.34,vary-two,DateTime,,Test::Warnings,0.033,Scalar::List::Utils,1.64
perl:5.34,vary-two,DateTime,,Test::Warnings,0.033,XSLoader,0.32
perl:5.34,vary-two,DateTime,,Test::Warnings,0.033,Carp,1.50
perl:5.34,vary-two,DateTime,,Test::Warnings,0.033,Carp,1.52
perl:5.34,vary-two,DateTime,,Test::Warnings,0.033,File::Temp,0.2311
perl:5.34,vary-two,DateTime,,Test::Warnings,0.033,File::Spec,3.88
perl:5.34,vary-two,DateTime,,Test::Warnings,0.033,ExtUtils::MakeMaker,7.70
perl:5.34,vary-two,DateTime,,Test::Warnings,0.033,ExtUtils::MakeMaker,7.76
perl:5.34,vary-two,DateTime,,Test::Warnings,0.033,Module::Build,0.4234
perl:5.34,vary-two,DateTime,,Test::Warnings,0.033,CPAN::Meta,2.150010
perl:5.34,vary-two,DateTime,,Test::Warnings,0.033,CPAN::Meta::Requirements,2.143
perl:5.34,vary-two,DateTime,,Test::Warnings,0.033,Parse::CPAN::Meta,2.150010
perl:5.34,vary-two,DateTime,,Test::Warnings,0.033,YAML::Tiny,1.76
perl:5.34,vary-two,DateTime,,Test::Warnings,0.033,YAML::Tiny,1.77
perl:5.34,vary-two,DateTime,,Test::Warnings,0.033,Path::Tiny,0.144
perl:5.34,vary-two,DateTime,,Test::Warnings,0.033,Path::Tiny,0.150
perl:5.34,vary-two,DateTime,,Test::Warnings,0.033,Capture::Tiny,0.48
perl:5.34,vary-two,DateTime,,Test::Warnings,0.033,File::Slurp,9999.32
perl:5.34,vary-two,DateTime,,Test::Warnings,0.033,DBI,1.643
perl:5.34,vary-two,DateTime,,Test::Warnings,0.033,DBI,1.647
perl:5.34,vary-two,DateTime,,Test::Warnings,0.033,Plack,1.0050
perl:5.34,vary-two,DateTime,,Test::Warnings,0.033,Template,3.101
perl:5.34,vary-two,DateTime,,Test::Needs,0.002010,Test::More,1.302195
perl:5.34,vary-two,DateTime,,Test::Needs,0.002010,Test::More,1.302204
perl:5.34,vary-two,DateTime,,Test::Needs,0.002010,Test::Simple,1.302195
perl:5.34,vary-two,DateTime,,Test::Needs,0.002010,Test::Simple,1.302204
perl:5.34,vary-two,DateTime,,Test::Needs,0.002010,URI,5.21
perl:5.34,vary-two,DateTime,,Test::Needs,0.002010,URI,5.28
perl:5.34,vary-two,DateTime,,Test::Needs,0.002010,HTTP::Message,6.44
perl:5.34,vary-two,DateTime,,Test::Needs,0.002010,HTTP::Message,6.46
perl:5.34,vary-two,DateTime,,Test::Needs,0.002010,HTTP::Date,6.05
perl:5.34,vary-two,DateTime,,Test::Needs,0.002010,HTTP::Date,6.06
perl:5.34,vary-two,DateTime,,Test::Needs,0.002010,Net::HTTP,6.22
perl:5.34,vary-two,DateTime,,Test::Needs,0.002010,Net::HTTP,6.23
perl:5.34,vary-two,DateTime,,Test::Needs,0.002010,HTML::Tagset,3.20
perl:5.34,vary-two,DateTime,,Test::Needs,0.002010,HTML::Tagset,3.24
perl:5.34,vary-two,DateTime,,Test::Needs,0.002010,HTML::Parser,3.81
perl:5.34,vary-two,DateTime,,Test::Needs,0.002010,HTML::Parser,3.83
perl:5.34,vary-two,DateTime,,Test::Needs,0.002010,JSON,4.10
perl:5.34,vary-two,DateTime,,Test::Needs,0.002010,JSON,4.11
perl:5.34,vary-two,DateTime,,Test::Needs,0.002010,JSON::PP,4.16
perl:5.34,vary-two,DateTime,,Test::Needs,0.002010,JSON::PP,4.17
perl:5.34,vary-two,DateTime,,Test::Needs,0.002010,Cpanel::JSON::XS,4.35
perl:5.34,vary-two,DateTime,,Test::Needs,0.002010,Cpanel::JSON::XS,4.39
perl:5.34,vary-two,DateTime,,Test::Needs,0.002010,Types::Serialiser,1.01
perl:5.34,vary-two,DateTime,,Test::Needs,0.002010,common::sense,3.75
perl:5.34,vary-two,DateTime,,Test::Needs,0.002010,B::Hooks::EndOfScope,0.26
perl:5.34,vary-two,DateTime,,Test::Needs,0.002010,B::Hooks::EndOfScope,0.28
perl:5.34,vary-two,DateTime,,Test::Needs,0.002010,Sub::Exporter,0.989
perl:5.34,vary-two,DateTime,,Test::Needs,0.002010,Sub::Exporter,0.991
perl:5.34,vary-two,DateTime,,Test::Needs,0.002010,Sub::Identify,0.14
perl:5.34,vary-two,DateTime,,Test::Needs,0.002010,Sub::Quote,2.006006
perl:5.34,vary-two,DateTime,,Test::Needs,0.002010,Sub::Quote,2.006008
perl:5.34,vary-two,DateTime,,Test::Needs,0.002010,Class::Method::Modifiers,2.15
perl:5.34,vary-two,DateTime,,Test::Needs,0.002010,Role::Tiny,2.002004
perl:5.34,vary-two,DateTime,,Test::Needs,0.002010,Role::Tiny,2.002005
perl:5.34,vary-two,DateTime,,Test::Needs,0.002010,Devel::StackTrace,2.04
perl:5.34,vary-two,DateTime,,Test::Needs,0.002010,Devel::StackTrace,2.05
perl:5.34,vary-two,DateTime,,Test::Needs,0.002010,Eval::Closure,0.14
perl:5.34,vary-two,DateTime,,Test::Needs,0.002010,Package::Stash,0.39
perl:5.34,vary-two,DateTime,,Test::Needs,0.002010,Package::Stash,0.40
perl:5.34,vary-two,DateTime,,Test::Needs,0.002010,Params::Util,1.102
perl:5.34,vary-two,DateTime,,Test::Needs,0.002010,Data::OptList,0.114
perl:5.34,vary-two,DateTime,,Test::Needs,0.002010,MRO::Compat,0.15
perl:5.34,vary-two,DateTime,,Test::Needs,0.002010,Exporter::Tiny,1.006002
perl:5.34,vary-two,DateTime,,Test::Needs,0.002010,Exporter::Tiny,1.006003
perl:5.34,vary-two,DateTime,,Test::Needs,0.002010,List::Util,1.63
perl:5.34,vary-two,DateTime,,Test::Needs,0.002010,List::Util,1.64
perl:5.34,vary-two,DateTime,,Test::Needs,0.002010,Scalar::List::Utils,1.63
perl:5.34,vary-two,DateTime,,Test::Needs,0.002010,Scalar::List::Utils,1.64
perl:5.34,vary-two,DateTime,,Test::Needs,0.002010,XSLoader,0.32
perl:5.34,vary-two,DateTime,,Test::Needs,0.002010,Carp,1.50
perl:5.34,vary-two,DateTime,,Test::Needs,0.002010,Carp,1.52
perl:5.34,vary-two,DateTime,,Test::Needs,0.002010,File::Temp,0.2311
perl:5.34,vary-two,DateTime,,Test::Needs,0.002010,File::Spec,3.88
perl:5.34,vary-two,DateTime,,Test::Needs,0.002010,ExtUtils::MakeMaker,7.70
perl:5.34,vary-two,DateTime,,Test::Needs,0.002010,ExtUtils::MakeMaker,7.76
perl:5.34,vary-two,DateTime,,Test::Needs,0.002010,Module::Build,0.4234
perl:5.34,vary-two,DateTime,,Test::Needs,0.002010,CPAN::Meta,2.150010
perl:5.34,vary-two,DateTime,,Test::Needs,0.002010,CPAN::Meta::Requirements,2.143
perl:5.34,vary-two,DateTime,,Test::Needs,0.002010,Parse::CPAN::Meta,2.150010
perl:5.34,vary-two,DateTime,,Test::Needs,0.002010,YAML::Tiny,1.76
perl:5.34,vary-two,DateTime,,Test::Needs,0.002010,YAML::Tiny,1.77
perl:5.34,vary-two,DateTime,,Test::Needs,0.002010,Path::Tiny,0.144
perl:5.34,vary-two,DateTime,,Test::Needs,0.002010,Path::Tiny,0.150
perl:5.34,vary-two,DateTime,,Test::Needs,0.002010,Capture::Tiny,0.48
perl:5.34,vary-two,DateTime,,Test::Needs,0.002010,File::Slurp,9999.32
perl:5.34,vary-two,DateTime,,Test::Needs,0.002010,DBI,1.643
perl:5.34,vary-two,DateTime,,Test::Needs,0.002010,DBI,1.647
perl:5.34,vary-two,DateTime,,Test::Needs,0.002010,Plack,1.0050
perl:5.34,vary-two,DateTime,,Test::Needs,0.002010,Template,3.101
perl:5.34,vary-two,DateTime,,Test::More,1.302195,Test::Simple,1.302195
perl:5.34,vary-two,DateTime,,Test::More,1.302195,Test::Simple,1.302204
perl:5.34,vary-two,DateTime,,Test::More,1.302195,URI,5.21
perl:5.34,vary-two,DateTime,,Test::More,1.302195,URI,5.28
perl:5.34,vary-two,DateTime,,Test::More,1.302195,HTTP::Message,6.44
perl:5.34,vary-two,DateTime,,Test::More,1.302195,HTTP::Message,6.46
perl:5.34,vary-two,DateTime,,Test::More,1.302195,HTTP::Date,6.05
perl:5.34,vary-two,DateTime,,Test::More,1.302195,HTTP::Date,6.06
perl:5.34,vary-two,DateTime,,Test::More,1.302195,Net::HTTP,6.22
perl:5.34,vary-two,DateTime,,Test::More,1.302195,Net::HTTP,6.23
perl:5.34,vary-two,DateTime,,Test::More,1.302195,HTML::Tagset,3.20
perl:5.34,vary-two,DateTime,,Test::More,1.302195,HTML::Tagset,3.24
perl:5.34,vary-two,DateTime,,Test::More,1.302195,HTML::Parser,3.81
perl:5.34,vary-two,DateTime,,Test::More,1.302195,HTML::Parser,3.83
perl:5.34,vary-two,DateTime,,Test::More,1.302195,JSON,4.10
perl:5.34,vary-two,DateTime,,Test::More,1.302195,JSON,4.11
perl:5.34,vary-two,DateTime,,Test::More,1.302195,JSON::PP,4.16
perl:5.34,vary-two,DateTime,,Test::More,1.302195,JSON::PP,4.17
perl:5.34,vary-two,DateTime,,Test::More,1.302195,Cpanel::JSON::XS,4.35
perl:5.34,vary-two,DateTime,,Test::More,1.302195,Cpanel::JSON::XS,4.39
perl:5.34,vary-two,DateTime,,Test::More,1.302195,Types::Serialiser,1.01
perl:5.34,vary-two,DateTime,,Test::More,1.302195,common::sense,3.75
perl:5.34,vary-two,DateTime,,Test::More,1.302195,B::Hooks::EndOfScope,0.26
perl:5.34,vary-two,DateTime,,Test::More,1.302195,B::Hooks::EndOfScope,0.28
perl:5.34,vary-two,DateTime,,Test::More,1.302195,Sub::Exporter,0.989
perl:5.34,vary-two,DateTime,,Test::More,1.302195,Sub::Exporter,0.991
perl:5.34,vary-two,DateTime,,Test::More,1.302195,Sub::Identify,0.14
perl:5.34,vary-two,DateTime,,Test::More,1.302195,Sub::Quote,2.006006
perl:5.34,vary-two,DateTime,,Test::More,1.302195,Sub::Quote,2.006008
perl:5.34,vary-two,DateTime,,Test::More,1.302195,Class::Method::Modifiers,2.15
perl:5.34,vary-two,DateTime,,Test::More,1.302195,Role::Tiny,2.002004
perl:5.34,vary-two,DateTime,,Test::More,1.302195,Role::Tiny,2.002005
perl:5.34,vary-two,DateTime,,Test::More,1.302195,Devel::StackTrace,2.04
perl:5.34,vary-two,DateTime,,Test::More,1.302195,Devel::StackTrace,2.05
perl:5.34,vary-two,DateTime,,Test::More,1.302195,Eval::Closure,0.14
perl:5.34,vary-two,DateTime,,Test::More,1.302195,Package::Stash,0.39
perl:5.34,vary-two,DateTime,,Test::More,1.302195,Package::Stash,0.40
perl:5.34,vary-two,DateTime,,Test::More,1.302195,Params::Util,1.102
perl:5.34,vary-two,DateTime,,Test::More,1.302195,Data::OptList,0.114
perl:5.34,vary-two,DateTime,,Test::More,1.302195,MRO::Compat,0.15
perl:5.34,vary-two,DateTime,,Test::More,1.302195,Exporter::Tiny,1.006002
perl:5.34,vary-two,DateTime,,Test::More,1.302195,Exporter::Tiny,1.006003
perl:5.34,vary-two,DateTime,,Test::More,1.302195,List::Util,1.63
perl:5.34,vary-two,DateTime,,Test::More,1.302195,List::Util,1.64
perl:5.34,vary-two,DateTime,,Test::More,1.302195,Scalar::List::Utils,1.63
perl:5.34,vary-two,DateTime,,Test::More,1.302195,Scalar::List::Utils,1.64
perl:5.34,vary-two,DateTime,,Test::More,1.302195,XSLoader,0.32
perl:5.34,vary-two,DateTime,,Test::More,1.302195,Carp,1.50
perl:5.34,vary-two,DateTime,,Test::More,1.302195,Carp,1.52
perl:5.34,vary-two,DateTime,,Test::More,1.302195,File::Temp,0.2311
perl:5.34,vary-two,DateTime,,Test::More,1.302195,File::Spec,3.88
perl:5.34,vary-two,DateTime,,Test::More,1.302195,ExtUtils::MakeMaker,7.70
perl:5.34,vary-two,DateTime,,Test::More,1.302195,ExtUtils::MakeMaker,7.76
perl:5.34,vary-two,DateTime,,Test::More,1.302195,Module::Build,0.4234
perl:5.34,vary-two,DateTime,,Test::More,1.302195,CPAN::Meta,2.150010
perl:5.34,vary-two,DateTime,,Test::More,1.302195,CPAN::Meta::Requirements,2.143
perl:5.34,vary-two,DateTime,,Test::More,1.302195,Parse::CPAN::Meta,2.150010
perl:5.34,vary-two,DateTime,,Test::More,1.302195,YAML::Tiny,1.76
perl:5.34,vary-two,DateTime,,Test::More,1.302195,YAML::Tiny,1.77
perl:5.34,vary-two,DateTime,,Test::More,1.302195,Path::Tiny,0.144
perl:5.34,vary-two,DateTime,,Test::More,1.302195,Path::Tiny,0.150
perl:5.34,vary-two,DateTime,,Test::More,1.302195,Capture::Tiny,0.48
perl:5.34,vary-two,DateTime,,Test::More,1.302195,File::Slurp,9999.32
perl:5.34,vary-two,DateTime,,Test::More,1.302195,DBI,1.643
perl:5.34,vary-two,DateTime,,Test::More,1.302195,DBI,1.647
perl:5.34,vary-two,DateTime,,Test::More,1.302195,Plack,1.0050
perl:5.34,vary-two,DateTime,,Test::More,1.302195,Template,3.101
perl:5.34,vary-two,DateTime,,Test::More,1.302204,Test::Simple,1.302195
perl:5.34,vary-two,DateTime,,Test::More,1.302204,Test::Simple,1.302204
perl:5.34,vary-two,DateTime,,Test::More,1.302204,URI,5.21
perl:5.34,vary-two,DateTime,,Test::More,1.302204,URI,5.28
perl:5.34,vary-two,DateTime,,Test::More,1.302204,HTTP::Message,6.44
perl:5.34,vary-two,DateTime,,Test::More,1.302204,HTTP::Message,6.46
perl:5.34,vary-two,DateTime,,Test::More,1.302204,HTTP::Date,6.05
perl:5.34,vary-two,DateTime,,Test::More,1.302204,HTTP::Date,6.06
perl:5.34,vary-two,DateTime,,Test::More,1.302204,Net::HTTP,6.22
perl:5.34,vary-two,DateTime,,Test::More,1.302204,Net::HTTP,6.23
perl:5.34,vary-two,DateTime,,Test::More,1.302204,HTML::Tagset,3.20
perl:5.34,vary-two,DateTime,,Test::More,1.302204,HTML::Tagset,3.24
perl:5.34,vary-two,DateTime,,Test::More,1.302204,HTML::Parser,3.81
perl:5.34,vary-two,DateTime,,Test::More,1.302204,HTML::Parser,3.83
perl:5.34,vary-two,DateTime,,Test::More,1.302204,JSON,4.10
perl:5.34,vary-two,DateTime,,Test::More,1.302204,JSON,4.11
perl:5.34,vary-two,DateTime,,Test::More,1.302204,JSON::PP,4.16
perl:5.34,vary-two,DateTime,,Test::More,1.302204,JSON::PP,4.17
perl:5.34,vary-two,DateTime,,Test::More,1.302204,Cpanel::JSON::XS,4.35
perl:5.34,vary-two,DateTime,,Test::More,1.302204,Cpanel::JSON::XS,4.39
perl:5.34,vary-two,DateTime,,Test::More,1.302204,Types::Serialiser,1.01
perl:5.34,vary-two,DateTime,,Test::More,1.302204,common::sense,3.75
perl:5.34,vary-two,DateTime,,Test::More,1.302204,B::Hooks::EndOfScope,0.26
perl:5.34,vary-two,DateTime,,Test::More,1.302204,B::Hooks::EndOfScope,0.28
perl:5.34,vary-two,DateTime,,Test::More,1.302204,Sub::Exporter,0.989
perl:5.34,vary-two,DateTime,,Test::More,1.302204,Sub::Exporter,0.991
perl:5.34,vary-two,DateTime,,Test::More,1.302204,Sub::Identify,0.14
perl:5.34,vary-two,DateTime,,Test::More,1.302204,Sub::Quote,2.006006
perl:5.34,vary-two,DateTime,,Test::More,1.302204,Sub::Quote,2.006008
perl:5.34,vary-two,DateTime,,Test::More,1.302204,Class::Method::Modifiers,2.15
perl:5.34,vary-two,DateTime,,Test::More,1.302204,Role::Tiny,2.002004
perl:5.34,vary-two,DateTime,,Test::More,1.302204,Role::Tiny,2.002005
perl:5.34,vary-two,DateTime,,Test::More,1.302204,Devel::StackTrace,2.04
perl:5.34,vary-two,DateTime,,Test::More,1.302204,Devel::StackTrace,2.05
perl:5.34,vary-two,DateTime,,Test::More,1.302204,Eval::Closure,0.14
perl:5.34,vary-two,DateTime,,Test::More,1.302204,Package::Stash,0.39
perl:5.34,vary-two,DateTime,,Test::More,1.302204,Package::Stash,0.40
perl:5.34,vary-two,DateTime,,Test::More,1.302204,Params::Util,1.102
perl:5.34,vary-two,DateTime,,Test::More,1.302204,Data::OptList,0.114
perl:5.34,vary-two,DateTime,,Test::More,1.302204,MRO::Compat,0.15
perl:5.34,vary-two,DateTime,,Test::More,1.302204,Exporter::Tiny,1.006002
perl:5.34,vary-two,DateTime,,Test::More,1.302204,Exporter::Tiny,1.006003
perl:5.34,vary-two,DateTime,,Test::More,1.302204,List::Util,1.63
perl:5.34,vary-two,DateTime,,Test::More,1.302204,List::Util,1.64
perl:5.34,vary-two,DateTime,,Test::More,1.302204,Scalar::List::Utils,1.63
perl:5.34,vary-two,DateTime,,Test::More,1.302204,Scalar::List::Utils,1.64
perl:5.34,vary-two,DateTime,,Test::More,1.302204,XSLoader,0.32
perl:5.34,vary-two,DateTime,,Test::More,1.302204,Carp,1.50
perl:5.34,vary-two,DateTime,,Test::More,1.302204,Carp,1.52
perl:5.34,vary-two,DateTime,,Test::More,1.302204,File::Temp,0.2311
perl:5.34,vary-two,DateTime,,Test::More,1.302204,File::Spec,3.88
perl:5.34,vary-two,DateTime,,Test::More,1.302204,ExtUtils::MakeMaker,7.70
perl:5.34,vary-two,DateTime,,Test::More,1.302204,ExtUtils::MakeMaker,7.76
perl:5.34,vary-two,DateTime,,Test::More,1.302204,Module::Build,0.4234
perl:5.34,vary-two,DateTime,,Test::More,1.302204,CPAN::Meta,2.150010
perl:5.34,vary-two,DateTime,,Test::More,1.302204,CPAN::Meta::Requirements,2.143
perl:5.34,vary-two,DateTime,,Test::More,1.302204,Parse::CPAN::Meta,2.150010
perl:5.34,vary-two,DateTime,,Test::More,1.302204,YAML::Tiny,1.76
perl:5.34,vary-two,DateTime,,Test::More,1.302204,YAML::Tiny,1.77
perl:5.34,vary-two,DateTime,,Test::More,1.302204,Path::Tiny,0.144
perl:5.34,vary-two,DateTime,,Test::More,1.302204,Path::Tiny,0.150
perl:5.34,vary-two,DateTime,,Test::More,1.302204,Capture::Tiny,0.48
perl:5.34,vary-two,DateTime,,Test::More,1.302204,File::Slurp,9999.32
perl:5.34,vary-two,DateTime,,Test::More,1.302204,DBI,1.643
perl:5.34,vary-two,DateTime,,Test::More,1.302204,DBI,1.647
perl:5.34,vary-two,DateTime,,Test::More,1.302204,Plack,1.0050
perl:5.34,vary-two,DateTime,,Test::More,1.302204,Template,3.101
perl:5.34,vary-two,DateTime,,Test::Simple,1.302195,URI,5.21
perl:5.34,vary-two,DateTime,,Test::Simple,1.302195,URI,5.28
perl:5.34,vary-two,DateTime,,Test::Simple,1.302195,HTTP::Message,6.44
perl:5.34,vary-two,DateTime,,Test::Simple,1.302195,HTTP::Message,6.46
perl:5.34,vary-two,DateTime,,Test::Simple,1.302195,HTTP::Date,6.05
perl:5.34,vary-two,DateTime,,Test::Simple,1.302195,HTTP::Date,6.06
perl:5.34,vary-two,DateTime,,Test::Simple,1.302195,Net::HTTP,6.22
perl:5.34,vary-two,DateTime,,Test::Simple,1.302195,Net::HTTP,6.23
perl:5.34,vary-two,DateTime,,Test::Simple,1.302195,HTML::Tagset,3.20
perl:5.34,vary-two,DateTime,,Test::Simple,1.302195,HTML::Tagset,3.24
perl:5.34,vary-two,DateTime,,Test::Simple,1.302195,HTML::Parser,3.81
perl:5.34,vary-two,DateTime,,Test::Simple,1.302195,HTML::Parser,3.83
perl:5.34,vary-two,DateTime,,Test::Simple,1.302195,JSON,4.10
perl:5.34,vary-two,DateTime,,Test::Simple,1.302195,JSON,4.11
perl:5.34,vary-two,DateTime,,Test::Simple,1.302195,JSON::PP,4.16
perl:5.34,vary-two,DateTime,,Test::Simple,1.302195,JSON::PP,4.17
perl:5.34,vary-two,DateTime,,Test::Simple,1.302195,Cpanel::JSON::XS,4.35
perl:5.34,vary-two,DateTime,,Test::Simple,1.302195,Cpanel::JSON::XS,4.39
perl:5.34,vary-two,DateTime,,Test::Simple,1.302195,Types::Serialiser,1.01
perl:5.34,vary-two,DateTime,,Test::Simple,1.302195,common::sense,3.75
perl:5.34,vary-two,DateTime,,Test::Simple,1.302195,B::Hooks::EndOfScope,0.26
perl:5.34,vary-two,DateTime,,Test::Simple,1.302195,B::Hooks::EndOfScope,0.28
perl:5.34,vary-two,DateTime,,Test::Simple,1.302195,Sub::Exporter,0.989
perl:5.34,vary-two,DateTime,,Test::Simple,1.302195,Sub::Exporter,0.991
perl:5.34,vary-two,DateTime,,Test::Simple,1.302195,Sub::Identify,0.14
perl:5.34,vary-two,DateTime,,Test::Simple,1.302195,Sub::Quote,2.006006
perl:5.34,vary-two,DateTime,,Test::Simple,1.302195,Sub::Quote,2.006008
perl:5.34,vary-two,DateTime,,Test::Simple,1.302195,Class::Method::Modifiers,2.15
perl:5.34,vary-two,DateTime,,Test::Simple,1.302195,Role::Tiny,2.002004
perl:5.34,vary-two,DateTime,,Test::Simple,1.302195,Role::Tiny,2.002005
perl:5.34,vary-two,DateTime,,Test::Simple,1.302195,Devel::StackTrace,2.04
perl:5.34,vary-two,DateTime,,Test::Simple,1.302195,Devel::StackTrace,2.05
perl:5.34,vary-two,DateTime,,Test::Simple,1.302195,Eval::Closure,0.14
perl:5.34,vary-two,DateTime,,Test::Simple,1.302195,Package::Stash,0.39
perl:5.34,vary-two,DateTime,,Test::Simple,1.302195,Package::Stash,0.40
perl:5.34,vary-two,DateTime,,Test::Simple,1.302195,Params::Util,1.102
perl:5.34,vary-two,DateTime,,Test::Simple,1.302195,Data::OptList,0.114
perl:5.34,vary-two,DateTime,,Test::Simple,1.302195,MRO::Compat,0.15
perl:5.34,vary-two,DateTime,,Test::Simple,1.302195,Exporter::Tiny,1.006002
perl:5.34,vary-two,DateTime,,Test::Simple,1.302195,Exporter::Tiny,1.006003
perl:5.34,vary-two,DateTime,,Test::Simple,1.302195,List::Util,1.63
perl:5.34,vary-two,DateTime,,Test::Simple,1.302195,List::Util,1.64
perl:5.34,vary-two,DateTime,,Test::Simple,1.302195,Scalar::List::Utils,1.63
perl:5.34,vary-two,DateTime,,Test::Simple,1.302195,Scalar::List::Utils,1.64
perl:5.34,vary-two,DateTime,,Test::Simple,1.302195,XSLoader,0.32
perl:5.34,vary-two,DateTime,,Test::Simple,1.302195,Carp,1.50
perl:5.34,vary-two,DateTime,,Test::Simple,1.302195,Carp,1.52
perl:5.34,vary-two,DateTime,,Test::Simple,1.302195,File::Temp,0.2311
perl:5.34,vary-two,DateTime,,Test::Simple,1.302195,File::Spec,3.88
perl:5.34,vary-two,DateTime,,Test::Simple,1.302195,ExtUtils::MakeMaker,7.70
perl:5.34,vary-two,DateTime,,Test::Simple,1.302195,ExtUtils::MakeMaker,7.76
perl:5.34,vary-two,DateTime,,Test::Simple,1.302195,Module::Build,0.4234
perl:5.34,vary-two,DateTime,,Test::Simple,1.302195,CPAN::Meta,2.150010
perl:5.34,vary-two,DateTime,,Test::Simple,1.302195,CPAN::Meta::Requirements,2.143
perl:5.34,vary-two,DateTime,,Test::Simple,1.302195,Parse::CPAN::Meta,2.150010
perl:5.34,vary-two,DateTime,,Test::Simple,1.302195,YAML::Tiny,1.76
perl:5.34,vary-two,DateTime,,Test::Simple,1.302195,YAML::Tiny,1.77
perl:5.34,vary-two,DateTime,,Test::Simple,1.302195,Path::Tiny,0.144
perl:5.34,vary-two,DateTime,,Test::Simple,1.302195,Path::Tiny,0.150
perl:5.34,vary-two,DateTime,,Test::Simple,1.302195,Capture::Tiny,0.48
perl:5.34,vary-two,DateTime,,Test::Simple,1.302195,File::Slurp,9999.32
perl:5.34,vary-two,DateTime,,Test::Simple,1.302195,DBI,1.643
perl:5.34,vary-two,DateTime,,Test::Simple,1.302195,DBI,1.647
perl:5.34,vary-two,DateTime,,Test::Simple,1.302195,Plack,1.0050
perl:5.34,vary-two,DateTime,,Test::Simple,1.302195,Template,3.101
perl:5.34,vary-two,DateTime,,Test::Simple,1.302204,URI,5.21
perl:5.34,vary-two,DateTime,,Test::Simple,1.302204,URI,5.28
perl:5.34,vary-two,DateTime,,Test::Simple,1.302204,HTTP::Message,6.44
perl:5.34,vary-two,DateTime,,Test::Simple,1.302204,HTTP::Message,6.46
perl:5.34,vary-two,DateTime,,Test::Simple,1.302204,HTTP::Date,6.05
perl:5.34,vary-two,DateTime,,Test::Simple,1.302204,HTTP::Date,6.06
perl:5.34,vary-two,DateTime,,Test::Simple,1.302204,Net::HTTP,6.22
perl:5.34,vary-two,DateTime,,Test::Simple,1.302204,Net::HTTP,6.23
perl:5.34,vary-two,DateTime,,Test::Simple,1.302204,HTML::Tagset,3.20
perl:5.34,vary-two,DateTime,,Test::Simple,1.302204,HTML::Tagset,3.24
perl:5.34,vary-two,DateTime,,Test::Simple,1.302204,HTML::Parser,3.81
perl:5.34,vary-two,DateTime,,Test::Simple,1.302204,HTML::Parser,3.83
perl:5.34,vary-two,DateTime,,Test::Simple,1.302204,JSON,4.10
perl:5.34,vary-two,DateTime,,Test::Simple,1.302204,JSON,4.11
perl:5.34,vary-two,DateTime,,Test::Simple,1.302204,JSON::PP,4.16
perl:5.34,vary-two,DateTime,,Test::Simple,1.302204,JSON::PP,4.17
perl:5.34,vary-two,DateTime,,Test::Simple,1.302204,Cpanel::JSON::XS,4.35
perl:5.34,vary-two,DateTime,,Test::Simple,1.302204,Cpanel::JSON::XS,4.39
perl:5.34,vary-two,DateTime,,Test::Simple,1.302204,Types::Serialiser,1.01
perl:5.34,vary-two,DateTime,,Test::Simple,1.302204,common::sense,3.75
perl:5.34,vary-two,DateTime,,Test::Simple,1.302204,B::Hooks::EndOfScope,0.26
perl:5.34,vary-two,DateTime,,Test::Simple,1.302204,B::Hooks::EndOfScope,0.28
perl:5.34,vary-two,DateTime,,Test::Simple,1.302204,Sub::Exporter,0.989
perl:5.34,vary-two,DateTime,,Test::Simple,1.302204,Sub::Exporter,0.991
perl:5.34,vary-two,DateTime,,Test::Simple,1.302204,Sub::Identify,0.14
perl:5.34,vary-two,DateTime,,Test::Simple,1.302204,Sub::Quote,2.006006
perl:5.34,vary-two,DateTime,,Test::Simple,1.302204,Sub::Quote,2.006008
perl:5.34,vary-two,DateTime,,Test::Simple,1.302204,Class::Method::Modifiers,2.15
perl:5.34,vary-two,DateTime,,Test::Simple,1.302204,Role::Tiny,2.002004
perl:5.34,vary-two,DateTime,,Test::Simple,1.302204,Role::Tiny,2.002005
perl:5.34,vary-two,DateTime,,Test::Simple,1.302204,Devel::StackTrace,2.04
perl:5.34,vary-two,DateTime,,Test::Simple,1.302204,Devel::StackTrace,2.05
perl:5.34,vary-two,DateTime,,Test::Simple,1.302204,Eval::Closure,0.14
perl:5.34,vary-two,DateTime,,Test::Simple,1.302204,Package::Stash,0.39
perl:5.34,vary-two,DateTime,,Test::Simple,1.302204,Package::Stash,0.40
perl:5.34,vary-two,DateTime,,Test::Simple,1.302204,Params::Util,1.102
perl:5.34,vary-two,DateTime,,Test::Simple,1.302204,Data::OptList,0.114
perl:5.34,vary-two,DateTime,,Test::Simple,1.302204,MRO::Compat,0.15
perl:5.34,vary-two,DateTime,,Test::Simple,1.302204,Exporter::Tiny,1.006002
perl:5.34,vary-two,DateTime,,Test::Simple,1.302204,Exporter::Tiny,1.006003
perl:5.34,vary-two,DateTime,,Test::Simple,1.302204,List::Util,1.63
perl:5.34,vary-two,DateTime,,Test::Simple,1.302204,List::Util,1.64
perl:5.34,vary-two,DateTime,,Test::Simple,1.302204,Scalar::List::Utils,1.63
perl:5.34,vary-two,DateTime,,Test::Simple,1.302204,Scalar::List::Utils,1.64
perl:5.34,vary-two,DateTime,,Test::Simple,1.302204,XSLoader,0.32
perl:5.34,vary-two,DateTime,,Test::Simple,1.302204,Carp,1.50
perl:5.34,vary-two,DateTime,,Test::Simple,1.302204,Carp,1.52
perl:5.34,vary-two,DateTime,,Test::Simple,1.302204,File::Temp,0.2311
perl:5.34,vary-two,DateTime,,Test::Simple,1.302204,File::Spec,3.88
perl:5.34,vary-two,DateTime,,Test::Simple,1.302204,ExtUtils::MakeMaker,7.70
perl:5.34,vary-two,DateTime,,Test::Simple,1.302204,ExtUtils::MakeMaker,7.76
perl:5.34,vary-two,DateTime,,Test::Simple,1.302204,Module::Build,0.4234
perl:5.34,vary-two,DateTime,,Test::Simple,1.302204,CPAN::Meta,2.150010
perl:5.34,vary-two,DateTime,,Test::Simple,1.302204,CPAN::Meta::Requirements,2.143
perl:5.34,vary-two,DateTime,,Test::Simple,1.302204,Parse::CPAN::Meta,2.150010
perl:5.34,vary-two,DateTime,,Test::Simple,1.302204,YAML::Tiny,1.76
perl:5.34,vary-two,DateTime,,Test::Simple,1.302204,YAML::Tiny,1.77
perl:5.34,vary-two,DateTime,,Test::Simple,1.302204,Path::Tiny,0.144
perl:5.34,vary-two,DateTime,,Test::Simple,1.302204,Path::Tiny,0.150
perl:5.34,vary-two,DateTime,,Test::Simple,1.302204,Capture::Tiny,0.48
perl:5.34,vary-two,DateTime,,Test::Simple,1.302204,File::Slurp,9999.32
perl:5.34,vary-two,DateTime,,Test::Simple,1.302204,DBI,1.643
perl:5.34,vary-two,DateTime,,Test::Simple,1.302204,DBI,1.647
perl:5.34,vary-two,DateTime,,Test::Simple,1.302204,Plack,1.0050
perl:5.34,vary-two,DateTime,,Test::Simple,1.302204,Template,3.101
perl:5.34,vary-two,DateTime,,URI,5.21,HTTP::Message,6.44
perl:5.34,vary-two,DateTime,,URI,5.21,HTTP::Message,6.46
perl:5.34,vary-two,DateTime,,URI,5.21,HTTP::Date,6.05
perl:5.34,vary-two,DateTime,,URI,5.21,HTTP::Date,6.06
perl:5.34,vary-two,DateTime,,URI,5.21,Net::HTTP,6.22
perl:5.34,vary-two,DateTime,,URI,5.21,Net::HTTP,6.23
perl:5.34,vary-two,DateTime,,URI,5.21,HTML::Tagset,3.20
perl:5.34,vary-two,DateTime,,URI,5.21,HTML::Tagset,3.24
perl:5.34,vary-two,DateTime,,URI,5.21,HTML::Parser,3.81
perl:5.34,vary-two,DateTime,,URI,5.21,HTML::Parser,3.83
perl:5.34,vary-two,DateTime,,URI,5.21,JSON,4.10
perl:5.34,vary-two,DateTime,,URI,5.21,JSON,4.11
perl:5.34,vary-two,DateTime,,URI,5.21,JSON::PP,4.16
perl:5.34,vary-two,DateTime,,URI,5.21,JSON::PP,4.17
perl:5.34,vary-two,DateTime,,URI,5.21,Cpanel::JSON::XS,4.35
perl:5.34,vary-two,DateTime,,URI,5.21,Cpanel::JSON::XS,4.39
perl:5.34,vary-two,DateTime,,URI,5.21,Types::Serialiser,1.01
perl:5.34,vary-two,DateTime,,URI,5.21,common::sense,3.75
perl:5.34,vary-two,DateTime,,URI,5.21,B::Hooks::EndOfScope,0.26
perl:5.34,vary-two,DateTime,,URI,5.21,B::Hooks::EndOfScope,0.28
perl:5.34,vary-two,DateTime,,URI,5.21,Sub::Exporter,0.989
perl:5.34,vary-two,DateTime,,URI,5.21,Sub::Exporter,0.991
perl:5.34,vary-two,DateTime,,URI,5.21,Sub::Identify,0.14
perl:5.34,vary-two,DateTime,,URI,5.21,Sub::Quote,2.006006
perl:5.34,vary-two,DateTime,,URI,5.21,Sub::Quote,2.006008
perl:5.34,vary-two,DateTime,,URI,5.21,Class::Method::Modifiers,2.15
perl:5.34,vary-two,DateTime,,URI,5.21,Role::Tiny,2.002004
perl:5.34,vary-two,DateTime,,URI,5.21,Role::Tiny,2.002005
perl:5.34,vary-two,DateTime,,URI,5.21,Devel::StackTrace,2.04
perl:5.34,vary-two,DateTime,,URI,5.21,Devel::StackTrace,2.05
perl:5.34,vary-two,DateTime,,URI,5.21,Eval::Closure,0.14
perl:5.34,vary-two,DateTime,,URI,5.21,Package::Stash,0.39
perl:5.34,vary-two,DateTime,,URI,5.21,Package::Stash,0.40
perl:5.34,vary-two,DateTime,,URI,5.21,Params::Util,1.102
perl:5.34,vary-two,DateTime,,URI,5.21,Data::OptList,0.114
perl:5.34,vary-two,DateTime,,URI,5.21,MRO::Compat,0.15
perl:5.34,vary-two,DateTime,,URI,5.21,Exporter::Tiny,1.006002
perl:5.34,vary-two,DateTime,,URI,5.21,Exporter::Tiny,1.006003
perl:5.34,vary-two,DateTime,,URI,5.21,List::Util,1.63
perl:5.34,vary-two,DateTime,,URI,5.21,List::Util,1.64
perl:5.34,vary-two,DateTime,,URI,5.21,Scalar::List::Utils,1.63
perl:5.34,vary-two,DateTime,,URI,5.21,Scalar::List::Utils,1.64
perl:5.34,vary-two,DateTime,,URI,5.21,XSLoader,0.32
perl:5.34,vary-two,DateTime,,URI,5.21,Carp,1.50
perl:5.34,vary-two,DateTime,,URI,5.21,Carp,1.52
perl:5.34,vary-two,DateTime,,URI,5.21,File::Temp,0.2311
perl:5.34,vary-two,DateTime,,URI,5.21,File::Spec,3.88
perl:5.34,vary-two,DateTime,,URI,5.21,ExtUtils::MakeMaker,7.70
perl:5.34,vary-two,DateTime,,URI,5.21,ExtUtils::MakeMaker,7.76
perl:5.34,vary-two,DateTime,,URI,5.21,Module::Build,0.4234
perl:5.34,vary-two,DateTime,,URI,5.21,CPAN::Meta,2.150010
perl:5.34,vary-two,DateTime,,URI,5.21,CPAN::Meta::Requirements,2.143
perl:5.34,vary-two,DateTime,,URI,5.21,Parse::CPAN::Meta,2.150010
perl:5.34,vary-two,DateTime,,URI,5.21,YAML::Tiny,1.76
perl:5.34,vary-two,DateTime,,URI,5.21,YAML::Tiny,1.77
perl:5.34,vary-two,DateTime,,URI,5.21,Path::Tiny,0.144
perl:5.34,vary-two,DateTime,,URI,5.21,Path::Tiny,0.150
perl:5.34,vary-two,DateTime,,URI,5.21,Capture::Tiny,0.48
perl:5.34,vary-two,DateTime,,URI,5.21,File::Slurp,9999.32
perl:5.34,vary-two,DateTime,,URI,5.21,DBI,1.643
perl:5.34,vary-two,DateTime,,URI,5.21,DBI,1.647
perl:5.34,vary-two,DateTime,,URI,5.21,Plack,1.0050
perl:5.34,vary-two,DateTime,,URI,5.21,Template,3.101
perl:5.34,vary-two,DateTime,,URI,5.28,HTTP::Message,6.44
perl:5.34,vary-two,DateTime,,URI,5.28,HTTP::Message,6.46
perl:5.34,vary-two,DateTime,,URI,5.28,HTTP::Date,6.05
perl:5.34,vary-two,DateTime,,URI,5.28,HTTP::Date,6.06
perl:5.34,vary-two,DateTime,,URI,5.28,Net::HTTP,6.22
perl:5.34,vary-two,DateTime,,URI,5.28,Net::HTTP,6.23
perl:5.34,vary-two,DateTime,,URI,5.28,HTML::Tagset,3.20
perl:5.34,vary-two,DateTime,,URI,5.28,HTML::Tagset,3.24
perl:5.34,vary-two,DateTime,,URI,5.28,HTML::Parser,3.81
perl:5.34,vary-two,DateTime,,URI,5.28,HTML::Parser,3.83
perl:5.34,vary-two,DateTime,,URI,5.28,JSON,4.10
perl:5.34,vary-two,DateTime,,URI,5.28,JSON,4.11
perl:5.34,vary-two,DateTime,,URI,5.28,JSON::PP,4.16
perl:5.34,vary-two,DateTime,,URI,5.28,JSON::PP,4.17
perl:5.34,vary-two,DateTime,,URI,5.28,Cpanel::JSON::XS,4.35
perl:5.34,vary-two,DateTime,,URI,5.28,Cpanel::JSON::XS,4.39
perl:5.34,vary-two,DateTime,,URI,5.28,Types::Serialiser,1.01
perl:5.34,vary-two,DateTime,,URI,5.28,common::sense,3.75
perl:5.34,vary-two,DateTime,,URI,5.28,B::Hooks::EndOfScope,0.26
perl:5.34,vary-two,DateTime,,URI,5.28,B::Hooks::EndOfScope,0.28
perl:5.34,vary-two,DateTime,,URI,5.28,Sub::Exporter,0.989
perl:5.34,vary-two,DateTime,,URI,5.28,Sub::Exporter,0.991
perl:5.34,vary-two,DateTime,,URI,5.28,Sub::Identify,0.14
perl:5.34,vary-two,DateTime,,URI,5.28,Sub::Quote,2.006006
perl:5.34,vary-two,DateTime,,URI,5.28,Sub::Quote,2.006008
perl:5.34,vary-two,DateTime,,URI,5.28,Class::Method::Modifiers,2.15
perl:5.34,vary-two,DateTime,,URI,5.28,Role::Tiny,2.002004
perl:5.34,vary-two,DateTime,,URI,5.28,Role::Tiny,2.002005
perl:5.34,vary-two,DateTime,,URI,5.28,Devel::StackTrace,2.04
perl:5.34,vary-two,DateTime,,URI,5.28,Devel::StackTrace,2.05
perl:5.34,vary-two,DateTime,,URI,5.28,Eval::Closure,0.14
perl:5.34,vary-two,DateTime,,URI,5.28,Package::Stash,0.39
perl:5.34,vary-two,DateTime,,URI,5.28,Package::Stash,0.40
perl:5.34,vary-two,DateTime,,URI,5.28,Params::Util,1.102
perl:5.34,vary-two,DateTime,,URI,5.28,Data::OptList,0.114
perl:5.34,vary-two,DateTime,,URI,5.28,MRO::Compat,0.15
perl:5.34,vary-two,DateTime,,URI,5.28,Exporter::Tiny,1.006002
perl:5.34,vary-two,DateTime,,URI,5.28,Exporter::Tiny,1.006003
perl:5.34,vary-two,DateTime,,URI,5.28,List::Util,1.63
perl:5.34,vary-two,DateTime,,URI,5.28,List::Util,1.64
perl:5.34,vary-two,DateTime,,URI,5.28,Scalar::List::Utils,1.63
perl:5.34,vary-two,DateTime,,URI,5.28,Scalar::List::Utils,1.64
perl:5.34,vary-two,DateTime,,URI,5.28,XSLoader,0.32
perl:5.34,vary-two,DateTime,,URI,5.28,Carp,1.50
perl:5.34,vary-two,DateTime,,URI,5.28,Carp,1.52
perl:5.34,vary-two,DateTime,,URI,5.28,File::Temp,0.2311
perl:5.34,vary-two,DateTime,,URI,5.28,File::Spec,3.88
perl:5.34,vary-two,DateTime,,URI,5.28,ExtUtils::MakeMaker,7.70
perl:5.34,vary-two,DateTime,,URI,5.28,ExtUtils::MakeMaker,7.76
perl:5.34,vary-two,DateTime,,URI,5.28,Module::Build,0.4234
perl:5.34,vary-two,DateTime,,URI,5.28,CPAN::Meta,2.150010
perl:5.34,vary-two,DateTime,,URI,5.28,CPAN::Meta::Requirements,2.143
perl:5.34,vary-two,DateTime,,URI,5.28,Parse::CPAN::Meta,2.150010
perl:5.34,vary-two,DateTime,,URI,5.28,YAML::Tiny,1.76
perl:5.34,vary-two,DateTime,,URI,5.28,YAML::Tiny,1.77
perl:5.34,vary-two,DateTime,,URI,5.28,Path::Tiny,0.144
perl:5.34,vary-two,DateTime,,URI,5.28,Path::Tiny,0.150
perl:5.34,vary-two,DateTime,,URI,5.28,Capture::Tiny,0.48
perl:5.34,vary-two,DateTime,,URI,5.28,File::Slurp,9999.32
perl:5.34,vary-two,DateTime,,URI,5.28,DBI,1.643
perl:5.34,vary-two,DateTime,,URI,5.28,DBI,1.647
perl:5.34,vary-two,DateTime,,URI,5.28,Plack,1.0050
perl:5.34,vary-two,DateTime,,URI,5.28,Template,3.101
perl:5.34,vary-two,DateTime,,HTTP::Message,6.44,HTTP::Date,6.05
perl:5.34,vary-two,DateTime,,HTTP::Message,6.44,HTTP::Date,6.06
perl:5.34,vary-two,DateTime,,HTTP::Message,6.44,Net::HTTP,6.22
perl:5.34,vary-two,DateTime,,HTTP::Message,6.44,Net::HTTP,6.23
perl:5.34,vary-two,DateTime,,HTTP::Message,6.44,HTML::Tagset,3.20
perl:5.34,vary-two,DateTime,,HTTP::Message,6.44,HTML::Tagset,3.24
perl:5.34,vary-two,DateTime,,HTTP::Message,6.44,HTML::Parser,3.81
perl:5.34,vary-two,DateTime,,HTTP::Message,6.44,HTML::Parser,3.83
perl:5.34,vary-two,DateTime,,HTTP::Message,6.44,JSON,4.10
perl:5.34,vary-two,DateTime,,HTTP::Message,6.44,JSON,4.11
perl:5.34,vary-two,DateTime,,HTTP::Message,6.44,JSON::PP,4.16
perl:5.34,vary-two,DateTime,,HTTP::Message,6.44,JSON::PP,4.17
perl:5.34,vary-two,DateTime,,HTTP::Message,6.44,Cpanel::JSON::XS,4.35
perl:5.34,vary-two,DateTime,,HTTP::Message,6.44,Cpanel::JSON::XS,4.39
perl:5.34,vary-two,DateTime,,HTTP::Message,6.44,Types::Serialiser,1.01
perl:5.34,vary-two,DateTime,,HTTP::Message,6.44,common::sense,3.75
perl:5.34,vary-two,DateTime,,HTTP::Message,6.44,B::Hooks::EndOfScope,0.26
perl:5.34,vary-two,DateTime,,HTTP::Message,6.44,B::Hooks::EndOfScope,0.28
perl:5.34,vary-two,DateTime,,HTTP::Message,6.44,Sub::Exporter,0.989
perl:5.34,vary-two,DateTime,,HTTP::Message,6.44,Sub::Exporter,0.991
perl:5.34,vary-two,DateTime,,HTTP::Message,6.44,Sub::Identify,0.14
perl:5.34,vary-two,DateTime,,HTTP::Message,6.44,Sub::Quote,2.006006
perl:5.34,vary-two,DateTime,,HTTP::Message,6.44,Sub::Quote,2.006008
perl:5.34,vary-two,DateTime,,HTTP::Message,6.44,Class::Method::Modifiers,2.15
perl:5.34,vary-two,DateTime,,HTTP::Message,6.44,Role::Tiny,2.002004
perl:5.34,vary-two,DateTime,,HTTP::Message,6.44,Role::Tiny,2.002005
perl:5.34,vary-two,DateTime,,HTTP::Message,6.44,Devel::StackTrace,2.04
perl:5.34,vary-two,DateTime,,HTTP::Message,6.44,Devel::StackTrace,2.05
perl:5.34,vary-two,DateTime,,HTTP::Message,6.44,Eval::Closure,0.14
perl:5.34,vary-two,DateTime,,HTTP::Message,6.44,Package::Stash,0.39
perl:5.34,vary-two,DateTime,,HTTP::Message,6.44,Package::Stash,0.40
perl:5.34,vary-two,DateTime,,HTTP::Message,6.44,Params::Util,1.102
perl:5.34,vary-two,DateTime,,HTTP::Message,6.44,Data::OptList,0.114
perl:5.34,vary-two,DateTime,,HTTP::Message,6.44,MRO::Compat,0.15
perl:5.34,vary-two,DateTime,,HTTP::Message,6.44,Exporter::Tiny,1.006002
perl:5.34,vary-two,DateTime,,HTTP::Message,6.44,Exporter::Tiny,1.006003
perl:5.34,vary-two,DateTime,,HTTP::Message,6.44,List::Util,1.63
perl:5.34,vary-two,DateTime,,HTTP::Message,6.44,List::Util,1.64
perl:5.34,vary-two,DateTime,,HTTP::Message,6.44,Scalar::List::Utils,1.63
perl:5.34,vary-two,DateTime,,HTTP::Message,6.44,Scalar::List::Utils,1.64
perl:5.34,vary-two,DateTime,,HTTP::Message,6.44,XSLoader,0.32
perl:5.34,vary-two,DateTime,,HTTP::Message,6.44,Carp,1.50
perl:5.34,vary-two,DateTime,,HTTP::Message,6.44,Carp,1.52
perl:5.34,vary-two,DateTime,,HTTP::Message,6.44,File::Temp,0.2311
perl:5.34,vary-two,DateTime,,HTTP::Message,6.44,File::Spec,3.88
perl:5.34,vary-two,DateTime,,HTTP::Message,6.44,ExtUtils::MakeMaker,7.70
perl:5.34,vary-two,DateTime,,HTTP::Message,6.44,ExtUtils::MakeMaker,7.76
perl:5.34,vary-two,DateTime,,HTTP::Message,6.44,Module::Build,0.4234
perl:5.34,vary-two,DateTime,,HTTP::Message,6.44,CPAN::Meta,2.150010
perl:5.34,vary-two,DateTime,,HTTP::Message,6.44,CPAN::Meta::Requirements,2.143
perl:5.34,vary-two,DateTime,,HTTP::Message,6.44,Parse::CPAN::Meta,2.150010
perl:5.34,vary-two,DateTime,,HTTP::Message,6.44,YAML::Tiny,1.76
perl:5.34,vary-two,DateTime,,HTTP::Message,6.44,YAML::Tiny,1.77
perl:5.34,vary-two,DateTime,,HTTP::Message,6.44,Path::Tiny,0.144
perl:5.34,vary-two,DateTime,,HTTP::Message,6.44,Path::Tiny,0.150
perl:5.34,vary-two,DateTime,,HTTP::Message,6.44,Capture::Tiny,0.48
perl:5.34,vary-two,DateTime,,HTTP::Message,6.44,File::Slurp,9999.32
perl:5.34,vary-two,DateTime,,HTTP::Message,6.44,DBI,1.643
perl:5.34,vary-two,DateTime,,HTTP::Message,6.44,DBI,1.647
perl:5.34,vary-two,DateTime,,HTTP::Message,6.44,Plack,1.0050
perl:5.34,vary-two,DateTime,,HTTP::Message,6.44,Template,3.101
perl:5.34,vary-two,DateTime,,HTTP::Message,6.46,HTTP::Date,6.05
perl:5.34,vary-two,DateTime,,HTTP::Message,6.46,HTTP::Date,6.06
perl:5.34,vary-two,DateTime,,HTTP::Message,6.46,Net::HTTP,6.22
perl:5.34,vary-two,DateTime,,HTTP::Message,6.46,Net::HTTP,6.23
perl:5.34,vary-two,DateTime,,HTTP::Message,6.46,HTML::Tagset,3.20
perl:5.34,vary-two,DateTime,,HTTP::Message,6.46,HTML::Tagset,3.24
perl:5.34,vary-two,DateTime,,HTTP::Message,6.46,HTML::Parser,3.81
perl:5.34,vary-two,DateTime,,HTTP::Message,6.46,HTML::Parser,3.83
perl:5.34,vary-two,DateTime,,HTTP::Message,6.46,JSON,4.10
perl:5.34,vary-two,DateTime,,HTTP::Message,6.46,JSON,4.11
perl:5.34,vary-two,DateTime,,HTTP::Message,6.46,JSON::PP,4.16
perl:5.34,vary-two,DateTime,,HTTP::Message,6.46,JSON::PP,4.17
perl:5.34,vary-two,DateTime,,HTTP::Message,6.46,Cpanel::JSON::XS,4.35
perl:5.34,vary-two,DateTime,,HTTP::Message,6.46,Cpanel::JSON::XS,4.39
perl:5.34,vary-two,DateTime,,HTTP::Message,6.46,Types::Serialiser,1.01
perl:5.34,vary-two,DateTime,,HTTP::Message,6.46,common::sense,3.75
perl:5.34,vary-two,DateTime,,HTTP::Message,6.46,B::Hooks::EndOfScope,0.26
perl:5.34,vary-two,DateTime,,HTTP::Message,6.46,B::Hooks::EndOfScope,0.28
perl:5.34,vary-two,DateTime,,HTTP::Message,6.46,Sub::Exporter,0.989
perl:5.34,vary-two,DateTime,,HTTP::Message,6.46,Sub::Exporter,0.991
perl:5.34,vary-two,DateTime,,HTTP::Message,6.46,Sub::Identify,0.14
perl:5.34,vary-two,DateTime,,HTTP::Message,6.46,Sub::Quote,2.006006
perl:5.34,vary-two,DateTime,,HTTP::Message,6.46,Sub::Quote,2.006008
perl:5.34,vary-two,DateTime,,HTTP::Message,6.46,Class::Method::Modifiers,2.15
perl:5.34,vary-two,DateTime,,HTTP::Message,6.46,Role::Tiny,2.002004
perl:5.34,vary-two,DateTime,,HTTP::Message,6.46,Role::Tiny,2.002005
perl:5.34,vary-two,DateTime,,HTTP::Message,6.46,Devel::StackTrace,2.04
perl:5.34,vary-two,DateTime,,HTTP::Message,6.46,Devel::StackTrace,2.05
perl:5.34,vary-two,DateTime,,HTTP::Message,6.46,Eval::Closure,0.14
perl:5.34,vary-two,DateTime,,HTTP::Message,6.46,Package::Stash,0.39
perl:5.34,vary-two,DateTime,,HTTP::Message,6.46,Package::Stash,0.40
perl:5.34,vary-two,DateTime,,HTTP::Message,6.46,Params::Util,1.102
perl:5.34,vary-two,DateTime,,HTTP::Message,6.46,Data::OptList,0.114
perl:5.34,vary-two,DateTime,,HTTP::Message,6.46,MRO::Compat,0.15
perl:5.34,vary-two,DateTime,,HTTP::Message,6.46,Exporter::Tiny,1.006002
perl:5.34,vary-two,DateTime,,HTTP::Message,6.46,Exporter::Tiny,1.006003
perl:5.34,vary-two,DateTime,,HTTP::Message,6.46,List::Util,1.63
perl:5.34,vary-two,DateTime,,HTTP::Message,6.46,List::Util,1.64
perl:5.34,vary-two,DateTime,,HTTP::Message,6.46,Scalar::List::Utils,1.63
perl:5.34,vary-two,DateTime,,HTTP::Message,6.46,Scalar::List::Utils,1.64
perl:5.34,vary-two,DateTime,,HTTP::Message,6.46,XSLoader,0.32
perl:5.34,vary-two,DateTime,,HTTP::Message,6.46,Carp,1.50
perl:5.34,vary-two,DateTime,,HTTP::Message,6.46,Carp,1.52
perl:5.34,vary-two,DateTime,,HTTP::Message,6.46,File::Temp,0.2311
perl:5.34,vary-two,DateTime,,HTTP::Message,6.46,File::Spec,3.88
perl:5.34,vary-two,DateTime,,HTTP::Message,6.46,ExtUtils::MakeMaker,7.70
perl:5.34,vary-two,DateTime,,HTTP::Message,6.46,ExtUtils::MakeMaker,7.76
perl:5.34,vary-two,DateTime,,HTTP::Message,6.46,Module::Build,0.4234
perl:5.34,vary-two,DateTime,,HTTP::Message,6.46,CPAN::Meta,2.150010
perl:5.34,vary-two,DateTime,,HTTP::Message,6.46,CPAN::Meta::Requirements,2.143
perl:5.34,vary-two,DateTime,,HTTP::Message,6.46,Parse::CPAN::Meta,2.150010
perl:5.34,vary-two,DateTime,,HTTP::Message,6.46,YAML::Tiny,1.76
perl:5.34,vary-two,DateTime,,HTTP::Message,6.46,YAML::Tiny,1.77
perl:5.34,vary-two,DateTime,,HTTP::Message,6.46,Path::Tiny,0.144
perl:5.34,vary-two,DateTime,,HTTP::Message,6.46,Path::Tiny,0.150
perl:5.34,vary-two,DateTime,,HTTP::Message,6.46,Capture::Tiny,0.48
perl:5.34,vary-two,DateTime,,HTTP::Message,6.46,File::Slurp,9999.32
perl:5.34,vary-two,DateTime,,HTTP::Message,6.46,DBI,1.643
perl:5.34,vary-two,DateTime,,HTTP::Message,6.46,DBI,1.647
perl:5.34,vary-two,DateTime,,HTTP::Message,6.46,Plack,1.0050
perl:5.34,vary-two,DateTime,,HTTP::Message,6.46,Template,3.101
perl:5.34,vary-two,DateTime,,HTTP::Date,6.05,Net::HTTP,6.22
perl:5.34,vary-two,DateTime,,HTTP::Date,6.05,Net::HTTP,6.23
perl:5.34,vary-two,DateTime,,HTTP::Date,6.05,HTML::Tagset,3.20
perl:5.34,vary-two,DateTime,,HTTP::Date,6.05,HTML::Tagset,3.24
perl:5.34,vary-two,DateTime,,HTTP::Date,6.05,HTML::Parser,3.81
perl:5.34,vary-two,DateTime,,HTTP::Date,6.05,HTML::Parser,3.83
perl:5.34,vary-two,DateTime,,HTTP::Date,6.05,JSON,4.10
perl:5.34,vary-two,DateTime,,HTTP::Date,6.05,JSON,4.11
perl:5.34,vary-two,DateTime,,HTTP::Date,6.05,JSON::PP,4.16
perl:5.34,vary-two,DateTime,,HTTP::Date,6.05,JSON::PP,4.17
perl:5.34,vary-two,DateTime,,HTTP::Date,6.05,Cpanel::JSON::XS,4.35
perl:5.34,vary-two,DateTime,,HTTP::Date,6.05,Cpanel::JSON::XS,4.39
perl:5.34,vary-two,DateTime,,HTTP::Date,6.05,Types::Serialiser,1.01
perl:5.34,vary-two,DateTime,,HTTP::Date,6.05,common::sense,3.75
perl:5.34,vary-two,DateTime,,HTTP::Date,6.05,B::Hooks::EndOfScope,0.26
perl:5.34,vary-two,DateTime,,HTTP::Date,6.05,B::Hooks::EndOfScope,0.28
perl:5.34,vary-two,DateTime,,HTTP::Date,6.05,Sub::Exporter,0.989
perl:5.34,vary-two,DateTime,,HTTP::Date,6.05,Sub::Exporter,0.991
perl:5.34,vary-two,DateTime,,HTTP::Date,6.05,Sub::Identify,0.14
perl:5.34,vary-two,DateTime,,HTTP::Date,6.05,Sub::Quote,2.006006
perl:5.34,vary-two,DateTime,,HTTP::Date,6.05,Sub::Quote,2.006008
perl:5.34,vary-two,DateTime,,HTTP::Date,6.05,Class::Method::Modifiers,2.15
perl:5.34,vary-two,DateTime,,HTTP::Date,6.05,Role::Tiny,2.002004
perl:5.34,vary-two,DateTime,,HTTP::Date,6.05,Role::Tiny,2.002005
perl:5.34,vary-two,DateTime,,HTTP::Date,6.05,Devel::StackTrace,2.04
perl:5.34,vary-two,DateTime,,HTTP::Date,6.05,Devel::StackTrace,2.05
perl:5.34,vary-two,DateTime,,HTTP::Date,6.05,Eval::Closure,0.14
perl:5.34,vary-two,DateTime,,HTTP::Date,6.05,Package::Stash,0.39
perl:5.34,vary-two,DateTime,,HTTP::Date,6.05,Package::Stash,0.40
perl:5.34,vary-two,DateTime,,HTTP::Date,6.05,Params::Util,1.102
perl:5.34,vary-two,DateTime,,HTTP::Date,6.05,Data::OptList,0.114
perl:5.34,vary-two,DateTime,,HTTP::Date,6.05,MRO::Compat,0.15
perl:5.34,vary-two,DateTime,,HTTP::Date,6.05,Exporter::Tiny,1.006002
perl:5.34,vary-two,DateTime,,HTTP::Date,6.05,Exporter::Tiny,1.006003
perl:5.34,vary-two,DateTime,,HTTP::Date,6.05,List::Util,1.63
perl:5.34,vary-two,DateTime,,HTTP::Date,6.05,List::Util,1.64
perl:5.34,vary-two,DateTime,,HTTP::Date,6.05,Scalar::List::Utils,1.63
perl:5.34,vary-two,DateTime,,HTTP::Date,6.05,Scalar::List::Utils,1.64
perl:5.34,vary-two,DateTime,,HTTP::Date,6.05,XSLoader,0.32
perl:5.34,vary-two,DateTime,,HTTP::Date,6.05,Carp,1.50
perl:5.34,vary-two,DateTime,,HTTP::Date,6.05,Carp,1.52
perl:5.34,vary-two,DateTime,,HTTP::Date,6.05,File::Temp,0.2311
perl:5.34,vary-two,DateTime,,HTTP::Date,6.05,File::Spec,3.88
perl:5.34,vary-two,DateTime,,HTTP::Date,6.05,ExtUtils::MakeMaker,7.70
perl:5.34,vary-two,DateTime,,HTTP::Date,6.05,ExtUtils::MakeMaker,7.76
perl:5.34,vary-two,DateTime,,HTTP::Date,6.05,Module::Build,0.4234
perl:5.34,vary-two,DateTime,,HTTP::Date,6.05,CPAN::Meta,2.150010
perl:5.34,vary-two,DateTime,,HTTP::Date,6.05,CPAN::Meta::Requirements,2.143
perl:5.34,vary-two,DateTime,,HTTP::Date,6.05,Parse::CPAN::Meta,2.150010
perl:5.34,vary-two,DateTime,,HTTP::Date,6.05,YAML::Tiny,1.76
perl:5.34,vary-two,DateTime,,HTTP::Date,6.05,YAML::Tiny,1.77
perl:5.34,vary-two,DateTime,,HTTP::Date,6.05,Path::Tiny,0.144
perl:5.34,vary-two,DateTime,,HTTP::Date,6.05,Path::Tiny,0.150
perl:5.34,vary-two,DateTime,,HTTP::Date,6.05,Capture::Tiny,0.48
perl:5.34,vary-two,DateTime,,HTTP::Date,6.05,File::Slurp,9999.32
perl:5.34,vary-two,DateTime,,HTTP::Date,6.05,DBI,1.643
perl:5.34,vary-two,DateTime,,HTTP::Date,6.05,DBI,1.647
perl:5.34,vary-two,DateTime,,HTTP::Date,6.05,Plack,1.0050
perl:5.34,vary-two,DateTime,,HTTP::Date,6.05,Template,3.101
perl:5.34,vary-two,DateTime,,HTTP::Date,6.06,Net::HTTP,6.22
perl:5.34,vary-two,DateTime,,HTTP::Date,6.06,Net::HTTP,6.23
perl:5.34,vary-two,DateTime,,HTTP::Date,6.06,HTML::Tagset,3.20
perl:5.34,vary-two,DateTime,,HTTP::Date,6.06,HTML::Tagset,3.24
perl:5.34,vary-two,DateTime,,HTTP::Date,6.06,HTML::Parser,3.81
perl:5.34,vary-two,DateTime,,HTTP::Date,6.06,HTML::Parser,3.83
perl:5.34,vary-two,DateTime,,HTTP::Date,6.06,JSON,4.10
perl:5.34,vary-two,DateTime,,HTTP::Date,6.06,JSON,4.11
perl:5.34,vary-two,DateTime,,HTTP::Date,6.06,JSON::PP,4.16
perl:5.34,vary-two,DateTime,,HTTP::Date,6.06,JSON::PP,4.17
perl:5.34,vary-two,DateTime,,HTTP::Date,6.06,Cpanel::JSON::XS,4.35
perl:5.34,vary-two,DateTime,,HTTP::Date,6.06,Cpanel::JSON::XS,4.39
perl:5.34,vary-two,DateTime,,HTTP::Date,6.06,Types::Serialiser,1.01
perl:5.34,vary-two,DateTime,,HTTP::Date,6.06,common::sense,3.75
perl:5.34,vary-two,DateTime,,HTTP::Date,6.06,B::Hooks::EndOfScope,0.26
perl:5.34,vary-two,DateTime,,HTTP::Date,6.06,B::Hooks::EndOfScope,0.28
perl:5.34,vary-two,DateTime,,HTTP::Date,6.06,Sub::Exporter,0.989
perl:5.34,vary-two,DateTime,,HTTP::Date,6.06,Sub::Exporter,0.991
perl:5.34,vary-two,DateTime,,HTTP::Date,6.06,Sub::Identify,0.14
perl:5.34,vary-two,DateTime,,HTTP::Date,6.06,Sub::Quote,2.006006
perl:5.34,vary-two,DateTime,,HTTP::Date,6.06,Sub::Quote,2.006008
perl:5.34,vary-two,DateTime,,HTTP::Date,6.06,Class::Method::Modifiers,2.15
perl:5.34,vary-two,DateTime,,HTTP::Date,6.06,Role::Tiny,2.002004
perl:5.34,vary-two,DateTime,,HTTP::Date,6.06,Role::Tiny,2.002005
perl:5.34,vary-two,DateTime,,HTTP::Date,6.06,Devel::StackTrace,2.04
perl:5.34,vary-two,DateTime,,HTTP::Date,6.06,Devel::StackTrace,2.05
perl:5.34,vary-two,DateTime,,HTTP::Date,6.06,Eval::Closure,0.14
perl:5.34,vary-two,DateTime,,HTTP::Date,6.06,Package::Stash,0.39
perl:5.34,vary-two,DateTime,,HTTP::Date,6.06,Package::Stash,0.40
perl:5.34,vary-two,DateTime,,HTTP::Date,6.06,Params::Util,1.102
perl:5.34,vary-two,DateTime,,HTTP::Date,6.06,Data::OptList,0.114
perl:5.34,vary-two,DateTime,,HTTP::Date,6.06,MRO::Compat,0.15
perl:5.34,vary-two,DateTime,,HTTP::Date,6.06,Exporter::Tiny,1.006002
perl:5.34,vary-two,DateTime,,HTTP::Date,6.06,Exporter::Tiny,1.006003
perl:5.34,vary-two,DateTime,,HTTP::Date,6.06,List::Util,1.63
perl:5.34,vary-two,DateTime,,HTTP::Date,6.06,List::Util,1.64
perl:5.34,vary-two,DateTime,,HTTP::Date,6.06,Scalar::List::Utils,1.63
perl:5.34,vary-two,DateTime,,HTTP::Date,6.06,Scalar::List::Utils,1.64
perl:5.34,vary-two,DateTime,,HTTP::Date,6.06,XSLoader,0.32
perl:5.34,vary-two,DateTime,,HTTP::Date,6.06,Carp,1.50
perl:5.34,vary-two,DateTime,,HTTP::Date,6.06,Carp,1.52
perl:5.34,vary-two,DateTime,,HTTP::Date,6.06,File::Temp,0.2311
perl:5.34,vary-two,DateTime,,HTTP::Date,6.06,File::Spec,3.88
perl:5.34,vary-two,DateTime,,HTTP::Date,6.06,ExtUtils::MakeMaker,7.70
perl:5.34,vary-two,DateTime,,HTTP::Date,6.06,ExtUtils::MakeMaker,7.76
perl:5.34,vary-two,DateTime,,HTTP::Date,6.06,Module::Build,0.4234
perl:5.34,vary-two,DateTime,,HTTP::Date,6.06,CPAN::Meta,2.150010
perl:5.34,vary-two,DateTime,,HTTP::Date,6.06,CPAN::Meta::Requirements,2.143
perl:5.34,vary-two,DateTime,,HTTP::Date,6.06,Parse::CPAN::Meta,2.150010
perl:5.34,vary-two,DateTime,,HTTP::Date,6.06,YAML::Tiny,1.76
perl:5.34,vary-two,DateTime,,HTTP::Date,6.06,YAML::Tiny,1.77
perl:5.34,vary-two,DateTime,,HTTP::Date,6.06,Path::Tiny,0.144
perl:5.34,vary-two,DateTime,,HTTP::Date,6.06,Path::Tiny,0.150
perl:5.34,vary-two,DateTime,,HTTP::Date,6.06,Capture::Tiny,0.48
perl:5.34,vary-two,DateTime,,HTTP::Date,6.06,File::Slurp,9999.32
perl:5.34,vary-two,DateTime,,HTTP::Date,6.06,DBI,1.643
perl:5.34,vary-two,DateTime,,HTTP::Date,6.06,DBI,1.647
perl:5.34,vary-two,DateTime,,HTTP::Date,6.06,Plack,1.0050
perl:5.34,vary-two,DateTime,,HTTP::Date,6.06,Template,3.101
perl:5.34,vary-two,DateTime,,Net::HTTP,6.22,HTML::Tagset,3.20
perl:5.34,vary-two,DateTime,,Net::HTTP,6.22,HTML::Tagset,3.24
perl:5.34,vary-two,DateTime,,Net::HTTP,6.22,HTML::Parser,3.81
perl:5.34,vary-two,DateTime,,Net::HTTP,6.22,HTML::Parser,3.83
perl:5.34,vary-two,DateTime,,Net::HTTP,6.22,JSON,4.10
perl:5.34,vary-two,DateTime,,Net::HTTP,6.22,JSON,4.11
perl:5.34,vary-two,DateTime,,Net::HTTP,6.22,JSON::PP,4.16
perl:5.34,vary-two,DateTime,,Net::HTTP,6.22,JSON::PP,4.17
perl:5.34,vary-two,DateTime,,Net::HTTP,6.22,Cpanel::JSON::XS,4.35
perl:5.34,vary-two,DateTime,,Net::HTTP,6.22,Cpanel::JSON::XS,4.39
perl:5.34,vary-two,DateTime,,Net::HTTP,6.22,Types::Serialiser,1.01
perl:5.34,vary-two,DateTime,,Net::HTTP,6.22,common::sense,3.75
perl:5.34,vary-two,DateTime,,Net::HTTP,6.22,B::Hooks::EndOfScope,0.26
perl:5.34,vary-two,DateTime,,Net::HTTP,6.22,B::Hooks::EndOfScope,0.28
perl:5.34,vary-two,DateTime,,Net::HTTP,6.22,Sub::Exporter,0.989
perl:5.34,vary-two,DateTime,,Net::HTTP,6.22,Sub::Exporter,0.991
perl:5.34,vary-two,DateTime,,Net::HTTP,6.22,Sub::Identify,0.14
perl:5.34,vary-two,DateTime,,Net::HTTP,6.22,Sub::Quote,2.006006
perl:5.34,vary-two,DateTime,,Net::HTTP,6.22,Sub::Quote,2.006008
perl:5.34,vary-two,DateTime,,Net::HTTP,6.22,Class::Method::Modifiers,2.15
perl:5.34,vary-two,DateTime,,Net::HTTP,6.22,Role::Tiny,2.002004
perl:5.34,vary-two,DateTime,,Net::HTTP,6.22,Role::Tiny,2.002005
perl:5.34,vary-two,DateTime,,Net::HTTP,6.22,Devel::StackTrace,2.04
perl:5.34,vary-two,DateTime,,Net::HTTP,6.22,Devel::StackTrace,2.05
perl:5.34,vary-two,DateTime,,Net::HTTP,6.22,Eval::Closure,0.14
perl:5.34,vary-two,DateTime,,Net::HTTP,6.22,Package::Stash,0.39
perl:5.34,vary-two,DateTime,,Net::HTTP,6.22,Package::Stash,0.40
perl:5.34,vary-two,DateTime,,Net::HTTP,6.22,Params::Util,1.102
perl:5.34,vary-two,DateTime,,Net::HTTP,6.22,Data::OptList,0.114
perl:5.34,vary-two,DateTime,,Net::HTTP,6.22,MRO::Compat,0.15
perl:5.34,vary-two,DateTime,,Net::HTTP,6.22,Exporter::Tiny,1.006002
perl:5.34,vary-two,DateTime,,Net::HTTP,6.22,Exporter::Tiny,1.006003
perl:5.34,vary-two,DateTime,,Net::HTTP,6.22,List::Util,1.63
perl:5.34,vary-two,DateTime,,Net::HTTP,6.22,List::Util,1.64
perl:5.34,vary-two,DateTime,,Net::HTTP,6.22,Scalar::List::Utils,1.63
perl:5.34,vary-two,DateTime,,Net::HTTP,6.22,Scalar::List::Utils,1.64
perl:5.34,vary-two,DateTime,,Net::HTTP,6.22,XSLoader,0.32
perl:5.34,vary-two,DateTime,,Net::HTTP,6.22,Carp,1.50
perl:5.34,vary-two,DateTime,,Net::HTTP,6.22,Carp,1.52
perl:5.34,vary-two,DateTime,,Net::HTTP,6.22,File::Temp,0.2311
perl:5.34,vary-two,DateTime,,Net::HTTP,6.22,File::Spec,3.88
perl:5.34,vary-two,DateTime,,Net::HTTP,6.22,ExtUtils::MakeMaker,7.70
perl:5.34,vary-two,DateTime,,Net::HTTP,6.22,ExtUtils::MakeMaker,7.76
perl:5.34,vary-two,DateTime,,Net::HTTP,6.22,Module::Build,0.4234
perl:5.34,vary-two,DateTime,,Net::HTTP,6.22,CPAN::Meta,2.150010
perl:5.34,vary-two,DateTime,,Net::HTTP,6.22,CPAN::Meta::Requirements,2.143
perl:5.34,vary-two,DateTime,,Net::HTTP,6.22,Parse::CPAN::Meta,2.150010
perl:5.34,vary-two,DateTime,,Net::HTTP,6.22,YAML::Tiny,1.76
perl:5.34,vary-two,DateTime,,Net::HTTP,6.22,YAML::Tiny,1.77
perl:5.34,vary-two,DateTime,,Net::HTTP,6.22,Path::Tiny,0.144
perl:5.34,vary-two,DateTime,,Net::HTTP,6.22,Path::Tiny,0.150
perl:5.34,vary-two,DateTime,,Net::HTTP,6.22,Capture::Tiny,0.48
perl:5.34,vary-two,DateTime,,Net::HTTP,6.22,File::Slurp,9999.32
perl:5.34,vary-two,DateTime,,Net::HTTP,6.22,DBI,1.643
perl:5.34,vary-two,DateTime,,Net::HTTP,6.22,DBI,1.647
perl:5.34,vary-two,DateTime,,Net::HTTP,6.22,Plack,1.0050
perl:5.34,vary-two,DateTime,,Net::HTTP,6.22,Template,3.101
perl:5.34,vary-two,DateTime,,Net::HTTP,6.23,HTML::Tagset,3.20
perl:5.34,vary-two,DateTime,,Net::HTTP,6.23,HTML::Tagset,3.24
perl:5.34,vary-two,DateTime,,Net::HTTP,6.23,HTML::Parser,3.81
perl:5.34,vary-two,DateTime,,Net::HTTP,6.23,HTML::Parser,3.83
perl:5.34,vary-two,DateTime,,Net::HTTP,6.23,JSON,4.10
perl:5.34,vary-two,DateTime,,Net::HTTP,6.23,JSON,4.11
perl:5.34,vary-two,DateTime,,Net::HTTP,6.23,JSON::PP,4.16
perl:5.34,vary-two,DateTime,,Net::HTTP,6.23,JSON::PP,4.17
perl:5.34,vary-two,DateTime,,Net::HTTP,6.23,Cpanel::JSON::XS,4.35
perl:5.34,vary-two,DateTime,,Net::HTTP,6.23,Cpanel::JSON::XS,4.39
perl:5.34,vary-two,DateTime,,Net::HTTP,6.23,Types::Serialiser,1.01
perl:5.34,vary-two,DateTime,,Net::HTTP,6.23,common::sense,3.75
perl:5.34,vary-two,DateTime,,Net::HTTP,6.23,B::Hooks::EndOfScope,0.26
perl:5.34,vary-two,DateTime,,Net::HTTP,6.23,B::Hooks::EndOfScope,0.28
perl:5.34,vary-two,DateTime,,Net::HTTP,6.23,Sub::Exporter,0.989
perl:5.34,vary-two,DateTime,,Net::HTTP,6.23,Sub::Exporter,0.991
perl:5.34,vary-two,DateTime,,Net::HTTP,6.23,Sub::Identify,0.14
perl:5.34,vary-two,DateTime,,Net::HTTP,6.23,Sub::Quote,2.006006
perl:5.34,vary-two,DateTime,,Net::HTTP,6.23,Sub::Quote,2.006008
perl:5.34,vary-two,DateTime,,Net::HTTP,6.23,Class::Method::Modifiers,2.15
perl:5.34,vary-two,DateTime,,Net::HTTP,6.23,Role::Tiny,2.002004
perl:5.34,vary-two,DateTime,,Net::HTTP,6.23,Role::Tiny,2.002005
perl:5.34,vary-two,DateTime,,Net::HTTP,6.23,Devel::StackTrace,2.04
perl:5.34,vary-two,DateTime,,Net::HTTP,6.23,Devel::StackTrace,2.05
perl:5.34,vary-two,DateTime,,Net::HTTP,6.23,Eval::Closure,0.14
perl:5.34,vary-two,DateTime,,Net::HTTP,6.23,Package::Stash,0.39
perl:5.34,vary-two,DateTime,,Net::HTTP,6.23,Package::Stash,0.40
perl:5.34,vary-two,DateTime,,Net::HTTP,6.23,Params::Util,1.102
perl:5.34,vary-two,DateTime,,Net::HTTP,6.23,Data::OptList,0.114
perl:5.34,vary-two,DateTime,,Net::HTTP,6.23,MRO::Compat,0.15
perl:5.34,vary-two,DateTime,,Net::HTTP,6.23,Exporter::Tiny,1.006002
perl:5.34,vary-two,DateTime,,Net::HTTP,6.23,Exporter::Tiny,1.006003
perl:5.34,vary-two,DateTime,,Net::HTTP,6.23,List::Util,1.63
perl:5.34,vary-two,DateTime,,Net::HTTP,6.23,List::Util,1.64
perl:5.34,vary-two,DateTime,,Net::HTTP,6.23,Scalar::List::Utils,1.63
perl:5.34,vary-two,DateTime,,Net::HTTP,6.23,Scalar::List::Utils,1.64
perl:5.34,vary-two,DateTime,,Net::HTTP,6.23,XSLoader,0.32
perl:5.34,vary-two,DateTime,,Net::HTTP,6.23,Carp,1.50
perl:5.34,vary-two,DateTime,,Net::HTTP,6.23,Carp,1.52
perl:5.34,vary-two,DateTime,,Net::HTTP,6.23,File::Temp,0.2311
perl:5.34,vary-two,DateTime,,Net::HTTP,6.23,File::Spec,3.88
perl:5.34,vary-two,DateTime,,Net::HTTP,6.23,ExtUtils::MakeMaker,7.70
perl:5.34,vary-two,DateTime,,Net::HTTP,6.23,ExtUtils::MakeMaker,7.76
perl:5.34,vary-two,DateTime,,Net::HTTP,6.23,Module::Build,0.4234
perl:5.34,vary-two,DateTime,,Net::HTTP,6.23,CPAN::Meta,2.150010
perl:5.34,vary-two,DateTime,,Net::HTTP,6.23,CPAN::Meta::Requirements,2.143
perl:5.34,vary-two,DateTime,,Net::HTTP,6.23,Parse::CPAN::Meta,2.150010
perl:5.34,vary-two,DateTime,,Net::HTTP,6.23,YAML::Tiny,1.76
perl:5.34,vary-two,DateTime,,Net::HTTP,6.23,YAML::Tiny,1.77
perl:5.34,vary-two,DateTime,,Net::HTTP,6.23,Path::Tiny,0.144
perl:5.34,vary-two,DateTime,,Net::HTTP,6.23,Path::Tiny,0.150
perl:5.34,vary-two,DateTime,,Net::HTTP,6.23,Capture::Tiny,0.48
perl:5.34,vary-two,DateTime,,Net::HTTP,6.23,File::Slurp,9999.32
perl:5.34,vary-two,DateTime,,Net::HTTP,6.23,DBI,1.643
perl:5.34,vary-two,DateTime,,Net::HTTP,6.23,DBI,1.647
perl:5.34,vary-two,DateTime,,Net::HTTP,6.23,Plack,1.0050
perl:5.34,vary-two,DateTime,,Net::HTTP,6.23,Template,3.101
perl:5.34,vary-two,DateTime,,HTML::Tagset,3.20,HTML::Parser,3.81
perl:5.34,vary-two,DateTime,,HTML::Tagset,3.20,HTML::Parser,3.83
perl:5.34,vary-two,DateTime,,HTML::Tagset,3.20,JSON,4.10
perl:5.34,vary-two,DateTime,,HTML::Tagset,3.20,JSON,4.11
perl:5.34,vary-two,DateTime,,HTML::Tagset,3.20,JSON::PP,4.16
perl:5.34,vary-two,DateTime,,HTML::Tagset,3.20,JSON::PP,4.17
perl:5.34,vary-two,DateTime,,HTML::Tagset,3.20,Cpanel::JSON::XS,4.35
perl:5.34,vary-two,DateTime,,HTML::Tagset,3.20,Cpanel::JSON::XS,4.39
perl:5.34,vary-two,DateTime,,HTML::Tagset,3.20,Types::Serialiser,1.01
perl:5.34,vary-two,DateTime,,HTML::Tagset,3.20,common::sense,3.75
perl:5.34,vary-two,DateTime,,HTML::Tagset,3.20,B::Hooks::EndOfScope,0.26
perl:5.34,vary-two,DateTime,,HTML::Tagset,3.20,B::Hooks::EndOfScope,0.28
perl:5.34,vary-two,DateTime,,HTML::Tagset,3.20,Sub::Exporter,0.989
perl:5.34,vary-two,DateTime,,HTML::Tagset,3.20,Sub::Exporter,0.991
perl:5.34,vary-two,DateTime,,HTML::Tagset,3.20,Sub::Identify,0.14
perl:5.34,vary-two,DateTime,,HTML::Tagset,3.20,Sub::Quote,2.006006
perl:5.34,vary-two,DateTime,,HTML::Tagset,3.20,Sub::Quote,2.006008
perl:5.34,vary-two,DateTime,,HTML::Tagset,3.20,Class::Method::Modifiers,2.15
perl:5.34,vary-two,DateTime,,HTML::Tagset,3.20,Role::Tiny,2.002004
perl:5.34,vary-two,DateTime,,HTML::Tagset,3.20,Role::Tiny,2.002005
perl:5.34,vary-two,DateTime,,HTML::Tagset,3.20,Devel::StackTrace,2.04
perl:5.34,vary-two,DateTime,,HTML::Tagset,3.20,Devel::StackTrace,2.05
perl:5.34,vary-two,DateTime,,HTML::Tagset,3.20,Eval::Closure,0.14
perl:5.34,vary-two,DateTime,,HTML::Tagset,3.20,Package::Stash,0.39
perl:5.34,vary-two,DateTime,,HTML::Tagset,3.20,Package::Stash,0.40
perl:5.34,vary-two,DateTime,,HTML::Tagset,3.20,Params::Util,1.102
perl:5.34,vary-two,DateTime,,HTML::Tagset,3.20,Data::OptList,0.114
perl:5.34,vary-two,DateTime,,HTML::Tagset,3.20,MRO::Compat,0.15
perl:5.34,vary-two,DateTime,,HTML::Tagset,3.20,Exporter::Tiny,1.006002
perl:5.34,vary-two,DateTime,,HTML::Tagset,3.20,Exporter::Tiny,1.006003
perl:5.34,vary-two,DateTime,,HTML::Tagset,3.20,List::Util,1.63
perl:5.34,vary-two,DateTime,,HTML::Tagset,3.20,List::Util,1.64
perl:5.34,vary-two,DateTime,,HTML::Tagset,3.20,Scalar::List::Utils,1.63
perl:5.34,vary-two,DateTime,,HTML::Tagset,3.20,Scalar::List::Utils,1.64
perl:5.34,vary-two,DateTime,,HTML::Tagset,3.20,XSLoader,0.32
perl:5.34,vary-two,DateTime,,HTML::Tagset,3.20,Carp,1.50
perl:5.34,vary-two,DateTime,,HTML::Tagset,3.20,Carp,1.52
perl:5.34,vary-two,DateTime,,HTML::Tagset,3.20,File::Temp,0.2311
perl:5.34,vary-two,DateTime,,HTML::Tagset,3.20,File::Spec,3.88
perl:5.34,vary-two,DateTime,,HTML::Tagset,3.20,ExtUtils::MakeMaker,7.70
perl:5.34,vary-two,DateTime,,HTML::Tagset,3.20,ExtUtils::MakeMaker,7.76
perl:5.34,vary-two,DateTime,,HTML::Tagset,3.20,Module::Build,0.4234
perl:5.34,vary-two,DateTime,,HTML::Tagset,3.20,CPAN::Meta,2.150010
perl:5.34,vary-two,DateTime,,HTML::Tagset,3.20,CPAN::Meta::Requirements,2.143
perl:5.34,vary-two,DateTime,,HTML::Tagset,3.20,Parse::CPAN::Meta,2.150010
perl:5.34,vary-two,DateTime,,HTML::Tagset,3.20,YAML::Tiny,1.76
perl:5.34,vary-two,DateTime,,HTML::Tagset,3.20,YAML::Tiny,1.77
perl:5.34,vary-two,DateTime,,HTML::Tagset,3.20,Path::Tiny,0.144
perl:5.34,vary-two,DateTime,,HTML::Tagset,3.20,Path::Tiny,0.150
perl:5.34,vary-two,DateTime,,HTML::Tagset,3.20,Capture::Tiny,0.48
perl:5.34,vary-two,DateTime,,HTML::Tagset,3.20,File::Slurp,9999.32
perl:5.34,vary-two,DateTime,,HTML::Tagset,3.20,DBI,1.643
perl:5.34,vary-two,DateTime,,HTML::Tagset,3.20,DBI,1.647
perl:5.34,vary-two,DateTime,,HTML::Tagset,3.20,Plack,1.0050
perl:5.34,vary-two,DateTime,,HTML::Tagset,3.20,Template,3.101
perl:5.34,vary-two,DateTime,,HTML::Tagset,3.24,HTML::Parser,3.81
perl:5.34,vary-two,DateTime,,HTML::Tagset,3.24,HTML::Parser,3.83
perl:5.34,vary-two,DateTime,,HTML::Tagset,3.24,JSON,4.10
perl:5.34,vary-two,DateTime,,HTML::Tagset,3.24,JSON,4.11
perl:5.34,vary-two,DateTime,,HTML::Tagset,3.24,JSON::PP,4.16
perl:5.34,vary-two,DateTime,,HTML::Tagset,3.24,JSON::PP,4.17
perl:5.34,vary-two,DateTime,,HTML::Tagset,3.24,Cpanel::JSON::XS,4.35
perl:5.34,vary-two,DateTime,,HTML::Tagset,3.24,Cpanel::JSON::XS,4.39
perl:5.34,vary-two,DateTime,,HTML::Tagset,3.24,Types::Serialiser,1.01
perl:5.34,vary-two,DateTime,,HTML::Tagset,3.24,common::sense,3.75
perl:5.34,vary-two,DateTime,,HTML::Tagset,3.24,B::Hooks::EndOfScope,0.26
perl:5.34,vary-two,DateTime,,HTML::Tagset,3.24,B::Hooks::EndOfScope,0.28
perl:5.34,vary-two,DateTime,,HTML::Tagset,3.24,Sub::Exporter,0.989
perl:5.34,vary-two,DateTime,,HTML::Tagset,3.24,Sub::Exporter,0.991
perl:5.34,vary-two,DateTime,,HTML::Tagset,3.24,Sub::Identify,0.14
perl:5.34,vary-two,DateTime,,HTML::Tagset,3.24,Sub::Quote,2.006006
perl:5.34,vary-two,DateTime,,HTML::Tagset,3.24,Sub::Quote,2.006008
perl:5.34,vary-two,DateTime,,HTML::Tagset,3.24,Class::Method::Modifiers,2.15
perl:5.34,vary-two,DateTime,,HTML::Tagset,3.24,Role::Tiny,2.002004
perl:5.34,vary-two,DateTime,,HTML::Tagset,3.24,Role::Tiny,2.002005
perl:5.34,vary-two,DateTime,,HTML::Tagset,3.24,Devel::StackTrace,2.04
perl:5.34,vary-two,DateTime,,HTML::Tagset,3.24,Devel::StackTrace,2.05
perl:5.34,vary-two,DateTime,,HTML::Tagset,3.24,Eval::Closure,0.14
perl:5.34,vary-two,DateTime,,HTML::Tagset,3.24,Package::Stash,0.39
perl:5.34,vary-two,DateTime,,HTML::Tagset,3.24,Package::Stash,0.40
perl:5.34,vary-two,DateTime,,HTML::Tagset,3.24,Params::Util,1.102
perl:5.34,vary-two,DateTime,,HTML::Tagset,3.24,Data::OptList,0.114
perl:5.34,vary-two,DateTime,,HTML::Tagset,3.24,MRO::Compat,0.15
perl:5.34,vary-two,DateTime,,HTML::Tagset,3.24,Exporter::Tiny,1.006002
perl:5.34,vary-two,DateTime,,HTML::Tagset,3.24,Exporter::Tiny,1.006003
perl:5.34,vary-two,DateTime,,HTML::Tagset,3.24,List::Util,1.63
perl:5.34,vary-two,DateTime,,HTML::Tagset,3.24,List::Util,1.64
perl:5.34,vary-two,DateTime,,HTML::Tagset,3.24,Scalar::List::Utils,1.63
perl:5.34,vary-two,DateTime,,HTML::Tagset,3.24,Scalar::List::Utils,1.64
perl:5.34,vary-two,DateTime,,HTML::Tagset,3.24,XSLoader,0.32
perl:5.34,vary-two,DateTime,,HTML::Tagset,3.24,Carp,1.50
perl:5.34,vary-two,DateTime,,HTML::Tagset,3.24,Carp,1.52
perl:5.34,vary-two,DateTime,,HTML::Tagset,3.24,File::Temp,0.2311
perl:5.34,vary-two,DateTime,,HTML::Tagset,3.24,File::Spec,3.88
perl:5.34,vary-two,DateTime,,HTML::Tagset,3.24,ExtUtils::MakeMaker,7.70
perl:5.34,vary-two,DateTime,,HTML::Tagset,3.24,ExtUtils::MakeMaker,7.76
perl:5.34,vary-two,DateTime,,HTML::Tagset,3.24,Module::Build,0.4234
perl:5.34,vary-two,DateTime,,HTML::Tagset,3.24,CPAN::Meta,2.150010
perl:5.34,vary-two,DateTime,,HTML::Tagset,3.24,CPAN::Meta::Requirements,2.143
perl:5.34,vary-two,DateTime,,HTML::Tagset,3.24,Parse::CPAN::Meta,2.150010
perl:5.34,vary-two,DateTime,,HTML::Tagset,3.24,YAML::Tiny,1.76
perl:5.34,vary-two,DateTime,,HTML::Tagset,3.24,YAML::Tiny,1.77
perl:5.34,vary-two,DateTime,,HTML::Tagset,3.24,Path::Tiny,0.144
perl:5.34,vary-two,DateTime,,HTML::Tagset,3.24,Path::Tiny,0.150
perl:5.34,vary-two,DateTime,,HTML::Tagset,3.24,Capture::Tiny,0.48
perl:5.34,vary-two,DateTime,,HTML::Tagset,3.24,File::Slurp,9999.32
perl:5.34,vary-two,DateTime,,HTML::Tagset,3.24,DBI,1.643
perl:5.34,vary-two,DateTime,,HTML::Tagset,3.24,DBI,1.647
perl:5.34,vary-two,DateTime,,HTML::Tagset,3.24,Plack,1.0050
perl:5.34,vary-two,DateTime,,HTML::Tagset,3.24,Template,3.101
perl:5.34,vary-two,DateTime,,HTML::Parser,3.81,JSON,4.10
perl:5.34,vary-two,DateTime,,HTML::Parser,3.81,JSON,4.11
perl:5.34,vary-two,DateTime,,HTML::Parser,3.81,JSON::PP,4.16
perl:5.34,vary-two,DateTime,,HTML::Parser,3.81,JSON::PP,4.17
perl:5.34,vary-two,DateTime,,HTML::Parser,3.81,Cpanel::JSON::XS,4.35
perl:5.34,vary-two,DateTime,,HTML::Parser,3.81,Cpanel::JSON::XS,4.39
perl:5.34,vary-two,DateTime,,HTML::Parser,3.81,Types::Serialiser,1.01
perl:5.34,vary-two,DateTime,,HTML::Parser,3.81,common::sense,3.75
perl:5.34,vary-two,DateTime,,HTML::Parser,3.81,B::Hooks::EndOfScope,0.26
perl:5.34,vary-two,DateTime,,HTML::Parser,3.81,B::Hooks::EndOfScope,0.28
perl:5.34,vary-two,DateTime,,HTML::Parser,3.81,Sub::Exporter,0.989
perl:5.34,vary-two,DateTime,,HTML::Parser,3.81,Sub::Exporter,0.991
perl:5.34,vary-two,DateTime,,HTML::Parser,3.81,Sub::Identify,0.14
perl:5.34,vary-two,DateTime,,HTML::Parser,3.81,Sub::Quote,2.006006
perl:5.34,vary-two,DateTime,,HTML::Parser,3.81,Sub::Quote,2.006008
perl:5.34,vary-two,DateTime,,HTML::Parser,3.81,Class::Method::Modifiers,2.15
perl:5.34,vary-two,DateTime,,HTML::Parser,3.81,Role::Tiny,2.002004
perl:5.34,vary-two,DateTime,,HTML::Parser,3.81,Role::Tiny,2.002005
perl:5.34,vary-two,DateTime,,HTML::Parser,3.81,Devel::StackTrace,2.04
perl:5.34,vary-two,DateTime,,HTML::Parser,3.81,Devel::StackTrace,2.05
perl:5.34,vary-two,DateTime,,HTML::Parser,3.81,Eval::Closure,0.14
perl:5.34,vary-two,DateTime,,HTML::Parser,3.81,Package::Stash,0.39
perl:5.34,vary-two,DateTime,,HTML::Parser,3.81,Package::Stash,0.40
perl:5.34,vary-two,DateTime,,HTML::Parser,3.81,Params::Util,1.102
perl:5.34,vary-two,DateTime,,HTML::Parser,3.81,Data::OptList,0.114
perl:5.34,vary-two,DateTime,,HTML::Parser,3.81,MRO::Compat,0.15
perl:5.34,vary-two,DateTime,,HTML::Parser,3.81,Exporter::Tiny,1.006002
perl:5.34,vary-two,DateTime,,HTML::Parser,3.81,Exporter::Tiny,1.006003
perl:5.34,vary-two,DateTime,,HTML::Parser,3.81,List::Util,1.63
perl:5.34,vary-two,DateTime,,HTML::Parser,3.81,List::Util,1.64
perl:5.34,vary-two,DateTime,,HTML::Parser,3.81,Scalar::List::Utils,1.63
perl:5.34,vary-two,DateTime,,HTML::Parser,3.81,Scalar::List::Utils,1.64
perl:5.34,vary-two,DateTime,,HTML::Parser,3.81,XSLoader,0.32
perl:5.34,vary-two,DateTime,,HTML::Parser,3.81,Carp,1.50
perl:5.34,vary-two,DateTime,,HTML::Parser,3.81,Carp,1.52
perl:5.34,vary-two,DateTime,,HTML::Parser,3.81,File::Temp,0.2311
perl:5.34,vary-two,DateTime,,HTML::Parser,3.81,File::Spec,3.88
perl:5.34,vary-two,DateTime,,HTML::Parser,3.81,ExtUtils::MakeMaker,7.70
perl:5.34,vary-two,DateTime,,HTML::Parser,3.81,ExtUtils::MakeMaker,7.76
perl:5.34,vary-two,DateTime,,HTML::Parser,3.81,Module::Build,0.4234
perl:5.34,vary-two,DateTime,,HTML::Parser,3.81,CPAN::Meta,2.150010
perl:5.34,vary-two,DateTime,,HTML::Parser,3.81,CPAN::Meta::Requirements,2.143
perl:5.34,vary-two,DateTime,,HTML::Parser,3.81,Parse::CPAN::Meta,2.150010
perl:5.34,vary-two,DateTime,,HTML::Parser,3.81,YAML::Tiny,1.76
perl:5.34,vary-two,DateTime,,HTML::Parser,3.81,YAML::Tiny,1.77
perl:5.34,vary-two,DateTime,,HTML::Parser,3.81,Path::Tiny,0.144
perl:5.34,vary-two,DateTime,,HTML::Parser,3.81,Path::Tiny,0.150
perl:5.34,vary-two,DateTime,,HTML::Parser,3.81,Capture::Tiny,0.48
perl:5.34,vary-two,DateTime,,HTML::Parser,3.81,File::Slurp,9999.32
perl:5.34,vary-two,DateTime,,HTML::Parser,3.81,DBI,1.643
perl:5.34,vary-two,DateTime,,HTML::Parser,3.81,DBI,1.647
perl:5.34,vary-two,DateTime,,HTML::Parser,3.81,Plack,1.0050
perl:5.34,vary-two,DateTime,,HTML::Parser,3.81,Template,3.101
perl:5.34,vary-two,DateTime,,HTML::Parser,3.83,JSON,4.10
perl:5.34,vary-two,DateTime,,HTML::Parser,3.83,JSON,4.11
perl:5.34,vary-two,DateTime,,HTML::Parser,3.83,JSON::PP,4.16
perl:5.34,vary-two,DateTime,,HTML::Parser,3.83,JSON::PP,4.17
perl:5.34,vary-two,DateTime,,HTML::Parser,3.83,Cpanel::JSON::XS,4.35
perl:5.34,vary-two,DateTime,,HTML::Parser,3.83,Cpanel::JSON::XS,4.39
perl:5.34,vary-two,DateTime,,HTML::Parser,3.83,Types::Serialiser,1.01
perl:5.34,vary-two,DateTime,,HTML::Parser,3.83,common::sense,3.75
perl:5.34,vary-two,DateTime,,HTML::Parser,3.83,B::Hooks::EndOfScope,0.26
perl:5.34,vary-two,DateTime,,HTML::Parser,3.83,B::Hooks::EndOfScope,0.28
perl:5.34,vary-two,DateTime,,HTML::Parser,3.83,Sub::Exporter,0.989
perl:5.34,vary-two,DateTime,,HTML::Parser,3.83,Sub::Exporter,0.991
perl:5.34,vary-two,DateTime,,HTML::Parser,3.83,Sub::Identify,0.14
perl:5.34,vary-two,DateTime,,HTML::Parser,3.83,Sub::Quote,2.006006
perl:5.34,vary-two,DateTime,,HTML::Parser,3.83,Sub::Quote,2.006008
perl:5.34,vary-two,DateTime,,HTML::Parser,3.83,Class::Method::Modifiers,2.15
perl:5.34,vary-two,DateTime,,HTML::Parser,3.83,Role::Tiny,2.002004
perl:5.34,vary-two,DateTime,,HTML::Parser,3.83,Role::Tiny,2.002005
perl:5.34,vary-two,DateTime,,HTML::Parser,3.83,Devel::StackTrace,2.04
perl:5.34,vary-two,DateTime,,HTML::Parser,3.83,Devel::StackTrace,2.05
perl:5.34,vary-two,DateTime,,HTML::Parser,3.83,Eval::Closure,0.14
perl:5.34,vary-two,DateTime,,HTML::Parser,3.83,Package::Stash,0.39
perl:5.34,vary-two,DateTime,,HTML::Parser,3.83,Package::Stash,0.40
perl:5.34,vary-two,DateTime,,HTML::Parser,3.83,Params::Util,1.102
perl:5.34,vary-two,DateTime,,HTML::Parser,3.83,Data::OptList,0.114
perl:5.34,vary-two,DateTime,,HTML::Parser,3.83,MRO::Compat,0.15
perl:5.34,vary-two,DateTime,,HTML::Parser,3.83,Exporter::Tiny,1.006002
perl:5.34,vary-two,DateTime,,HTML::Parser,3.83,Exporter::Tiny,1.006003
perl:5.34,vary-two,DateTime,,HTML::Parser,3.83,List::Util,1.63
perl:5.34,vary-two,DateTime,,HTML::Parser,3.83,List::Util,1.64
perl:5.34,vary-two,DateTime,,HTML::Parser,3.83,Scalar::List::Utils,1.63
perl:5.34,vary-two,DateTime,,HTML::Parser,3.83,Scalar::List::Utils,1.64
perl:5.34,vary-two,DateTime,,HTML::Parser,3.83,XSLoader,0.32
perl:5.34,vary-two,DateTime,,HTML::Parser,3.83,Carp,1.50
perl:5.34,vary-two,DateTime,,HTML::Parser,3.83,Carp,1.52
perl:5.34,vary-two,DateTime,,HTML::Parser,3.83,File::Temp,0.2311
perl:5.34,vary-two,DateTime,,HTML::Parser,3.83,File::Spec,3.88
perl:5.34,vary-two,DateTime,,HTML::Parser,3.83,ExtUtils::MakeMaker,7.70
perl:5.34,vary-two,DateTime,,HTML::Parser,3.83,ExtUtils::MakeMaker,7.76
perl:5.34,vary-two,DateTime,,HTML::Parser,3.83,Module::Build,0.4234
perl:5.34,vary-two,DateTime,,HTML::Parser,3.83,CPAN::Meta,2.150010
perl:5.34,vary-two,DateTime,,HTML::Parser,3.83,CPAN::Meta::Requirements,2.143
perl:5.34,vary-two,DateTime,,HTML::Parser,3.83,Parse::CPAN::Meta,2.150010
perl:5.34,vary-two,DateTime,,HTML::Parser,3.83,YAML::Tiny,1.76
perl:5.34,vary-two,DateTime,,HTML::Parser,3.83,YAML::Tiny,1.77
perl:5.34,vary-two,DateTime,,HTML::Parser,3.83,Path::Tiny,0.144
perl:5.34,vary-two,DateTime,,HTML::Parser,3.83,Path::Tiny,0.150
perl:5.34,vary-two,DateTime,,HTML::Parser,3.83,Capture::Tiny,0.48
perl:5.34,vary-two,DateTime,,HTML::Parser,3.83,File::Slurp,9999.32
perl:5.34,vary-two,DateTime,,HTML::Parser,3.83,DBI,1.643
perl:5.34,vary-two,DateTime,,HTML::Parser,3.83,DBI,1.647
perl:5.34,vary-two,DateTime,,HTML::Parser,3.83,Plack,1.0050
perl:5.34,vary-two,DateTime,,HTML::Parser,3.83,Template,3.101
perl:5.34,vary-two,DateTime,,JSON,4.10,JSON::PP,4.16
perl:5.34,vary-two,DateTime,,JSON,4.10,JSON::PP,4.17
perl:5.34,vary-two,DateTime,,JSON,4.10,Cpanel::JSON::XS,4.35
perl:5.34,vary-two,DateTime,,JSON,4.10,Cpanel::JSON::XS,4.39
perl:5.34,vary-two,DateTime,,JSON,4.10,Types::Serialiser,1.01
perl:5.34,vary-two,DateTime,,JSON,4.10,common::sense,3.75
perl:5.34,vary-two,DateTime,,JSON,4.10,B::Hooks::EndOfScope,0.26
perl:5.34,vary-two,DateTime,,JSON,4.10,B::Hooks::EndOfScope,0.28
perl:5.34,vary-two,DateTime,,JSON,4.10,Sub::Exporter,0.989
perl:5.34,vary-two,DateTime,,JSON,4.10,Sub::Exporter,0.991
perl:5.34,vary-two,DateTime,,JSON,4.10,Sub::Identify,0.14
perl:5.34,vary-two,DateTime,,JSON,4.10,Sub::Quote,2.006006
perl:5.34,vary-two,DateTime,,JSON,4.10,Sub::Quote,2.006008
perl:5.34,vary-two,DateTime,,JSON,4.10,Class::Method::Modifiers,2.15
perl:5.34,vary-two,DateTime,,JSON,4.10,Role::Tiny,2.002004
perl:5.34,vary-two,DateTime,,JSON,4.10,Role::Tiny,2.002005
perl:5.34,vary-two,DateTime,,JSON,4.10,Devel::StackTrace,2.04
perl:5.34,vary-two,DateTime,,JSON,4.10,Devel::StackTrace,2.05
perl:5.34,vary-two,DateTime,,JSON,4.10,Eval::Closure,0.14
perl:5.34,vary-two,DateTime,,JSON,4.10,Package::Stash,0.39
perl:5.34,vary-two,DateTime,,JSON,4.10,Package::Stash,0.40
perl:5.34,vary-two,DateTime,,JSON,4.10,Params::Util,1.102
perl:5.34,vary-two,DateTime,,JSON,4.10,Data::OptList,0.114
perl:5.34,vary-two,DateTime,,JSON,4.10,MRO::Compat,0.15
perl:5.34,vary-two,DateTime,,JSON,4.10,Exporter::Tiny,1.006002
perl:5.34,vary-two,DateTime,,JSON,4.10,Exporter::Tiny,1.006003
perl:5.34,vary-two,DateTime,,JSON,4.10,List::Util,1.63
perl:5.34,vary-two,DateTime,,JSON,4.10,List::Util,1.64
perl:5.34,vary-two,DateTime,,JSON,4.10,Scalar::List::Utils,1.63
perl:5.34,vary-two,DateTime,,JSON,4.10,Scalar::List::Utils,1.64
perl:5.34,vary-two,DateTime,,JSON,4.10,XSLoader,0.32
perl:5.34,vary-two,DateTime,,JSON,4.10,Carp,1.50
perl:5.34,vary-two,DateTime,,JSON,4.10,Carp,1.52
perl:5.34,vary-two,DateTime,,JSON,4.10,File::Temp,0.2311
perl:5.34,vary-two,DateTime,,JSON,4.10,File::Spec,3.88
perl:5.34,vary-two,DateTime,,JSON,4.10,ExtUtils::MakeMaker,7.70
perl:5.34,vary-two,DateTime,,JSON,4.10,ExtUtils::MakeMaker,7.76
perl:5.34,vary-two,DateTime,,JSON,4.10,Module::Build,0.4234
perl:5.34,vary-two,DateTime,,JSON,4.10,CPAN::Meta,2.150010
perl:5.34,vary-two,DateTime,,JSON,4.10,CPAN::Meta::Requirements,2.143
perl:5.34,vary-two,DateTime,,JSON,4.10,Parse::CPAN::Meta,2.150010
perl:5.34,vary-two,DateTime,,JSON,4.10,YAML::Tiny,1.76
perl:5.34,vary-two,DateTime,,JSON,4.10,YAML::Tiny,1.77
perl:5.34,vary-two,DateTime,,JSON,4.10,Path::Tiny,0.144
perl:5.34,vary-two,DateTime,,JSON,4.10,Path::Tiny,0.150
perl:5.34,vary-two,DateTime,,JSON,4.10,Capture::Tiny,0.48
perl:5.34,vary-two,DateTime,,JSON,4.10,File::Slurp,9999.32
perl:5.34,vary-two,DateTime,,JSON,4.10,DBI,1.643
perl:5.34,vary-two,DateTime,,JSON,4.10,DBI,1.647
perl:5.34,vary-two,DateTime,,JSON,4.10,Plack,1.0050
perl:5.34,vary-two,DateTime,,JSON,4.10,Template,3.101
perl:5.34,vary-two,DateTime,,JSON,4.11,JSON::PP,4.16
perl:5.34,vary-two,DateTime,,JSON,4.11,JSON::PP,4.17
perl:5.34,vary-two,DateTime,,JSON,4.11,Cpanel::JSON::XS,4.35
perl:5.34,vary-two,DateTime,,JSON,4.11,Cpanel::JSON::XS,4.39
perl:5.34,vary-two,DateTime,,JSON,4.11,Types::Serialiser,1.01
perl:5.34,vary-two,DateTime,,JSON,4.11,common::sense,3.75
perl:5.34,vary-two,DateTime,,JSON,4.11,B::Hooks::EndOfScope,0.26
perl:5.34,vary-two,DateTime,,JSON,4.11,B::Hooks::EndOfScope,0.28
perl:5.34,vary-two,DateTime,,JSON,4.11,Sub::Exporter,0.989
perl:5.34,vary-two,DateTime,,JSON,4.11,Sub::Exporter,0.991
perl:5.34,vary-two,DateTime,,JSON,4.11,Sub::Identify,0.14
perl:5.34,vary-two,DateTime,,JSON,4.11,Sub::Quote,2.006006
perl:5.34,vary-two,DateTime,,JSON,4.11,Sub::Quote,2.006008
perl:5.34,vary-two,DateTime,,JSON,4.11,Class::Method::Modifiers,2.15
perl:5.34,vary-two,DateTime,,JSON,4.11,Role::Tiny,2.002004
perl:5.34,vary-two,DateTime,,JSON,4.11,Role::Tiny,2.002005
perl:5.34,vary-two,DateTime,,JSON,4.11,Devel::StackTrace,2.04
perl:5.34,vary-two,DateTime,,JSON,4.11,Devel::StackTrace,2.05
perl:5.34,vary-two,DateTime,,JSON,4.11,Eval::Closure,0.14
perl:5.34,vary-two,DateTime,,JSON,4.11,Package::Stash,0.39
perl:5.34,vary-two,DateTime,,JSON,4.11,Package::Stash,0.40
perl:5.34,vary-two,DateTime,,JSON,4.11,Params::Util,1.102
perl:5.34,vary-two,DateTime,,JSON,4.11,Data::OptList,0.114
perl:5.34,vary-two,DateTime,,JSON,4.11,MRO::Compat,0.15
perl:5.34,vary-two,DateTime,,JSON,4.11,Exporter::Tiny,1.006002
perl:5.34,vary-two,DateTime,,JSON,4.11,Exporter::Tiny,1.006003
perl:5.34,vary-two,DateTime,,JSON,4.11,List::Util,1.63
perl:5.34,vary-two,DateTime,,JSON,4.11,List::Util,1.64
perl:5.34,vary-two,DateTime,,JSON,4.11,Scalar::List::Utils,1.63
perl:5.34,vary-two,DateTime,,JSON,4.11,Scalar::List::Utils,1.64
perl:5.34,vary-two,DateTime,,JSON,4.11,XSLoader,0.32
perl:5.34,vary-two,DateTime,,JSON,4.11,Carp,1.50
perl:5.34,vary-two,DateTime,,JSON,4.11,Carp,1.52
perl:5.34,vary-two,DateTime,,JSON,4.11,File::Temp,0.2311
perl:5.34,vary-two,DateTime,,JSON,4.11,File::Spec,3.88
perl:5.34,vary-two,DateTime,,JSON,4.11,ExtUtils::MakeMaker,7.70
perl:5.34,vary-two,DateTime,,JSON,4.11,ExtUtils::MakeMaker,7.76
perl:5.34,vary-two,DateTime,,JSON,4.11,Module::Build,0.4234
perl:5.34,vary-two,DateTime,,JSON,4.11,CPAN::Meta,2.150010
perl:5.34,vary-two,DateTime,,JSON,4.11,CPAN::Meta::Requirements,2.143
perl:5.34,vary-two,DateTime,,JSON,4.11,Parse::CPAN::Meta,2.150010
perl:5.34,vary-two,DateTime,,JSON,4.11,YAML::Tiny,1.76
perl:5.34,vary-two,DateTime,,JSON,4.11,YAML::Tiny,1.77
perl:5.34,vary-two,DateTime,,JSON,4.11,Path::Tiny,0.144
perl:5.34,vary-two,DateTime,,JSON,4.11,Path::Tiny,0.150
perl:5.34,vary-two,DateTime,,JSON,4.11,Capture::Tiny,0.48
perl:5.34,vary-two,DateTime,,JSON,4.11,File::Slurp,9999.32
perl:5.34,vary-two,DateTime,,JSON,4.11,DBI,1.643
perl:5.34,vary-two,DateTime,,JSON,4.11,DBI,1.647
perl:5.34,vary-two,DateTime,,JSON,4.11,Plack,1.0050
perl:5.34,vary-two,DateTime,,JSON,4.11,Template,3.101
perl:5.34,vary-two,DateTime,,JSON::PP,4.16,Cpanel::JSON::XS,4.35
perl:5.34,vary-two,DateTime,,JSON::PP,4.16,Cpanel::JSON::XS,4.39
perl:5.34,vary-two,DateTime,,JSON::PP,4.16,Types::Serialiser,1.01
perl:5.34,vary-two,DateTime,,JSON::PP,4.16,common::sense,3.75
perl:5.34,vary-two,DateTime,,JSON::PP,4.16,B::Hooks::EndOfScope,0.26
perl:5.34,vary-two,DateTime,,JSON::PP,4.16,B::Hooks::EndOfScope,0.28
perl:5.34,vary-two,DateTime,,JSON::PP,4.16,Sub::Exporter,0.989
perl:5.34,vary-two,DateTime,,JSON::PP,4.16,Sub::Exporter,0.991
perl:5.34,vary-two,DateTime,,JSON::PP,4.16,Sub::Identify,0.14
perl:5.34,vary-two,DateTime,,JSON::PP,4.16,Sub::Quote,2.006006
perl:5.34,vary-two,DateTime,,JSON::PP,4.16,Sub::Quote,2.006008
perl:5.34,vary-two,DateTime,,JSON::PP,4.16,Class::Method::Modifiers,2.15
perl:5.34,vary-two,DateTime,,JSON::PP,4.16,Role::Tiny,2.002004
perl:5.34,vary-two,DateTime,,JSON::PP,4.16,Role::Tiny,2.002005
perl:5.34,vary-two,DateTime,,JSON::PP,4.16,Devel::StackTrace,2.04
perl:5.34,vary-two,DateTime,,JSON::PP,4.16,Devel::StackTrace,2.05
perl:5.34,vary-two,DateTime,,JSON::PP,4.16,Eval::Closure,0.14
perl:5.34,vary-two,DateTime,,JSON::PP,4.16,Package::Stash,0.39
perl:5.34,vary-two,DateTime,,JSON::PP,4.16,Package::Stash,0.40
perl:5.34,vary-two,DateTime,,JSON::PP,4.16,Params::Util,1.102
perl:5.34,vary-two,DateTime,,JSON::PP,4.16,Data::OptList,0.114
perl:5.34,vary-two,DateTime,,JSON::PP,4.16,MRO::Compat,0.15
perl:5.34,vary-two,DateTime,,JSON::PP,4.16,Exporter::Tiny,1.006002
perl:5.34,vary-two,DateTime,,JSON::PP,4.16,Exporter::Tiny,1.006003
perl:5.34,vary-two,DateTime,,JSON::PP,4.16,List::Util,1.63
perl:5.34,vary-two,DateTime,,JSON::PP,4.16,List::Util,1.64
perl:5.34,vary-two,DateTime,,JSON::PP,4.16,Scalar::List::Utils,1.63
perl:5.34,vary-two,DateTime,,JSON::PP,4.16,Scalar::List::Utils,1.64
perl:5.34,vary-two,DateTime,,JSON::PP,4.16,XSLoader,0.32
perl:5.34,vary-two,DateTime,,JSON::PP,4.16,Carp,1.50
perl:5.34,vary-two,DateTime,,JSON::PP,4.16,Carp,1.52
perl:5.34,vary-two,DateTime,,JSON::PP,4.16,File::Temp,0.2311
perl:5.34,vary-two,DateTime,,JSON::PP,4.16,File::Spec,3.88
perl:5.34,vary-two,DateTime,,JSON::PP,4.16,ExtUtils::MakeMaker,7.70
perl:5.34,vary-two,DateTime,,JSON::PP,4.16,ExtUtils::MakeMaker,7.76
perl:5.34,vary-two,DateTime,,JSON::PP,4.16,Module::Build,0.4234
perl:5.34,vary-two,DateTime,,JSON::PP,4.16,CPAN::Meta,2.150010
perl:5.34,vary-two,DateTime,,JSON::PP,4.16,CPAN::Meta::Requirements,2.143
perl:5.34,vary-two,DateTime,,JSON::PP,4.16,Parse::CPAN::Meta,2.150010
perl:5.34,vary-two,DateTime,,JSON::PP,4.16,YAML::Tiny,1.76
perl:5.34,vary-two,DateTime,,JSON::PP,4.16,YAML::Tiny,1.77
perl:5.34,vary-two,DateTime,,JSON::PP,4.16,Path::Tiny,0.144
perl:5.34,vary-two,DateTime,,JSON::PP,4.16,Path::Tiny,0.150
perl:5.34,vary-two,DateTime,,JSON::PP,4.16,Capture::Tiny,0.48
perl:5.34,vary-two,DateTime,,JSON::PP,4.16,File::Slurp,9999.32
perl:5.34,vary-two,DateTime,,JSON::PP,4.16,DBI,1.643
perl:5.34,vary-two,DateTime,,JSON::PP,4.16,DBI,1.647
perl:5.34,vary-two,DateTime,,JSON::PP,4.16,Plack,1.0050
perl:5.34,vary-two,DateTime,,JSON::PP,4.16,Template,3.101
perl:5.34,vary-two,DateTime,,JSON::PP,4.17,Cpanel::JSON::XS,4.35
perl:5.34,vary-two,DateTime,,JSON::PP,4.17,Cpanel::JSON::XS,4.39
perl:5.34,vary-two,DateTime,,JSON::PP,4.17,Types::Serialiser,1.01
perl:5.34,vary-two,DateTime,,JSON::PP,4.17,common::sense,3.75
perl:5.34,vary-two,DateTime,,JSON::PP,4.17,B::Hooks::EndOfScope,0.26
perl:5.34,vary-two,DateTime,,JSON::PP,4.17,B::Hooks::EndOfScope,0.28
perl:5.34,vary-two,DateTime,,JSON::PP,4.17,Sub::Exporter,0.989
perl:5.34,vary-two,DateTime,,JSON::PP,4.17,Sub::Exporter,0.991
perl:5.34,vary-two,DateTime,,JSON::PP,4.17,Sub::Identify,0.14
perl:5.34,vary-two,DateTime,,JSON::PP,4.17,Sub::Quote,2.006006
perl:5.34,vary-two,DateTime,,JSON::PP,4.17,Sub::Quote,2.006008
perl:5.34,vary-two,DateTime,,JSON::PP,4.17,Class::Method::Modifiers,2.15
perl:5.34,vary-two,DateTime,,JSON::PP,4.17,Role::Tiny,2.002004
perl:5.34,vary-two,DateTime,,JSON::PP,4.17,Role::Tiny,2.002005
perl:5.34,vary-two,DateTime,,JSON::PP,4.17,Devel::StackTrace,2.04
perl:5.34,vary-two,DateTime,,JSON::PP,4.17,Devel::StackTrace,2.05
perl:5.34,vary-two,DateTime,,JSON::PP,4.17,Eval::Closure,0.14
perl:5.34,vary-two,DateTime,,JSON::PP,4.17,Package::Stash,0.39
perl:5.34,vary-two,DateTime,,JSON::PP,4.17,Package::Stash,0.40
perl:5.34,vary-two,DateTime,,JSON::PP,4.17,Params::Util,1.102
perl:5.34,vary-two,DateTime,,JSON::PP,4.17,Data::OptList,0.114
perl:5.34,vary-two,DateTime,,JSON::PP,4.17,MRO::Compat,0.15
perl:5.34,vary-two,DateTime,,JSON::PP,4.17,Exporter::Tiny,1.006002
perl:5.34,vary-two,DateTime,,JSON::PP,4.17,Exporter::Tiny,1.006003
perl:5.34,vary-two,DateTime,,JSON::PP,4.17,List::Util,1.63
perl:5.34,vary-two,DateTime,,JSON::PP,4.17,List::Util,1.64
perl:5.34,vary-two,DateTime,,JSON::PP,4.17,Scalar::List::Utils,1.63
perl:5.34,vary-two,DateTime,,JSON::PP,4.17,Scalar::List::Utils,1.64
perl:5.34,vary-two,DateTime,,JSON::PP,4.17,XSLoader,0.32
perl:5.34,vary-two,DateTime,,JSON::PP,4.17,Carp,1.50
perl:5.34,vary-two,DateTime,,JSON::PP,4.17,Carp,1.52
perl:5.34,vary-two,DateTime,,JSON::PP,4.17,File::Temp,0.2311
perl:5.34,vary-two,DateTime,,JSON::PP,4.17,File::Spec,3.88
perl:5.34,vary-two,DateTime,,JSON::PP,4.17,ExtUtils::MakeMaker,7.70
perl:5.34,vary-two,DateTime,,JSON::PP,4.17,ExtUtils::MakeMaker,7.76
perl:5.34,vary-two,DateTime,,JSON::PP,4.17,Module::Build,0.4234
perl:5.34,vary-two,DateTime,,JSON::PP,4.17,CPAN::Meta,2.150010
perl:5.34,vary-two,DateTime,,JSON::PP,4.17,CPAN::Meta::Requirements,2.143
perl:5.34,vary-two,DateTime,,JSON::PP,4.17,Parse::CPAN::Meta,2.150010
perl:5.34,vary-two,DateTime,,JSON::PP,4.17,YAML::Tiny,1.76
perl:5.34,vary-two,DateTime,,JSON::PP,4.17,YAML::Tiny,1.77
perl:5.34,vary-two,DateTime,,JSON::PP,4.17,Path::Tiny,0.144
perl:5.34,vary-two,DateTime,,JSON::PP,4.17,Path::Tiny,0.150
perl:5.34,vary-two,DateTime,,JSON::PP,4.17,Capture::Tiny,0.48
perl:5.34,vary-two,DateTime,,JSON::PP,4.17,File::Slurp,9999.32
perl:5.34,vary-two,DateTime,,JSON::PP,4.17,DBI,1.643
perl:5.34,vary-two,DateTime,,JSON::PP,4.17,DBI,1.647
perl:5.34,vary-two,DateTime,,JSON::PP,4.17,Plack,1.0050
perl:5.34,vary-two,DateTime,,JSON::PP,4.17,Template,3.101
perl:5.34,vary-two,DateTime,,Cpanel::JSON::XS,4.35,Types::Serialiser,1.01
perl:5.34,vary-two,DateTime,,Cpanel::JSON::XS,4.35,common::sense,3.75
perl:5.34,vary-two,DateTime,,Cpanel::JSON::XS,4.35,B::Hooks::EndOfScope,0.26
perl:5.34,vary-two,DateTime,,Cpanel::JSON::XS,4.35,B::Hooks::EndOfScope,0.28
perl:5.34,vary-two,DateTime,,Cpanel::JSON::XS,4.35,Sub::Exporter,0.989
perl:5.34,vary-two,DateTime,,Cpanel::JSON::XS,4.35,Sub::Exporter,0.991
perl:5.34,vary-two,DateTime,,Cpanel::JSON::XS,4.35,Sub::Identify,0.14
perl:5.34,vary-two,DateTime,,Cpanel::JSON::XS,4.35,Sub::Quote,2.006006
perl:5.34,vary-two,DateTime,,Cpanel::JSON::XS,4.35,Sub::Quote,2.006008
perl:5.34,vary-two,DateTime,,Cpanel::JSON::XS,4.35,Class::Method::Modifiers,2.15
perl:5.34,vary-two,DateTime,,Cpanel::JSON::XS,4.35,Role::Tiny,2.002004
perl:5.34,vary-two,DateTime,,Cpanel::JSON::XS,4.35,Role::Tiny,2.002005
perl:5.34,vary-two,DateTime,,Cpanel::JSON::XS,4.35,Devel::StackTrace,2.04
perl:5.34,vary-two,DateTime,,Cpanel::JSON::XS,4.35,Devel::StackTrace,2.05
perl:5.34,vary-two,DateTime,,Cpanel::JSON::XS,4.35,Eval::Closure,0.14
perl:5.34,vary-two,DateTime,,Cpanel::JSON::XS,4.35,Package::Stash,0.39
perl:5.34,vary-two,DateTime,,Cpanel::JSON::XS,4.35,Package::Stash,0.40
perl:5.34,vary-two,DateTime,,Cpanel::JSON::XS,4.35,Params::Util,1.102
perl:5.34,vary-two,DateTime,,Cpanel::JSON::XS,4.35,Data::OptList,0.114
perl:5.34,vary-two,DateTime,,Cpanel::JSON::XS,4.35,MRO::Compat,0.15
perl:5.34,vary-two,DateTime,,Cpanel::JSON::XS,4.35,Exporter::Tiny,1.006002
perl:5.34,vary-two,DateTime,,Cpanel::JSON::XS,4.35,Exporter::Tiny,1.006003
perl:5.34,vary-two,DateTime,,Cpanel::JSON::XS,4.35,List::Util,1.63
perl:5.34,vary-two,DateTime,,Cpanel::JSON::XS,4.35,List::Util,1.64
perl:5.34,vary-two,DateTime,,Cpanel::JSON::XS,4.35,Scalar::List::Utils,1.63
perl:5.34,vary-two,DateTime,,Cpanel::JSON::XS,4.35,Scalar::List::Utils,1.64
perl:5.34,vary-two,DateTime,,Cpanel::JSON::XS,4.35,XSLoader,0.32
perl:5.34,vary-two,DateTime,,Cpanel::JSON::XS,4.35,Carp,1.50
perl:5.34,vary-two,DateTime,,Cpanel::JSON::XS,4.35,Carp,1.52
perl:5.34,vary-two,DateTime,,Cpanel::JSON::XS,4.35,File::Temp,0.2311
perl:5.34,vary-two,DateTime,,Cpanel::JSON::XS,4.35,File::Spec,3.88
perl:5.34,vary-two,DateTime,,Cpanel::JSON::XS,4.35,ExtUtils::MakeMaker,7.70
perl:5.34,vary-two,DateTime,,Cpanel::JSON::XS,4.35,ExtUtils::MakeMaker,7.76
perl:5.34,vary-two,DateTime,,Cpanel::JSON::XS,4.35,Module::Build,0.4234
perl:5.34,vary-two,DateTime,,Cpanel::JSON::XS,4.35,CPAN::Meta,2.150010
perl:5.34,vary-two,DateTime,,Cpanel::JSON::XS,4.35,CPAN::Meta::Requirements,2.143
perl:5.34,vary-two,DateTime,,Cpanel::JSON::XS,4.35,Parse::CPAN::Meta,2.150010
perl:5.34,vary-two,DateTime,,Cpanel::JSON::XS,4.35,YAML::Tiny,1.76
perl:5.34,vary-two,DateTime,,Cpanel::JSON::XS,4.35,YAML::Tiny,1.77
perl:5.34,vary-two,DateTime,,Cpanel::JSON::XS,4.35,Path::Tiny,0.144
perl:5.34,vary-two,DateTime,,Cpanel::JSON::XS,4.35,Path::Tiny,0.150
perl:5.34,vary-two,DateTime,,Cpanel::JSON::XS,4.35,Capture::Tiny,0.48
perl:5.34,vary-two,DateTime,,Cpanel::JSON::XS,4.35,File::Slurp,9999.32
perl:5.34,vary-two,DateTime,,Cpanel::JSON::XS,4.35,DBI,1.643
perl:5.34,vary-two,DateTime,,Cpanel::JSON::XS,4.35,DBI,1.647
perl:5.34,vary-two,DateTime,,Cpanel::JSON::XS,4.35,Plack,1.0050
perl:5.34,vary-two,DateTime,,Cpanel::JSON::XS,4.35,Template,3.101
perl:5.34,vary-two,DateTime,,Cpanel::JSON::XS,4.39,Types::Serialiser,1.01
perl:5.34,vary-two,DateTime,,Cpanel::JSON::XS,4.39,common::sense,3.75
perl:5.34,vary-two,DateTime,,Cpanel::JSON::XS,4.39,B::Hooks::EndOfScope,0.26
perl:5.34,vary-two,DateTime,,Cpanel::JSON::XS,4.39,B::Hooks::EndOfScope,0.28
perl:5.34,vary-two,DateTime,,Cpanel::JSON::XS,4.39,Sub::Exporter,0.989
perl:5.34,vary-two,DateTime,,Cpanel::JSON::XS,4.39,Sub::Exporter,0.991
perl:5.34,vary-two,DateTime,,Cpanel::JSON::XS,4.39,Sub::Identify,0.14
perl:5.34,vary-two,DateTime,,Cpanel::JSON::XS,4.39,Sub::Quote,2.006006
perl:5.34,vary-two,DateTime,,Cpanel::JSON::XS,4.39,Sub::Quote,2.006008
perl:5.34,vary-two,DateTime,,Cpanel::JSON::XS,4.39,Class::Method::Modifiers,2.15
perl:5.34,vary-two,DateTime,,Cpanel::JSON::XS,4.39,Role::Tiny,2.002004
perl:5.34,vary-two,DateTime,,Cpanel::JSON::XS,4.39,Role::Tiny,2.002005
perl:5.34,vary-two,DateTime,,Cpanel::JSON::XS,4.39,Devel::StackTrace,2.04
perl:5.34,vary-two,DateTime,,Cpanel::JSON::XS,4.39,Devel::StackTrace,2.05
perl:5.34,vary-two,DateTime,,Cpanel::JSON::XS,4.39,Eval::Closure,0.14
perl:5.34,vary-two,DateTime,,Cpanel::JSON::XS,4.39,Package::Stash,0.39
perl:5.34,vary-two,DateTime,,Cpanel::JSON::XS,4.39,Package::Stash,0.40
perl:5.34,vary-two,DateTime,,Cpanel::JSON::XS,4.39,Params::Util,1.102
perl:5.34,vary-two,DateTime,,Cpanel::JSON::XS,4.39,Data::OptList,0.114
perl:5.34,vary-two,DateTime,,Cpanel::JSON::XS,4.39,MRO::Compat,0.15
perl:5.34,vary-two,DateTime,,Cpanel::JSON::XS,4.39,Exporter::Tiny,1.006002
perl:5.34,vary-two,DateTime,,Cpanel::JSON::XS,4.39,Exporter::Tiny,1.006003
perl:5.34,vary-two,DateTime,,Cpanel::JSON::XS,4.39,List::Util,1.63
perl:5.34,vary-two,DateTime,,Cpanel::JSON::XS,4.39,List::Util,1.64
perl:5.34,vary-two,DateTime,,Cpanel::JSON::XS,4.39,Scalar::List::Utils,1.63
perl:5.34,vary-two,DateTime,,Cpanel::JSON::XS,4.39,Scalar::List::Utils,1.64
perl:5.34,vary-two,DateTime,,Cpanel::JSON::XS,4.39,XSLoader,0.32
perl:5.34,vary-two,DateTime,,Cpanel::JSON::XS,4.39,Carp,1.50
perl:5.34,vary-two,DateTime,,Cpanel::JSON::XS,4.39,Carp,1.52
perl:5.34,vary-two,DateTime,,Cpanel::JSON::XS,4.39,File::Temp,0.2311
perl:5.34,vary-two,DateTime,,Cpanel::JSON::XS,4.39,File::Spec,3.88
perl:5.34,vary-two,DateTime,,Cpanel::JSON::XS,4.39,ExtUtils::MakeMaker,7.70
perl:5.34,vary-two,DateTime,,Cpanel::JSON::XS,4.39,ExtUtils::MakeMaker,7.76
perl:5.34,vary-two,DateTime,,Cpanel::JSON::XS,4.39,Module::Build,0.4234
perl:5.34,vary-two,DateTime,,Cpanel::JSON::XS,4.39,CPAN::Meta,2.150010
perl:5.34,vary-two,DateTime,,Cpanel::JSON::XS,4.39,CPAN::Meta::Requirements,2.143
perl:5.34,vary-two,DateTime,,Cpanel::JSON::XS,4.39,Parse::CPAN::Meta,2.150010
perl:5.34,vary-two,DateTime,,Cpanel::JSON::XS,4.39,YAML::Tiny,1.76
perl:5.34,vary-two,DateTime,,Cpanel::JSON::XS,4.39,YAML::Tiny,1.77
perl:5.34,vary-two,DateTime,,Cpanel::JSON::XS,4.39,Path::Tiny,0.144
perl:5.34,vary-two,DateTime,,Cpanel::JSON::XS,4.39,Path::Tiny,0.150
perl:5.34,vary-two,DateTime,,Cpanel::JSON::XS,4.39,Capture::Tiny,0.48
perl:5.34,vary-two,DateTime,,Cpanel::JSON::XS,4.39,File::Slurp,9999.32
perl:5.34,vary-two,DateTime,,Cpanel::JSON::XS,4.39,DBI,1.643
perl:5.34,vary-two,DateTime,,Cpanel::JSON::XS,4.39,DBI,1.647
perl:5.34,vary-two,DateTime,,Cpanel::JSON::XS,4.39,Plack,1.0050
perl:5.34,vary-two,DateTime,,Cpanel::JSON::XS,4.39,Template,3.101
perl:5.34,vary-two,DateTime,,Types::Serialiser,1.01,common::sense,3.75
perl:5.34,vary-two,DateTime,,Types::Serialiser,1.01,B::Hooks::EndOfScope,0.26
perl:5.34,vary-two,DateTime,,Types::Serialiser,1.01,B::Hooks::EndOfScope,0.28
perl:5.34,vary-two,DateTime,,Types::Serialiser,1.01,Sub::Exporter,0.989
perl:5.34,vary-two,DateTime,,Types::Serialiser,1.01,Sub::Exporter,0.991
perl:5.34,vary-two,DateTime,,Types::Serialiser,1.01,Sub::Identify,0.14
perl:5.34,vary-two,DateTime,,Types::Serialiser,1.01,Sub::Quote,2.006006
perl:5.34,vary-two,DateTime,,Types::Serialiser,1.01,Sub::Quote,2.006008
perl:5.34,vary-two,DateTime,,Types::Serialiser,1.01,Class::Method::Modifiers,2.15
perl:5.34,vary-two,DateTime,,Types::Serialiser,1.01,Role::Tiny,2.002004
perl:5.34,vary-two,DateTime,,Types::Serialiser,1.01,Role::Tiny,2.002005
perl:5.34,vary-two,DateTime,,Types::Serialiser,1.01,Devel::StackTrace,2.04
perl:5.34,vary-two,DateTime,,Types::Serialiser,1.01,Devel::StackTrace,2.05
perl:5.34,vary-two,DateTime,,Types::Serialiser,1.01,Eval::Closure,0.14
perl:5.34,vary-two,DateTime,,Types::Serialiser,1.01,Package::Stash,0.39
perl:5.34,vary-two,DateTime,,Types::Serialiser,1.01,Package::Stash,0.40
perl:5.34,vary-two,DateTime,,Types::Serialiser,1.01,Params::Util,1.102
perl:5.34,vary-two,DateTime,,Types::Serialiser,1.01,Data::OptList,0.114
perl:5.34,vary-two,DateTime,,Types::Serialiser,1.01,MRO::Compat,0.15
perl:5.34,vary-two,DateTime,,Types::Serialiser,1.01,Exporter::Tiny,1.006002
perl:5.34,vary-two,DateTime,,Types::Serialiser,1.01,Exporter::Tiny,1.006003
perl:5.34,vary-two,DateTime,,Types::Serialiser,1.01,List::Util,1.63
perl:5.34,vary-two,DateTime,,Types::Serialiser,1.01,List::Util,1.64
perl:5.34,vary-two,DateTime,,Types::Serialiser,1.01,Scalar::List::Utils,1.63
perl:5.34,vary-two,DateTime,,Types::Serialiser,1.01,Scalar::List::Utils,1.64
perl:5.34,vary-two,DateTime,,Types::Serialiser,1.01,XSLoader,0.32
perl:5.34,vary-two,DateTime,,Types::Serialiser,1.01,Carp,1.50
perl:5.34,vary-two,DateTime,,Types::Serialiser,1.01,Carp,1.52
perl:5.34,vary-two,DateTime,,Types::Serialiser,1.01,File::Temp,0.2311
perl:5.34,vary-two,DateTime,,Types::Serialiser,1.01,File::Spec,3.88
perl:5.34,vary-two,DateTime,,Types::Serialiser,1.01,ExtUtils::MakeMaker,7.70
perl:5.34,vary-two,DateTime,,Types::Serialiser,1.01,ExtUtils::MakeMaker,7.76
perl:5.34,vary-two,DateTime,,Types::Serialiser,1.01,Module::Build,0.4234
perl:5.34,vary-two,DateTime,,Types::Serialiser,1.01,CPAN::Meta,2.150010
perl:5.34,vary-two,DateTime,,Types::Serialiser,1.01,CPAN::Meta::Requirements,2.143
perl:5.34,vary-two,DateTime,,Types::Serialiser,1.01,Parse::CPAN::Meta,2.150010
perl:5.34,vary-two,DateTime,,Types::Serialiser,1.01,YAML::Tiny,1.76
perl:5.34,vary-two,DateTime,,Types::Serialiser,1.01,YAML::Tiny,1.77
perl:5.34,vary-two,DateTime,,Types::Serialiser,1.01,Path::Tiny,0.144
perl:5.34,vary-two,DateTime,,Types::Serialiser,1.01,Path::Tiny,0.150
perl:5.34,vary-two,DateTime,,Types::Serialiser,1.01,Capture::Tiny,0.48
perl:5.34,vary-two,DateTime,,Types::Serialiser,1.01,File::Slurp,9999.32
perl:5.34,vary-two,DateTime,,Types::Serialiser,1.01,DBI,1.643
perl:5.34,vary-two,DateTime,,Types::Serialiser,1.01,DBI,1.647
perl:5.34,vary-two,DateTime,,Types::Serialiser,1.01,Plack,1.0050
perl:5.34,vary-two,DateTime,,Types::Serialiser,1.01,Template,3.101
perl:5.34,vary-two,DateTime,,common::sense,3.75,B::Hooks::EndOfScope,0.26
perl:5.34,vary-two,DateTime,,common::sense,3.75,B::Hooks::EndOfScope,0.28
perl:5.34,vary-two,DateTime,,common::sense,3.75,Sub::Exporter,0.989
perl:5.34,vary-two,DateTime,,common::sense,3.75,Sub::Exporter,0.991
perl:5.34,vary-two,DateTime,,common::sense,3.75,Sub::Identify,0.14
perl:5.34,vary-two,DateTime,,common::sense,3.75,Sub::Quote,2.006006
perl:5.34,vary-two,DateTime,,common::sense,3.75,Sub::Quote,2.006008
perl:5.34,vary-two,DateTime,,common::sense,3.75,Class::Method::Modifiers,2.15
perl:5.34,vary-two,DateTime,,common::sense,3.75,Role::Tiny,2.002004
perl:5.34,vary-two,DateTime,,common::sense,3.75,Role::Tiny,2.002005
perl:5.34,vary-two,DateTime,,common::sense,3.75,Devel::StackTrace,2.04
perl:5.34,vary-two,DateTime,,common::sense,3.75,Devel::StackTrace,2.05
perl:5.34,vary-two,DateTime,,common::sense,3.75,Eval::Closure,0.14
perl:5.34,vary-two,DateTime,,common::sense,3.75,Package::Stash,0.39
perl:5.34,vary-two,DateTime,,common::sense,3.75,Package::Stash,0.40
perl:5.34,vary-two,DateTime,,common::sense,3.75,Params::Util,1.102
perl:5.34,vary-two,DateTime,,common::sense,3.75,Data::OptList,0.114
perl:5.34,vary-two,DateTime,,common::sense,3.75,MRO::Compat,0.15
perl:5.34,vary-two,DateTime,,common::sense,3.75,Exporter::Tiny,1.006002
perl:5.34,vary-two,DateTime,,common::sense,3.75,Exporter::Tiny,1.006003
perl:5.34,vary-two,DateTime,,common::sense,3.75,List::Util,1.63
perl:5.34,vary-two,DateTime,,common::sense,3.75,List::Util,1.64
perl:5.34,vary-two,DateTime,,common::sense,3.75,Scalar::List::Utils,1.63
perl:5.34,vary-two,DateTime,,common::sense,3.75,Scalar::List::Utils,1.64
perl:5.34,vary-two,DateTime,,common::sense,3.75,XSLoader,0.32
perl:5.34,vary-two,DateTime,,common::sense,3.75,Carp,1.50
perl:5.34,vary-two,DateTime,,common::sense,3.75,Carp,1.52
perl:5.34,vary-two,DateTime,,common::sense,3.75,File::Temp,0.2311
perl:5.34,vary-two,DateTime,,common::sense,3.75,File::Spec,3.88
perl:5.34,vary-two,DateTime,,common::sense,3.75,ExtUtils::MakeMaker,7.70
perl:5.34,vary-two,DateTime,,common::sense,3.75,ExtUtils::MakeMaker,7.76
perl:5.34,vary-two,DateTime,,common::sense,3.75,Module::Build,0.4234
perl:5.34,vary-two,DateTime,,common::sense,3.75,CPAN::Meta,2.150010
perl:5.34,vary-two,DateTime,,common::sense,3.75,CPAN::Meta::Requirements,2.143
perl:5.34,vary-two,DateTime,,common::sense,3.75,Parse::CPAN::Meta,2.150010
perl:5.34,vary-two,DateTime,,common::sense,3.75,YAML::Tiny,1.76
perl:5.34,vary-two,DateTime,,common::sense,3.75,YAML::Tiny,1.77
perl:5.34,vary-two,DateTime,,common::sense,3.75,Path::Tiny,0.144
perl:5.34,vary-two,DateTime,,common::sense,3.75,Path::Tiny,0.150
perl:5.34,vary-two,DateTime,,common::sense,3.75,Capture::Tiny,0.48
perl:5.34,vary-two,DateTime,,common::sense,3.75,File::Slurp,9999.32
perl:5.34,vary-two,DateTime,,common::sense,3.75,DBI,1.643
perl:5.34,vary-two,DateTime,,common::sense,3.75,DBI,1.647
perl:5.34,vary-two,DateTime,,common::sense,3.75,Plack,1.0050
perl:5.34,vary-two,DateTime,,common::sense,3.75,Template,3.101
perl:5.34,vary-two,DateTime,,B::Hooks::EndOfScope,0.26,Sub::Exporter,0.989
perl:5.34,vary-two,DateTime,,B::Hooks::EndOfScope,0.26,Sub::Exporter,0.991
perl:5.34,vary-two,DateTime,,B::Hooks::EndOfScope,0.26,Sub::Identify,0.14
perl:5.34,vary-two,DateTime,,B::Hooks::EndOfScope,0.26,Sub::Quote,2.006006
perl:5.34,vary-two,DateTime,,B::Hooks::EndOfScope,0.26,Sub::Quote,2.006008
perl:5.34,vary-two,DateTime,,B::Hooks::EndOfScope,0.26,Class::Method::Modifiers,2.15
perl:5.34,vary-two,DateTime,,B::Hooks::EndOfScope,0.26,Role::Tiny,2.002004
perl:5.34,vary-two,DateTime,,B::Hooks::EndOfScope,0.26,Role::Tiny,2.002005
perl:5.34,vary-two,DateTime,,B::Hooks::EndOfScope,0.26,Devel::StackTrace,2.04
perl:5.34,vary-two,DateTime,,B::Hooks::EndOfScope,0.26,Devel::StackTrace,2.05
perl:5.34,vary-two,DateTime,,B::Hooks::EndOfScope,0.26,Eval::Closure,0.14
perl:5.34,vary-two,DateTime,,B::Hooks::EndOfScope,0.26,Package::Stash,0.39
perl:5.34,vary-two,DateTime,,B::Hooks::EndOfScope,0.26,Package::Stash,0.40
perl:5.34,vary-two,DateTime,,B::Hooks::EndOfScope,0.26,Params::Util,1.102
perl:5.34,vary-two,DateTime,,B::Hooks::EndOfScope,0.26,Data::OptList,0.114
perl:5.34,vary-two,DateTime,,B::Hooks::EndOfScope,0.26,MRO::Compat,0.15
perl:5.34,vary-two,DateTime,,B::Hooks::EndOfScope,0.26,Exporter::Tiny,1.006002
perl:5.34,vary-two,DateTime,,B::Hooks::EndOfScope,0.26,Exporter::Tiny,1.006003
perl:5.34,vary-two,DateTime,,B::Hooks::EndOfScope,0.26,List::Util,1.63
perl:5.34,vary-two,DateTime,,B::Hooks::EndOfScope,0.26,List::Util,1.64
perl:5.34,vary-two,DateTime,,B::Hooks::EndOfScope,0.26,Scalar::List::Utils,1.63
perl:5.34,vary-two,DateTime,,B::Hooks::EndOfScope,0.26,Scalar::List::Utils,1.64
perl:5.34,vary-two,DateTime,,B::Hooks::EndOfScope,0.26,XSLoader,0.32
perl:5.34,vary-two,DateTime,,B::Hooks::EndOfScope,0.26,Carp,1.50
perl:5.34,vary-two,DateTime,,B::Hooks::EndOfScope,0.26,Carp,1.52
perl:5.34,vary-two,DateTime,,B::Hooks::EndOfScope,0.26,File::Temp,0.2311
perl:5.34,vary-two,DateTime,,B::Hooks::EndOfScope,0.26,File::Spec,3.88
perl:5.34,vary-two,DateTime,,B::Hooks::EndOfScope,0.26,ExtUtils::MakeMaker,7.70
perl:5.34,vary-two,DateTime,,B::Hooks::EndOfScope,0.26,ExtUtils::MakeMaker,7.76
perl:5.34,vary-two,DateTime,,B::Hooks::EndOfScope,0.26,Module::Build,0.4234
perl:5.34,vary-two,DateTime,,B::Hooks::EndOfScope,0.26,CPAN::Meta,2.150010
perl:5.34,vary-two,DateTime,,B::Hooks::EndOfScope,0.26,CPAN::Meta::Requirements,2.143
perl:5.34,vary-two,DateTime,,B::Hooks::EndOfScope,0.26,Parse::CPAN::Meta,2.150010
perl:5.34,vary-two,DateTime,,B::Hooks::EndOfScope,0.26,YAML::Tiny,1.76
perl:5.34,vary-two,DateTime,,B::Hooks::EndOfScope,0.26,YAML::Tiny,1.77
perl:5.34,vary-two,DateTime,,B::Hooks::EndOfScope,0.26,Path::Tiny,0.144
perl:5.34,vary-two,DateTime,,B::Hooks::EndOfScope,0.26,Path::Tiny,0.150
perl:5.34,vary-two,DateTime,,B::Hooks::EndOfScope,0.26,Capture::Tiny,0.48
perl:5.34,vary-two,DateTime,,B::Hooks::EndOfScope,0.26,File::Slurp,9999.32
perl:5.34,vary-two,DateTime,,B::Hooks::EndOfScope,0.26,DBI,1.643
perl:5.34,vary-two,DateTime,,B::Hooks::EndOfScope,0.26,DBI,1.647
perl:5.34,vary-two,DateTime,,B::Hooks::EndOfScope,0.26,Plack,1.0050
perl:5.34,vary-two,DateTime,,B::Hooks::EndOfScope,0.26,Template,3.101
perl:5.34,vary-two,DateTime,,B::Hooks::EndOfScope,0.28,Sub::Exporter,0.989
perl:5.34,vary-two,DateTime,,B::Hooks::EndOfScope,0.28,Sub::Exporter,0.991
perl:5.34,vary-two,DateTime,,B::Hooks::EndOfScope,0.28,Sub::Identify,0.14
perl:5.34,vary-two,DateTime,,B::Hooks::EndOfScope,0.28,Sub::Quote,2.006006
perl:5.34,vary-two,DateTime,,B::Hooks::EndOfScope,0.28,Sub::Quote,2.006008
perl:5.34,vary-two,DateTime,,B::Hooks::EndOfScope,0.28,Class::Method::Modifiers,2.15
perl:5.34,vary-two,DateTime,,B::Hooks::EndOfScope,0.28,Role::Tiny,2.002004
perl:5.34,vary-two,DateTime,,B::Hooks::EndOfScope,0.28,Role::Tiny,2.002005
perl:5.34,vary-two,DateTime,,B::Hooks::EndOfScope,0.28,Devel::StackTrace,2.04
perl:5.34,vary-two,DateTime,,B::Hooks::EndOfScope,0.28,Devel::StackTrace,2.05
perl:5.34,vary-two,DateTime,,B::Hooks::EndOfScope,0.28,Eval::Closure,0.14
perl:5.34,vary-two,DateTime,,B::Hooks::EndOfScope,0.28,Package::Stash,0.39
perl:5.34,vary-two,DateTime,,B::Hooks::EndOfScope,0.28,Package::Stash,0.40
perl:5.34,vary-two,DateTime,,B::Hooks::EndOfScope,0.28,Params::Util,1.102
perl:5.34,vary-two,DateTime,,B::Hooks::EndOfScope,0.28,Data::OptList,0.114
perl:5.34,vary-two,DateTime,,B::Hooks::EndOfScope,0.28,MRO::Compat,0.15
perl:5.34,vary-two,DateTime,,B::Hooks::EndOfScope,0.28,Exporter::Tiny,1.006002
perl:5.34,vary-two,DateTime,,B::Hooks::EndOfScope,0.28,Exporter::Tiny,1.006003
perl:5.34,vary-two,DateTime,,B::Hooks::EndOfScope,0.28,List::Util,1.63
perl:5.34,vary-two,DateTime,,B::Hooks::EndOfScope,0.28,List::Util,1.64
perl:5.34,vary-two,DateTime,,B::Hooks::EndOfScope,0.28,Scalar::List::Utils,1.63
perl:5.34,vary-two,DateTime,,B::Hooks::EndOfScope,0.28,Scalar::List::Utils,1.64
perl:5.34,vary-two,DateTime,,B::Hooks::EndOfScope,0.28,XSLoader,0.32
perl:5.34,vary-two,DateTime,,B::Hooks::EndOfScope,0.28,Carp,1.50
perl:5.34,vary-two,DateTime,,B::Hooks::EndOfScope,0.28,Carp,1.52
perl:5.34,vary-two,DateTime,,B::Hooks::EndOfScope,0.28,File::Temp,0.2311
perl:5.34,vary-two,DateTime,,B::Hooks::EndOfScope,0.28,File::Spec,3.88
perl:5.34,vary-two,DateTime,,B::Hooks::EndOfScope,0.28,ExtUtils::MakeMaker,7.70
perl:5.34,vary-two,DateTime,,B::Hooks::EndOfScope,0.28,ExtUtils::MakeMaker,7.76
perl:5.34,vary-two,DateTime,,B::Hooks::EndOfScope,0.28,Module::Build,0.4234
perl:5.34,vary-two,DateTime,,B::Hooks::EndOfScope,0.28,CPAN::Meta,2.150010
perl:5.34,vary-two,DateTime,,B::Hooks::EndOfScope,0.28,CPAN::Meta::Requirements,2.143
perl:5.34,vary-two,DateTime,,B::Hooks::EndOfScope,0.28,Parse::CPAN::Meta,2.150010
perl:5.34,vary-two,DateTime,,B::Hooks::EndOfScope,0.28,YAML::Tiny,1.76
perl:5.34,vary-two,DateTime,,B::Hooks::EndOfScope,0.28,YAML::Tiny,1.77
perl:5.34,vary-two,DateTime,,B::Hooks::EndOfScope,0.28,Path::Tiny,0.144
perl:5.34,vary-two,DateTime,,B::Hooks::EndOfScope,0.28,Path::Tiny,0.150
perl:5.34,vary-two,DateTime,,B::Hooks::EndOfScope,0.28,Capture::Tiny,0.48
perl:5.34,vary-two,DateTime,,B::Hooks::EndOfScope,0.28,File::Slurp,9999.32
perl:5.34,vary-two,DateTime,,B::Hooks::EndOfScope,0.28,DBI,1.643
perl:5.34,vary-two,DateTime,,B::Hooks::EndOfScope,0.28,DBI,1.647
perl:5.34,vary-two,DateTime,,B::Hooks::EndOfScope,0.28,Plack,1.0050
perl:5.34,vary-two,DateTime,,B::Hooks::EndOfScope,0.28,Template,3.101
perl:5.34,vary-two,DateTime,,Sub::Exporter,0.989,Sub::Identify,0.14
perl:5.34,vary-two,DateTime,,Sub::Exporter,0.989,Sub::Quote,2.006006
perl:5.34,vary-two,DateTime,,Sub::Exporter,0.989,Sub::Quote,2.006008
perl:5.34,vary-two,DateTime,,Sub::Exporter,0.989,Class::Method::Modifiers,2.15
perl:5.34,vary-two,DateTime,,Sub::Exporter,0.989,Role::Tiny,2.002004
perl:5.34,vary-two,DateTime,,Sub::Exporter,0.989,Role::Tiny,2.002005
perl:5.34,vary-two,DateTime,,Sub::Exporter,0.989,Devel::StackTrace,2.04
perl:5.34,vary-two,DateTime,,Sub::Exporter,0.989,Devel::StackTrace,2.05
perl:5.34,vary-two,DateTime,,Sub::Exporter,0.989,Eval::Closure,0.14
perl:5.34,vary-two,DateTime,,Sub::Exporter,0.989,Package::Stash,0.39
perl:5.34,vary-two,DateTime,,Sub::Exporter,0.989,Package::Stash,0.40
perl:5.34,vary-two,DateTime,,Sub::Exporter,0.989,Params::Util,1.102
perl:5.34,vary-two,DateTime,,Sub::Exporter,0.989,Data::OptList,0.114
perl:5.34,vary-two,DateTime,,Sub::Exporter,0.989,MRO::Compat,0.15
perl:5.34,vary-two,DateTime,,Sub::Exporter,0.989,Exporter::Tiny,1.006002
perl:5.34,vary-two,DateTime,,Sub::Exporter,0.989,Exporter::Tiny,1.006003
perl:5.34,vary-two,DateTime,,Sub::Exporter,0.989,List::Util,1.63
perl:5.34,vary-two,DateTime,,Sub::Exporter,0.989,List::Util,1.64
perl:5.34,vary-two,DateTime,,Sub::Exporter,0.989,Scalar::List::Utils,1.63
